<?xml version="1.0" encoding="UTF-8"?>

<StructureDefinition xmlns="http://hl7.org/fhir">
  <id value="vaccinationCertificatePV"/>
  <text>
    <status value="extensions"/><div xmlns="http://www.w3.org/1999/xhtml"><table border="0" cellpadding="0" cellspacing="0" style="border: 0px #F0F0F0 solid; font-size: 11px; font-family: verdana; vertical-align: top;"><tr style="border: 1px #F0F0F0 solid; font-size: 11px; font-family: verdana; vertical-align: top"><th style="vertical-align: top; text-align : left; background-color: white; border: 0px #F0F0F0 solid; padding:0px 4px 0px 4px" class="hierarchy"><a href="http://hl7.org/fhir/R4/formats.html#table" title="The logical name of the element">Name</a></th><th style="vertical-align: top; text-align : left; background-color: white; border: 0px #F0F0F0 solid; padding:0px 4px 0px 4px" class="hierarchy"><a href="http://hl7.org/fhir/R4/formats.html#table" title="Information about the use of the element">Flags</a></th><th style="vertical-align: top; text-align : left; background-color: white; border: 0px #F0F0F0 solid; padding:0px 4px 0px 4px" class="hierarchy"><a href="http://hl7.org/fhir/R4/formats.html#table" title="Minimum and Maximum # of times the the element can appear in the instance">Card.</a></th><th style="width: 100px" class="hierarchy"><a href="http://hl7.org/fhir/R4/formats.html#table" title="Reference to the type of the element">Type</a></th><th style="vertical-align: top; text-align : left; background-color: white; border: 0px #F0F0F0 solid; padding:0px 4px 0px 4px" class="hierarchy"><a href="http://hl7.org/fhir/R4/formats.html#table" title="Additional information about the element">Description &amp; Constraints</a><span style="float: right"><a href="http://hl7.org/fhir/R4/formats.html#table" title="Legend for this format"><img src="http://hl7.org/fhir/R4/help16.png" alt="doco" style="background-color: inherit"/></a></span></th></tr><tr style="border: 0px #F0F0F0 solid; padding:0px; vertical-align: top; background-color: white"><td style="vertical-align: top; text-align : left; background-color: white; border: 0px #F0F0F0 solid; padding:0px 4px 0px 4px; white-space: nowrap; background-image: url(tbl_bck1.png)" class="hierarchy"><img src="tbl_spacer.png" alt="." style="background-color: inherit" class="hierarchy"/><img src="icon_element.gif" alt="." style="background-color: white; background-color: inherit" title="Element" class="hierarchy"/> <a href="StructureDefinition-vaccinationCertificatePV-definitions.html#vaccinationCertificate">vaccinationCertificate</a><a name="vaccinationCertificate"> </a></td><td style="vertical-align: top; text-align : left; background-color: white; border: 0px #F0F0F0 solid; padding:0px 4px 0px 4px" class="hierarchy"/><td style="vertical-align: top; text-align : left; background-color: white; border: 0px #F0F0F0 solid; padding:0px 4px 0px 4px" class="hierarchy"><span style="opacity: 0.5">1</span><span style="opacity: 0.5">..</span><span style="opacity: 0.5">1</span></td><td style="vertical-align: top; text-align : left; background-color: white; border: 0px #F0F0F0 solid; padding:0px 4px 0px 4px" class="hierarchy"><a href="StructureDefinition-vaccinationCertificate.html">vaccinationCertificate</a></td><td style="vertical-align: top; text-align : left; background-color: white; border: 0px #F0F0F0 solid; padding:0px 4px 0px 4px" class="hierarchy"><span style="opacity: 0.5">EU Vaccination Certificate</span></td></tr>
<tr style="border: 0px #F0F0F0 solid; padding:0px; vertical-align: top; background-color: #F7F7F7"><td style="vertical-align: top; text-align : left; background-color: #F7F7F7; border: 0px #F0F0F0 solid; padding:0px 4px 0px 4px; white-space: nowrap; background-image: url(tbl_bck11.png)" class="hierarchy"><img src="tbl_spacer.png" alt="." style="background-color: inherit" class="hierarchy"/><img src="tbl_vjoin.png" alt="." style="background-color: inherit" class="hierarchy"/><img src="icon_element.gif" alt="." style="background-color: #F7F7F7; background-color: inherit" title="Element" class="hierarchy"/> <a href="StructureDefinition-vaccinationCertificatePV-definitions.html#vaccinationCertificate.subject">subject</a><a name="vaccinationCertificate.subject"> </a></td><td style="vertical-align: top; text-align : left; background-color: #F7F7F7; border: 0px #F0F0F0 solid; padding:0px 4px 0px 4px" class="hierarchy"><span style="padding-left: 3px; padding-right: 3px; color: white; background-color: red" title="This element must be supported">S</span></td><td style="vertical-align: top; text-align : left; background-color: #F7F7F7; border: 0px #F0F0F0 solid; padding:0px 4px 0px 4px" class="hierarchy"><span style="opacity: 0.5">1</span><span style="opacity: 0.5">..</span><span style="opacity: 0.5">1</span></td><td style="vertical-align: top; text-align : left; background-color: #F7F7F7; border: 0px #F0F0F0 solid; padding:0px 4px 0px 4px" class="hierarchy"><a style="opacity: 0.5" href="http://hl7.org/fhir/R4/datatypes.html#BackboneElement">BackboneElement</a></td><td style="vertical-align: top; text-align : left; background-color: #F7F7F7; border: 0px #F0F0F0 solid; padding:0px 4px 0px 4px" class="hierarchy"><span style="opacity: 0.5">Person identification</span></td></tr>
<tr style="border: 0px #F0F0F0 solid; padding:0px; vertical-align: top; background-color: white"><td style="vertical-align: top; text-align : left; background-color: white; border: 0px #F0F0F0 solid; padding:0px 4px 0px 4px; white-space: nowrap; background-image: url(tbl_bck110.png)" class="hierarchy"><img src="tbl_spacer.png" alt="." style="background-color: inherit" class="hierarchy"/><img src="tbl_vline.png" alt="." style="background-color: inherit" class="hierarchy"/><img src="tbl_vjoin.png" alt="." style="background-color: inherit" class="hierarchy"/><img src="icon_element.gif" alt="." style="background-color: white; background-color: inherit" title="Element" class="hierarchy"/> <a href="StructureDefinition-vaccinationCertificatePV-definitions.html#vaccinationCertificate.subject.name">name</a><a name="vaccinationCertificate.subject.name"> </a></td><td style="vertical-align: top; text-align : left; background-color: white; border: 0px #F0F0F0 solid; padding:0px 4px 0px 4px" class="hierarchy"><span style="padding-left: 3px; padding-right: 3px; color: white; background-color: red" title="This element must be supported">S</span></td><td style="vertical-align: top; text-align : left; background-color: white; border: 0px #F0F0F0 solid; padding:0px 4px 0px 4px" class="hierarchy"><span style="opacity: 0.5">1</span><span style="opacity: 0.5">..</span><span style="opacity: 0.5">*</span></td><td style="vertical-align: top; text-align : left; background-color: white; border: 0px #F0F0F0 solid; padding:0px 4px 0px 4px" class="hierarchy"><a style="opacity: 0.5" href="http://hl7.org/fhir/R4/datatypes.html#HumanName">HumanName</a></td><td style="vertical-align: top; text-align : left; background-color: white; border: 0px #F0F0F0 solid; padding:0px 4px 0px 4px" class="hierarchy"><span style="opacity: 0.5">Person name</span></td></tr>
<tr style="border: 0px #F0F0F0 solid; padding:0px; vertical-align: top; background-color: #F7F7F7"><td style="vertical-align: top; text-align : left; background-color: #F7F7F7; border: 0px #F0F0F0 solid; padding:0px 4px 0px 4px; white-space: nowrap; background-image: url(tbl_bck110.png)" class="hierarchy"><img src="tbl_spacer.png" alt="." style="background-color: inherit" class="hierarchy"/><img src="tbl_vline.png" alt="." style="background-color: inherit" class="hierarchy"/><img src="tbl_vjoin.png" alt="." style="background-color: inherit" class="hierarchy"/><img src="icon_element.gif" alt="." style="background-color: #F7F7F7; background-color: inherit" title="Element" class="hierarchy"/> <span style="text-decoration:line-through">identifier</span><a name="vaccinationCertificate.subject.identifier"> </a></td><td style="vertical-align: top; text-align : left; background-color: #F7F7F7; border: 0px #F0F0F0 solid; padding:0px 4px 0px 4px" class="hierarchy"/><td style="vertical-align: top; text-align : left; background-color: #F7F7F7; border: 0px #F0F0F0 solid; padding:0px 4px 0px 4px" class="hierarchy"><span style="text-decoration:line-through"/><span style="text-decoration:line-through">0</span><span style="text-decoration:line-through">..</span><span style="text-decoration:line-through">0</span></td><td style="vertical-align: top; text-align : left; background-color: #F7F7F7; border: 0px #F0F0F0 solid; padding:0px 4px 0px 4px" class="hierarchy"/><td style="vertical-align: top; text-align : left; background-color: #F7F7F7; border: 0px #F0F0F0 solid; padding:0px 4px 0px 4px" class="hierarchy"/></tr>
<tr style="border: 0px #F0F0F0 solid; padding:0px; vertical-align: top; background-color: white"><td style="vertical-align: top; text-align : left; background-color: white; border: 0px #F0F0F0 solid; padding:0px 4px 0px 4px; white-space: nowrap; background-image: url(tbl_bck110.png)" class="hierarchy"><img src="tbl_spacer.png" alt="." style="background-color: inherit" class="hierarchy"/><img src="tbl_vline.png" alt="." style="background-color: inherit" class="hierarchy"/><img src="tbl_vjoin.png" alt="." style="background-color: inherit" class="hierarchy"/><img src="icon_element.gif" alt="." style="background-color: white; background-color: inherit" title="Element" class="hierarchy"/> <span style="text-decoration:line-through">sex</span><a name="vaccinationCertificate.subject.sex"> </a></td><td style="vertical-align: top; text-align : left; background-color: white; border: 0px #F0F0F0 solid; padding:0px 4px 0px 4px" class="hierarchy"/><td style="vertical-align: top; text-align : left; background-color: white; border: 0px #F0F0F0 solid; padding:0px 4px 0px 4px" class="hierarchy"><span style="text-decoration:line-through"/><span style="text-decoration:line-through">0</span><span style="text-decoration:line-through">..</span><span style="text-decoration:line-through">0</span></td><td style="vertical-align: top; text-align : left; background-color: white; border: 0px #F0F0F0 solid; padding:0px 4px 0px 4px" class="hierarchy"/><td style="vertical-align: top; text-align : left; background-color: white; border: 0px #F0F0F0 solid; padding:0px 4px 0px 4px" class="hierarchy"/></tr>
<tr style="border: 0px #F0F0F0 solid; padding:0px; vertical-align: top; background-color: #F7F7F7"><td style="vertical-align: top; text-align : left; background-color: #F7F7F7; border: 0px #F0F0F0 solid; padding:0px 4px 0px 4px; white-space: nowrap; background-image: url(tbl_bck100.png)" class="hierarchy"><img src="tbl_spacer.png" alt="." style="background-color: inherit" class="hierarchy"/><img src="tbl_vline.png" alt="." style="background-color: inherit" class="hierarchy"/><img src="tbl_vjoin_end.png" alt="." style="background-color: inherit" class="hierarchy"/><img src="icon_element.gif" alt="." style="background-color: #F7F7F7; background-color: inherit" title="Element" class="hierarchy"/> <a href="StructureDefinition-vaccinationCertificatePV-definitions.html#vaccinationCertificate.subject.birthDate">birthDate</a><a name="vaccinationCertificate.subject.birthDate"> </a></td><td style="vertical-align: top; text-align : left; background-color: #F7F7F7; border: 0px #F0F0F0 solid; padding:0px 4px 0px 4px" class="hierarchy"><span style="padding-left: 3px; padding-right: 3px; color: white; background-color: red" title="This element must be supported">S</span></td><td style="vertical-align: top; text-align : left; background-color: #F7F7F7; border: 0px #F0F0F0 solid; padding:0px 4px 0px 4px" class="hierarchy"><span style="opacity: 0.5">0</span><span style="opacity: 0.5">..</span><span style="opacity: 0.5">1</span></td><td style="vertical-align: top; text-align : left; background-color: #F7F7F7; border: 0px #F0F0F0 solid; padding:0px 4px 0px 4px" class="hierarchy"><a style="opacity: 0.5" href="http://hl7.org/fhir/R4/datatypes.html#dateTime">dateTime</a></td><td style="vertical-align: top; text-align : left; background-color: #F7F7F7; border: 0px #F0F0F0 solid; padding:0px 4px 0px 4px" class="hierarchy"><span style="opacity: 0.5">Person date of birth</span></td></tr>
<tr style="border: 0px #F0F0F0 solid; padding:0px; vertical-align: top; background-color: white"><td style="vertical-align: top; text-align : left; background-color: white; border: 0px #F0F0F0 solid; padding:0px 4px 0px 4px; white-space: nowrap; background-image: url(tbl_bck11.png)" class="hierarchy"><img src="tbl_spacer.png" alt="." style="background-color: inherit" class="hierarchy"/><img src="tbl_vjoin.png" alt="." style="background-color: inherit" class="hierarchy"/><img src="icon_element.gif" alt="." style="background-color: white; background-color: inherit" title="Element" class="hierarchy"/> <a href="StructureDefinition-vaccinationCertificatePV-definitions.html#vaccinationCertificate.vaccination">vaccination</a><a name="vaccinationCertificate.vaccination"> </a></td><td style="vertical-align: top; text-align : left; background-color: white; border: 0px #F0F0F0 solid; padding:0px 4px 0px 4px" class="hierarchy"><span style="padding-left: 3px; padding-right: 3px; color: white; background-color: red" title="This element must be supported">S</span></td><td style="vertical-align: top; text-align : left; background-color: white; border: 0px #F0F0F0 solid; padding:0px 4px 0px 4px" class="hierarchy"><span style="opacity: 0.5">1</span><span style="opacity: 0.5">..</span><span style="opacity: 0.5">*</span></td><td style="vertical-align: top; text-align : left; background-color: white; border: 0px #F0F0F0 solid; padding:0px 4px 0px 4px" class="hierarchy"><a style="opacity: 0.5" href="http://hl7.org/fhir/R4/datatypes.html#BackboneElement">BackboneElement</a></td><td style="vertical-align: top; text-align : left; background-color: white; border: 0px #F0F0F0 solid; padding:0px 4px 0px 4px" class="hierarchy"><span style="opacity: 0.5">Vaccination / prophylaxis information</span></td></tr>
<tr style="border: 0px #F0F0F0 solid; padding:0px; vertical-align: top; background-color: #F7F7F7"><td style="vertical-align: top; text-align : left; background-color: #F7F7F7; border: 0px #F0F0F0 solid; padding:0px 4px 0px 4px; white-space: nowrap; background-image: url(tbl_bck110.png)" class="hierarchy"><img src="tbl_spacer.png" alt="." style="background-color: inherit" class="hierarchy"/><img src="tbl_vline.png" alt="." style="background-color: inherit" class="hierarchy"/><img src="tbl_vjoin.png" alt="." style="background-color: inherit" class="hierarchy"/><img src="icon_element.gif" alt="." style="background-color: #F7F7F7; background-color: inherit" title="Element" class="hierarchy"/> <a href="StructureDefinition-vaccinationCertificatePV-definitions.html#vaccinationCertificate.vaccination.targetDisease">targetDisease</a><a name="vaccinationCertificate.vaccination.targetDisease"> </a></td><td style="vertical-align: top; text-align : left; background-color: #F7F7F7; border: 0px #F0F0F0 solid; padding:0px 4px 0px 4px" class="hierarchy"><span style="padding-left: 3px; padding-right: 3px; color: white; background-color: red" title="This element must be supported">S</span></td><td style="vertical-align: top; text-align : left; background-color: #F7F7F7; border: 0px #F0F0F0 solid; padding:0px 4px 0px 4px" class="hierarchy"><span style="opacity: 0.5">0</span><span style="opacity: 0.5">..</span><span style="opacity: 0.5">*</span></td><td style="vertical-align: top; text-align : left; background-color: #F7F7F7; border: 0px #F0F0F0 solid; padding:0px 4px 0px 4px" class="hierarchy"><a style="opacity: 0.5" href="http://hl7.org/fhir/R4/datatypes.html#CodeableConcept">CodeableConcept</a></td><td style="vertical-align: top; text-align : left; background-color: #F7F7F7; border: 0px #F0F0F0 solid; padding:0px 4px 0px 4px" class="hierarchy"><span style="opacity: 0.5">Disease or agent targeted</span></td></tr>
<tr style="border: 0px #F0F0F0 solid; padding:0px; vertical-align: top; background-color: white"><td style="vertical-align: top; text-align : left; background-color: white; border: 0px #F0F0F0 solid; padding:0px 4px 0px 4px; white-space: nowrap; background-image: url(tbl_bck110.png)" class="hierarchy"><img src="tbl_spacer.png" alt="." style="background-color: inherit" class="hierarchy"/><img src="tbl_vline.png" alt="." style="background-color: inherit" class="hierarchy"/><img src="tbl_vjoin.png" alt="." style="background-color: inherit" class="hierarchy"/><img src="icon_element.gif" alt="." style="background-color: white; background-color: inherit" title="Element" class="hierarchy"/> <span style="text-decoration:line-through">vaccineCode</span><a name="vaccinationCertificate.vaccination.vaccineCode"> </a></td><td style="vertical-align: top; text-align : left; background-color: white; border: 0px #F0F0F0 solid; padding:0px 4px 0px 4px" class="hierarchy"/><td style="vertical-align: top; text-align : left; background-color: white; border: 0px #F0F0F0 solid; padding:0px 4px 0px 4px" class="hierarchy"><span style="text-decoration:line-through"/><span style="text-decoration:line-through">0</span><span style="text-decoration:line-through">..</span><span style="text-decoration:line-through">0</span></td><td style="vertical-align: top; text-align : left; background-color: white; border: 0px #F0F0F0 solid; padding:0px 4px 0px 4px" class="hierarchy"/><td style="vertical-align: top; text-align : left; background-color: white; border: 0px #F0F0F0 solid; padding:0px 4px 0px 4px" class="hierarchy"/></tr>
<tr style="border: 0px #F0F0F0 solid; padding:0px; vertical-align: top; background-color: #F7F7F7"><td style="vertical-align: top; text-align : left; background-color: #F7F7F7; border: 0px #F0F0F0 solid; padding:0px 4px 0px 4px; white-space: nowrap; background-image: url(tbl_bck110.png)" class="hierarchy"><img src="tbl_spacer.png" alt="." style="background-color: inherit" class="hierarchy"/><img src="tbl_vline.png" alt="." style="background-color: inherit" class="hierarchy"/><img src="tbl_vjoin.png" alt="." style="background-color: inherit" class="hierarchy"/><img src="icon_element.gif" alt="." style="background-color: #F7F7F7; background-color: inherit" title="Element" class="hierarchy"/> <span style="text-decoration:line-through">vaccineProductName</span><a name="vaccinationCertificate.vaccination.vaccineProductName"> </a></td><td style="vertical-align: top; text-align : left; background-color: #F7F7F7; border: 0px #F0F0F0 solid; padding:0px 4px 0px 4px" class="hierarchy"/><td style="vertical-align: top; text-align : left; background-color: #F7F7F7; border: 0px #F0F0F0 solid; padding:0px 4px 0px 4px" class="hierarchy"><span style="text-decoration:line-through"/><span style="text-decoration:line-through">0</span><span style="text-decoration:line-through">..</span><span style="text-decoration:line-through">0</span></td><td style="vertical-align: top; text-align : left; background-color: #F7F7F7; border: 0px #F0F0F0 solid; padding:0px 4px 0px 4px" class="hierarchy"/><td style="vertical-align: top; text-align : left; background-color: #F7F7F7; border: 0px #F0F0F0 solid; padding:0px 4px 0px 4px" class="hierarchy"/></tr>
<tr style="border: 0px #F0F0F0 solid; padding:0px; vertical-align: top; background-color: white"><td style="vertical-align: top; text-align : left; background-color: white; border: 0px #F0F0F0 solid; padding:0px 4px 0px 4px; white-space: nowrap; background-image: url(tbl_bck110.png)" class="hierarchy"><img src="tbl_spacer.png" alt="." style="background-color: inherit" class="hierarchy"/><img src="tbl_vline.png" alt="." style="background-color: inherit" class="hierarchy"/><img src="tbl_vjoin.png" alt="." style="background-color: inherit" class="hierarchy"/><img src="icon_element.gif" alt="." style="background-color: white; background-color: inherit" title="Element" class="hierarchy"/> <span style="text-decoration:line-through">vaccineMarketingAuthorizationHolder</span><a name="vaccinationCertificate.vaccination.vaccineMarketingAuthorizationHolder"> </a></td><td style="vertical-align: top; text-align : left; background-color: white; border: 0px #F0F0F0 solid; padding:0px 4px 0px 4px" class="hierarchy"/><td style="vertical-align: top; text-align : left; background-color: white; border: 0px #F0F0F0 solid; padding:0px 4px 0px 4px" class="hierarchy"><span style="text-decoration:line-through"/><span style="text-decoration:line-through">0</span><span style="text-decoration:line-through">..</span><span style="text-decoration:line-through">0</span></td><td style="vertical-align: top; text-align : left; background-color: white; border: 0px #F0F0F0 solid; padding:0px 4px 0px 4px" class="hierarchy"/><td style="vertical-align: top; text-align : left; background-color: white; border: 0px #F0F0F0 solid; padding:0px 4px 0px 4px" class="hierarchy"/></tr>
<tr style="border: 0px #F0F0F0 solid; padding:0px; vertical-align: top; background-color: #F7F7F7"><td style="vertical-align: top; text-align : left; background-color: #F7F7F7; border: 0px #F0F0F0 solid; padding:0px 4px 0px 4px; white-space: nowrap; background-image: url(tbl_bck110.png)" class="hierarchy"><img src="tbl_spacer.png" alt="." style="background-color: inherit" class="hierarchy"/><img src="tbl_vline.png" alt="." style="background-color: inherit" class="hierarchy"/><img src="tbl_vjoin.png" alt="." style="background-color: inherit" class="hierarchy"/><img src="icon_element.gif" alt="." style="background-color: #F7F7F7; background-color: inherit" title="Element" class="hierarchy"/> <a href="StructureDefinition-vaccinationCertificatePV-definitions.html#vaccinationCertificate.vaccination.doseNumber">doseNumber</a><a name="vaccinationCertificate.vaccination.doseNumber"> </a></td><td style="vertical-align: top; text-align : left; background-color: #F7F7F7; border: 0px #F0F0F0 solid; padding:0px 4px 0px 4px" class="hierarchy"><span style="padding-left: 3px; padding-right: 3px; color: white; background-color: red" title="This element must be supported">S</span></td><td style="vertical-align: top; text-align : left; background-color: #F7F7F7; border: 0px #F0F0F0 solid; padding:0px 4px 0px 4px" class="hierarchy"><span style="opacity: 0.5">1</span><span style="opacity: 0.5">..</span><span style="opacity: 0.5">1</span></td><td style="vertical-align: top; text-align : left; background-color: #F7F7F7; border: 0px #F0F0F0 solid; padding:0px 4px 0px 4px" class="hierarchy"><a style="opacity: 0.5" href="http://hl7.org/fhir/R4/datatypes.html#BackboneElement">BackboneElement</a></td><td style="vertical-align: top; text-align : left; background-color: #F7F7F7; border: 0px #F0F0F0 solid; padding:0px 4px 0px 4px" class="hierarchy"><span style="opacity: 0.5">Number in a series of vaccinations / doses</span></td></tr>
<tr style="border: 0px #F0F0F0 solid; padding:0px; vertical-align: top; background-color: white"><td style="vertical-align: top; text-align : left; background-color: white; border: 0px #F0F0F0 solid; padding:0px 4px 0px 4px; white-space: nowrap; background-image: url(tbl_bck110.png)" class="hierarchy"><img src="tbl_spacer.png" alt="." style="background-color: inherit" class="hierarchy"/><img src="tbl_vline.png" alt="." style="background-color: inherit" class="hierarchy"/><img src="tbl_vjoin.png" alt="." style="background-color: inherit" class="hierarchy"/><img src="icon_element.gif" alt="." style="background-color: white; background-color: inherit" title="Element" class="hierarchy"/> <span style="text-decoration:line-through">vaccineBatchNumber</span><a name="vaccinationCertificate.vaccination.vaccineBatchNumber"> </a></td><td style="vertical-align: top; text-align : left; background-color: white; border: 0px #F0F0F0 solid; padding:0px 4px 0px 4px" class="hierarchy"/><td style="vertical-align: top; text-align : left; background-color: white; border: 0px #F0F0F0 solid; padding:0px 4px 0px 4px" class="hierarchy"><span style="text-decoration:line-through"/><span style="text-decoration:line-through">0</span><span style="text-decoration:line-through">..</span><span style="text-decoration:line-through">0</span></td><td style="vertical-align: top; text-align : left; background-color: white; border: 0px #F0F0F0 solid; padding:0px 4px 0px 4px" class="hierarchy"/><td style="vertical-align: top; text-align : left; background-color: white; border: 0px #F0F0F0 solid; padding:0px 4px 0px 4px" class="hierarchy"/></tr>
<tr style="border: 0px #F0F0F0 solid; padding:0px; vertical-align: top; background-color: #F7F7F7"><td style="vertical-align: top; text-align : left; background-color: #F7F7F7; border: 0px #F0F0F0 solid; padding:0px 4px 0px 4px; white-space: nowrap; background-image: url(tbl_bck110.png)" class="hierarchy"><img src="tbl_spacer.png" alt="." style="background-color: inherit" class="hierarchy"/><img src="tbl_vline.png" alt="." style="background-color: inherit" class="hierarchy"/><img src="tbl_vjoin.png" alt="." style="background-color: inherit" class="hierarchy"/><img src="icon_element.gif" alt="." style="background-color: #F7F7F7; background-color: inherit" title="Element" class="hierarchy"/> <span style="text-decoration:line-through">dateOfVaccination</span><a name="vaccinationCertificate.vaccination.dateOfVaccination"> </a></td><td style="vertical-align: top; text-align : left; background-color: #F7F7F7; border: 0px #F0F0F0 solid; padding:0px 4px 0px 4px" class="hierarchy"/><td style="vertical-align: top; text-align : left; background-color: #F7F7F7; border: 0px #F0F0F0 solid; padding:0px 4px 0px 4px" class="hierarchy"><span style="text-decoration:line-through"/><span style="text-decoration:line-through">0</span><span style="text-decoration:line-through">..</span><span style="text-decoration:line-through">0</span></td><td style="vertical-align: top; text-align : left; background-color: #F7F7F7; border: 0px #F0F0F0 solid; padding:0px 4px 0px 4px" class="hierarchy"/><td style="vertical-align: top; text-align : left; background-color: #F7F7F7; border: 0px #F0F0F0 solid; padding:0px 4px 0px 4px" class="hierarchy"/></tr>
<tr style="border: 0px #F0F0F0 solid; padding:0px; vertical-align: top; background-color: white"><td style="vertical-align: top; text-align : left; background-color: white; border: 0px #F0F0F0 solid; padding:0px 4px 0px 4px; white-space: nowrap; background-image: url(tbl_bck110.png)" class="hierarchy"><img src="tbl_spacer.png" alt="." style="background-color: inherit" class="hierarchy"/><img src="tbl_vline.png" alt="." style="background-color: inherit" class="hierarchy"/><img src="tbl_vjoin.png" alt="." style="background-color: inherit" class="hierarchy"/><img src="icon_element.gif" alt="." style="background-color: white; background-color: inherit" title="Element" class="hierarchy"/> <span style="text-decoration:line-through">administeringCentre</span><a name="vaccinationCertificate.vaccination.administeringCentre"> </a></td><td style="vertical-align: top; text-align : left; background-color: white; border: 0px #F0F0F0 solid; padding:0px 4px 0px 4px" class="hierarchy"/><td style="vertical-align: top; text-align : left; background-color: white; border: 0px #F0F0F0 solid; padding:0px 4px 0px 4px" class="hierarchy"><span style="text-decoration:line-through"/><span style="text-decoration:line-through">0</span><span style="text-decoration:line-through">..</span><span style="text-decoration:line-through">0</span></td><td style="vertical-align: top; text-align : left; background-color: white; border: 0px #F0F0F0 solid; padding:0px 4px 0px 4px" class="hierarchy"/><td style="vertical-align: top; text-align : left; background-color: white; border: 0px #F0F0F0 solid; padding:0px 4px 0px 4px" class="hierarchy"/></tr>
<tr style="border: 0px #F0F0F0 solid; padding:0px; vertical-align: top; background-color: #F7F7F7"><td style="vertical-align: top; text-align : left; background-color: #F7F7F7; border: 0px #F0F0F0 solid; padding:0px 4px 0px 4px; white-space: nowrap; background-image: url(tbl_bck110.png)" class="hierarchy"><img src="tbl_spacer.png" alt="." style="background-color: inherit" class="hierarchy"/><img src="tbl_vline.png" alt="." style="background-color: inherit" class="hierarchy"/><img src="tbl_vjoin.png" alt="." style="background-color: inherit" class="hierarchy"/><img src="icon_element.gif" alt="." style="background-color: #F7F7F7; background-color: inherit" title="Element" class="hierarchy"/> <span style="text-decoration:line-through">healthProfessionalIdentification</span><a name="vaccinationCertificate.vaccination.healthProfessionalIdentification"> </a></td><td style="vertical-align: top; text-align : left; background-color: #F7F7F7; border: 0px #F0F0F0 solid; padding:0px 4px 0px 4px" class="hierarchy"/><td style="vertical-align: top; text-align : left; background-color: #F7F7F7; border: 0px #F0F0F0 solid; padding:0px 4px 0px 4px" class="hierarchy"><span style="text-decoration:line-through"/><span style="text-decoration:line-through">0</span><span style="text-decoration:line-through">..</span><span style="text-decoration:line-through">0</span></td><td style="vertical-align: top; text-align : left; background-color: #F7F7F7; border: 0px #F0F0F0 solid; padding:0px 4px 0px 4px" class="hierarchy"/><td style="vertical-align: top; text-align : left; background-color: #F7F7F7; border: 0px #F0F0F0 solid; padding:0px 4px 0px 4px" class="hierarchy"/></tr>
<tr style="border: 0px #F0F0F0 solid; padding:0px; vertical-align: top; background-color: white"><td style="vertical-align: top; text-align : left; background-color: white; border: 0px #F0F0F0 solid; padding:0px 4px 0px 4px; white-space: nowrap; background-image: url(tbl_bck110.png)" class="hierarchy"><img src="tbl_spacer.png" alt="." style="background-color: inherit" class="hierarchy"/><img src="tbl_vline.png" alt="." style="background-color: inherit" class="hierarchy"/><img src="tbl_vjoin.png" alt="." style="background-color: inherit" class="hierarchy"/><img src="icon_element.gif" alt="." style="background-color: white; background-color: inherit" title="Element" class="hierarchy"/> <span style="text-decoration:line-through">countryOfVaccination</span><a name="vaccinationCertificate.vaccination.countryOfVaccination"> </a></td><td style="vertical-align: top; text-align : left; background-color: white; border: 0px #F0F0F0 solid; padding:0px 4px 0px 4px" class="hierarchy"/><td style="vertical-align: top; text-align : left; background-color: white; border: 0px #F0F0F0 solid; padding:0px 4px 0px 4px" class="hierarchy"><span style="text-decoration:line-through"/><span style="text-decoration:line-through">0</span><span style="text-decoration:line-through">..</span><span style="text-decoration:line-through">0</span></td><td style="vertical-align: top; text-align : left; background-color: white; border: 0px #F0F0F0 solid; padding:0px 4px 0px 4px" class="hierarchy"/><td style="vertical-align: top; text-align : left; background-color: white; border: 0px #F0F0F0 solid; padding:0px 4px 0px 4px" class="hierarchy"/></tr>
<tr style="border: 0px #F0F0F0 solid; padding:0px; vertical-align: top; background-color: #F7F7F7"><td style="vertical-align: top; text-align : left; background-color: #F7F7F7; border: 0px #F0F0F0 solid; padding:0px 4px 0px 4px; white-space: nowrap; background-image: url(tbl_bck100.png)" class="hierarchy"><img src="tbl_spacer.png" alt="." style="background-color: inherit" class="hierarchy"/><img src="tbl_vline.png" alt="." style="background-color: inherit" class="hierarchy"/><img src="tbl_vjoin_end.png" alt="." style="background-color: inherit" class="hierarchy"/><img src="icon_element.gif" alt="." style="background-color: #F7F7F7; background-color: inherit" title="Element" class="hierarchy"/> <span style="text-decoration:line-through">dateNextDose</span><a name="vaccinationCertificate.vaccination.dateNextDose"> </a></td><td style="vertical-align: top; text-align : left; background-color: #F7F7F7; border: 0px #F0F0F0 solid; padding:0px 4px 0px 4px" class="hierarchy"/><td style="vertical-align: top; text-align : left; background-color: #F7F7F7; border: 0px #F0F0F0 solid; padding:0px 4px 0px 4px" class="hierarchy"><span style="text-decoration:line-through"/><span style="text-decoration:line-through">0</span><span style="text-decoration:line-through">..</span><span style="text-decoration:line-through">0</span></td><td style="vertical-align: top; text-align : left; background-color: #F7F7F7; border: 0px #F0F0F0 solid; padding:0px 4px 0px 4px" class="hierarchy"/><td style="vertical-align: top; text-align : left; background-color: #F7F7F7; border: 0px #F0F0F0 solid; padding:0px 4px 0px 4px" class="hierarchy"/></tr>
<tr style="border: 0px #F0F0F0 solid; padding:0px; vertical-align: top; background-color: white"><td style="vertical-align: top; text-align : left; background-color: white; border: 0px #F0F0F0 solid; padding:0px 4px 0px 4px; white-space: nowrap; background-image: url(tbl_bck01.png)" class="hierarchy"><img src="tbl_spacer.png" alt="." style="background-color: inherit" class="hierarchy"/><img src="tbl_vjoin_end.png" alt="." style="background-color: inherit" class="hierarchy"/><img src="icon_element.gif" alt="." style="background-color: white; background-color: inherit" title="Element" class="hierarchy"/> <a href="StructureDefinition-vaccinationCertificatePV-definitions.html#vaccinationCertificate.metaData">metaData</a><a name="vaccinationCertificate.metaData"> </a></td><td style="vertical-align: top; text-align : left; background-color: white; border: 0px #F0F0F0 solid; padding:0px 4px 0px 4px" class="hierarchy"><span style="padding-left: 3px; padding-right: 3px; color: white; background-color: red" title="This element must be supported">S</span></td><td style="vertical-align: top; text-align : left; background-color: white; border: 0px #F0F0F0 solid; padding:0px 4px 0px 4px" class="hierarchy"><span style="opacity: 0.5">1</span><span style="opacity: 0.5">..</span><span style="opacity: 0.5">1</span></td><td style="vertical-align: top; text-align : left; background-color: white; border: 0px #F0F0F0 solid; padding:0px 4px 0px 4px" class="hierarchy"><a style="opacity: 0.5" href="http://hl7.org/fhir/R4/datatypes.html#BackboneElement">BackboneElement</a></td><td style="vertical-align: top; text-align : left; background-color: white; border: 0px #F0F0F0 solid; padding:0px 4px 0px 4px" class="hierarchy"><span style="opacity: 0.5">Certificate metadata</span></td></tr>
<tr style="border: 0px #F0F0F0 solid; padding:0px; vertical-align: top; background-color: #F7F7F7"><td style="vertical-align: top; text-align : left; background-color: #F7F7F7; border: 0px #F0F0F0 solid; padding:0px 4px 0px 4px; white-space: nowrap; background-image: url(tbl_bck010.png)" class="hierarchy"><img src="tbl_spacer.png" alt="." style="background-color: inherit" class="hierarchy"/><img src="tbl_blank.png" alt="." style="background-color: inherit" class="hierarchy"/><img src="tbl_vjoin.png" alt="." style="background-color: inherit" class="hierarchy"/><img src="icon_element.gif" alt="." style="background-color: #F7F7F7; background-color: inherit" title="Element" class="hierarchy"/> <a href="StructureDefinition-vaccinationCertificatePV-definitions.html#vaccinationCertificate.metaData.issuer">issuer</a><a name="vaccinationCertificate.metaData.issuer"> </a></td><td style="vertical-align: top; text-align : left; background-color: #F7F7F7; border: 0px #F0F0F0 solid; padding:0px 4px 0px 4px" class="hierarchy"><span style="padding-left: 3px; padding-right: 3px; color: white; background-color: red" title="This element must be supported">S</span></td><td style="vertical-align: top; text-align : left; background-color: #F7F7F7; border: 0px #F0F0F0 solid; padding:0px 4px 0px 4px" class="hierarchy"><span style="opacity: 0.5">1</span><span style="opacity: 0.5">..</span><span style="opacity: 0.5">1</span></td><td style="vertical-align: top; text-align : left; background-color: #F7F7F7; border: 0px #F0F0F0 solid; padding:0px 4px 0px 4px" class="hierarchy"><a style="opacity: 0.5" href="http://hl7.org/fhir/R4/datatypes.html#CodeableConcept">CodeableConcept</a></td><td style="vertical-align: top; text-align : left; background-color: #F7F7F7; border: 0px #F0F0F0 solid; padding:0px 4px 0px 4px" class="hierarchy"><span style="opacity: 0.5">Certificate Issuer</span></td></tr>
<tr style="border: 0px #F0F0F0 solid; padding:0px; vertical-align: top; background-color: white"><td style="vertical-align: top; text-align : left; background-color: white; border: 0px #F0F0F0 solid; padding:0px 4px 0px 4px; white-space: nowrap; background-image: url(tbl_bck010.png)" class="hierarchy"><img src="tbl_spacer.png" alt="." style="background-color: inherit" class="hierarchy"/><img src="tbl_blank.png" alt="." style="background-color: inherit" class="hierarchy"/><img src="tbl_vjoin.png" alt="." style="background-color: inherit" class="hierarchy"/><img src="icon_element.gif" alt="." style="background-color: white; background-color: inherit" title="Element" class="hierarchy"/> <a href="StructureDefinition-vaccinationCertificatePV-definitions.html#vaccinationCertificate.metaData.certificateId">certificateId</a><a name="vaccinationCertificate.metaData.certificateId"> </a></td><td style="vertical-align: top; text-align : left; background-color: white; border: 0px #F0F0F0 solid; padding:0px 4px 0px 4px" class="hierarchy"><span style="padding-left: 3px; padding-right: 3px; color: white; background-color: red" title="This element must be supported">S</span></td><td style="vertical-align: top; text-align : left; background-color: white; border: 0px #F0F0F0 solid; padding:0px 4px 0px 4px" class="hierarchy"><span style="opacity: 0.5">1</span><span style="opacity: 0.5">..</span><span style="opacity: 0.5">1</span></td><td style="vertical-align: top; text-align : left; background-color: white; border: 0px #F0F0F0 solid; padding:0px 4px 0px 4px" class="hierarchy"><a style="opacity: 0.5" href="http://hl7.org/fhir/R4/datatypes.html#Identifier">Identifier</a></td><td style="vertical-align: top; text-align : left; background-color: white; border: 0px #F0F0F0 solid; padding:0px 4px 0px 4px" class="hierarchy"><span style="opacity: 0.5">Certificate identifier</span></td></tr>
<tr style="border: 0px #F0F0F0 solid; padding:0px; vertical-align: top; background-color: #F7F7F7"><td style="vertical-align: top; text-align : left; background-color: #F7F7F7; border: 0px #F0F0F0 solid; padding:0px 4px 0px 4px; white-space: nowrap; background-image: url(tbl_bck010.png)" class="hierarchy"><img src="tbl_spacer.png" alt="." style="background-color: inherit" class="hierarchy"/><img src="tbl_blank.png" alt="." style="background-color: inherit" class="hierarchy"/><img src="tbl_vjoin.png" alt="." style="background-color: inherit" class="hierarchy"/><img src="icon_element.gif" alt="." style="background-color: #F7F7F7; background-color: inherit" title="Element" class="hierarchy"/> <a href="StructureDefinition-vaccinationCertificatePV-definitions.html#vaccinationCertificate.metaData.startValidity">startValidity</a><a name="vaccinationCertificate.metaData.startValidity"> </a></td><td style="vertical-align: top; text-align : left; background-color: #F7F7F7; border: 0px #F0F0F0 solid; padding:0px 4px 0px 4px" class="hierarchy"><span style="padding-left: 3px; padding-right: 3px; color: white; background-color: red" title="This element must be supported">S</span></td><td style="vertical-align: top; text-align : left; background-color: #F7F7F7; border: 0px #F0F0F0 solid; padding:0px 4px 0px 4px" class="hierarchy"><span style="opacity: 0.5">0</span><span style="opacity: 0.5">..</span><span style="opacity: 0.5">1</span></td><td style="vertical-align: top; text-align : left; background-color: #F7F7F7; border: 0px #F0F0F0 solid; padding:0px 4px 0px 4px" class="hierarchy"><a style="opacity: 0.5" href="http://hl7.org/fhir/R4/datatypes.html#dateTime">dateTime</a></td><td style="vertical-align: top; text-align : left; background-color: #F7F7F7; border: 0px #F0F0F0 solid; padding:0px 4px 0px 4px" class="hierarchy"><span style="opacity: 0.5">Certificate valid from</span></td></tr>
<tr style="border: 0px #F0F0F0 solid; padding:0px; vertical-align: top; background-color: white"><td style="vertical-align: top; text-align : left; background-color: white; border: 0px #F0F0F0 solid; padding:0px 4px 0px 4px; white-space: nowrap; background-image: url(tbl_bck010.png)" class="hierarchy"><img src="tbl_spacer.png" alt="." style="background-color: inherit" class="hierarchy"/><img src="tbl_blank.png" alt="." style="background-color: inherit" class="hierarchy"/><img src="tbl_vjoin.png" alt="." style="background-color: inherit" class="hierarchy"/><img src="icon_element.gif" alt="." style="background-color: white; background-color: inherit" title="Element" class="hierarchy"/> <a href="StructureDefinition-vaccinationCertificatePV-definitions.html#vaccinationCertificate.metaData.endValidity">endValidity</a><a name="vaccinationCertificate.metaData.endValidity"> </a></td><td style="vertical-align: top; text-align : left; background-color: white; border: 0px #F0F0F0 solid; padding:0px 4px 0px 4px" class="hierarchy"><span style="padding-left: 3px; padding-right: 3px; color: white; background-color: red" title="This element must be supported">S</span></td><td style="vertical-align: top; text-align : left; background-color: white; border: 0px #F0F0F0 solid; padding:0px 4px 0px 4px" class="hierarchy"><span style="opacity: 0.5">0</span><span style="opacity: 0.5">..</span><span style="opacity: 0.5">1</span></td><td style="vertical-align: top; text-align : left; background-color: white; border: 0px #F0F0F0 solid; padding:0px 4px 0px 4px" class="hierarchy"><a style="opacity: 0.5" href="http://hl7.org/fhir/R4/datatypes.html#dateTime">dateTime</a></td><td style="vertical-align: top; text-align : left; background-color: white; border: 0px #F0F0F0 solid; padding:0px 4px 0px 4px" class="hierarchy"><span style="opacity: 0.5">Certificate valid until</span></td></tr>
<tr style="border: 0px #F0F0F0 solid; padding:0px; vertical-align: top; background-color: #F7F7F7"><td style="vertical-align: top; text-align : left; background-color: #F7F7F7; border: 0px #F0F0F0 solid; padding:0px 4px 0px 4px; white-space: nowrap; background-image: url(tbl_bck000.png)" class="hierarchy"><img src="tbl_spacer.png" alt="." style="background-color: inherit" class="hierarchy"/><img src="tbl_blank.png" alt="." style="background-color: inherit" class="hierarchy"/><img src="tbl_vjoin_end.png" alt="." style="background-color: inherit" class="hierarchy"/><img src="icon_element.gif" alt="." style="background-color: #F7F7F7; background-color: inherit" title="Element" class="hierarchy"/> <a href="StructureDefinition-vaccinationCertificatePV-definitions.html#vaccinationCertificate.metaData.certificateSchemaVersion">certificateSchemaVersion</a><a name="vaccinationCertificate.metaData.certificateSchemaVersion"> </a></td><td style="vertical-align: top; text-align : left; background-color: #F7F7F7; border: 0px #F0F0F0 solid; padding:0px 4px 0px 4px" class="hierarchy"><span style="padding-left: 3px; padding-right: 3px; color: white; background-color: red" title="This element must be supported">S</span></td><td style="vertical-align: top; text-align : left; background-color: #F7F7F7; border: 0px #F0F0F0 solid; padding:0px 4px 0px 4px" class="hierarchy"><span style="opacity: 0.5">1</span><span style="opacity: 0.5">..</span><span style="opacity: 0.5">1</span></td><td style="vertical-align: top; text-align : left; background-color: #F7F7F7; border: 0px #F0F0F0 solid; padding:0px 4px 0px 4px" class="hierarchy"><a style="opacity: 0.5" href="http://hl7.org/fhir/R4/datatypes.html#Identifier">Identifier</a></td><td style="vertical-align: top; text-align : left; background-color: #F7F7F7; border: 0px #F0F0F0 solid; padding:0px 4px 0px 4px" class="hierarchy"><span style="opacity: 0.5">Certificate schema version</span></td></tr>
<tr><td colspan="5" class="hierarchy"><br/><a href="http://hl7.org/fhir/R4/formats.html#table" title="Legend for this format"><img src="http://hl7.org/fhir/R4/help16.png" alt="doco" style="background-color: inherit"/> Documentation for this format</a></td></tr></table></div>
  </text>
  <url value="http://hl7.it/fhir/dgc/StructureDefinition/vaccinationCertificatePV"/>
  <version value="0.1.1"/>
  <name value="vaccinationCertificatePrivateVenue"/>
  <title value="EU Digital Green Certificate - Private Venue"/>
  <status value="draft"/>
  <experimental value="true"/>
  <date value="2021-05-02T19:49:34+00:00"/>
  <publisher value="HL7 Italia"/>
  <contact>
    <telecom>
      <system value="url"/>
      <value value="http://hl7.it"/>
    </telecom>
  </contact>
  <description value="Logical Model representing the EU Digital Green Certificate for Private Venue"/>
  <jurisdiction>
    <coding>
      <system value="urn:iso:std:iso:3166"/>
      <code value="IT"/>
    </coding>
  </jurisdiction>
  <fhirVersion value="4.0.1"/>
  <mapping>
    <identity value="fhir"/>
    <uri value="hl7.org/fhir/r4"/>
    <name value="FHIR"/>
  </mapping>
  <mapping>
    <identity value="rim"/>
    <uri value="http://hl7.org/v3"/>
    <name value="RIM Mapping"/>
  </mapping>
  <kind value="logical"/>
  <abstract value="false"/>
  <type value="vaccinationCertificate"/>
  <baseDefinition value="http://hl7.eu/fhir/ig/dgc/StructureDefinition/vaccinationCertificate"/>
  <derivation value="constraint"/>
  <snapshot>
    <element id="vaccinationCertificate">
      <path value="vaccinationCertificate"/>
      <short value="EU Vaccination Certificate"/>
      <definition value="EU Vaccination Certificate content"/>
      <min value="1"/>
      <max value="1"/>
      <base>
        <path value="Element"/>
        <min value="0"/>
        <max value="*"/>
      </base>
      <condition value="ele-1"/>
      <constraint>
        <key value="ele-1"/>
        <severity value="error"/>
        <human value="All FHIR elements must have a @value or children"/>
        <expression value="hasValue() or (children().count() &gt; id.count())"/>
        <xpath value="@value|f:*|h:div"/>
        <source value="http://hl7.org/fhir/StructureDefinition/Element"/>
      </constraint>
      <constraint>
        <key value="eu-dgc-1"/>
        <severity value="error"/>
        <human value="If no Person identifier is provided then the date of birth shall be valued"/>
        <expression value="identifier.exists() or birthDate.exists()"/>
        <source value="http://hl7.eu/fhir/ig/dgc/StructureDefinition/vaccinationCertificate"/>
      </constraint>
      <isModifier value="false"/>
      <mapping>
        <identity value="rim"/>
        <map value="n/a"/>
      </mapping>
    </element>
    <element id="vaccinationCertificate.id">
      <path value="vaccinationCertificate.id"/>
      <representation value="xmlAttr"/>
      <short value="Unique id for inter-element referencing"/>
      <definition value="Unique id for the element within a resource (for internal references). This may be any string value that does not contain spaces."/>
      <min value="0"/>
      <max value="1"/>
      <base>
        <path value="Element.id"/>
        <min value="0"/>
        <max value="1"/>
      </base>
      <type>
        <extension url="http://hl7.org/fhir/StructureDefinition/structuredefinition-fhir-type">
          <valueUrl value="string"/>
        </extension>
        <code value="http://hl7.org/fhirpath/System.String"/>
      </type>
      <isModifier value="false"/>
      <isSummary value="false"/>
      <mapping>
        <identity value="rim"/>
        <map value="n/a"/>
      </mapping>
    </element>
    <element id="vaccinationCertificate.extension">
      <path value="vaccinationCertificate.extension"/>
      <slicing>
        <discriminator>
          <type value="value"/>
          <path value="url"/>
        </discriminator>
        <description value="Extensions are always sliced by (at least) url"/>
        <rules value="open"/>
      </slicing>
      <short value="Additional content defined by implementations"/>
      <definition value="May be used to represent additional information that is not part of the basic definition of the element. To make the use of extensions safe and manageable, there is a strict set of governance  applied to the definition and use of extensions. Though any implementer can define an extension, there is a set of requirements that SHALL be met as part of the definition of the extension."/>
      <comment value="There can be no stigma associated with the use of extensions by any application, project, or standard - regardless of the institution or jurisdiction that uses or defines the extensions.  The use of extensions is what allows the FHIR specification to retain a core level of simplicity for everyone."/>
      <alias value="extensions"/>
      <alias value="user content"/>
      <min value="0"/>
      <max value="*"/>
      <base>
        <path value="Element.extension"/>
        <min value="0"/>
        <max value="*"/>
      </base>
      <type>
        <code value="Extension"/>
      </type>
      <constraint>
        <key value="ele-1"/>
        <severity value="error"/>
        <human value="All FHIR elements must have a @value or children"/>
        <expression value="hasValue() or (children().count() &gt; id.count())"/>
        <xpath value="@value|f:*|h:div"/>
        <source value="http://hl7.org/fhir/StructureDefinition/Element"/>
      </constraint>
      <constraint>
        <key value="ext-1"/>
        <severity value="error"/>
        <human value="Must have either extensions or value[x], not both"/>
        <expression value="extension.exists() != value.exists()"/>
        <xpath value="exists(f:extension)!=exists(f:*[starts-with(local-name(.), &quot;value&quot;)])"/>
        <source value="http://hl7.org/fhir/StructureDefinition/Extension"/>
      </constraint>
      <isModifier value="false"/>
      <isSummary value="false"/>
      <mapping>
        <identity value="rim"/>
        <map value="n/a"/>
      </mapping>
    </element>
    <element id="vaccinationCertificate.subject">
      <path value="vaccinationCertificate.subject"/>
      <short value="Person identification"/>
      <definition value="Person identification"/>
      <min value="1"/>
      <max value="1"/>
      <base>
        <path value="vaccinationCertificate.subject"/>
        <min value="1"/>
        <max value="1"/>
      </base>
      <type>
        <code value="BackboneElement"/>
      </type>
      <mustSupport value="true"/>
      <mapping>
        <identity value="fhir"/>
        <map value="Composition.conformsTo(&#39;http://hl7.eu/fhir/ig/dgc/StructureDefinition/Composition-svc&#39;).subject"/>
      </mapping>
      <mapping>
        <identity value="fhir"/>
        <map value="Immunization.conformsTo(&#39;http://hl7.eu/fhir/ig/dgc/StructureDefinition/Immunization-svc&#39;).patient"/>
      </mapping>
    </element>
    <element id="vaccinationCertificate.subject.name">
      <path value="vaccinationCertificate.subject.name"/>
      <short value="Person name"/>
      <definition value="The legal name of the vaccinated person"/>
      <min value="1"/>
      <max value="*"/>
      <base>
        <path value="vaccinationCertificate.subject.name"/>
        <min value="1"/>
        <max value="*"/>
      </base>
      <type>
        <code value="HumanName"/>
      </type>
      <mustSupport value="true"/>
      <mapping>
        <identity value="fhir"/>
        <map value="Patient.conformsTo(&#39;http://hl7.org/fhir/uv/ips/StructureDefinition/Patient-uv-ips&#39;).name"/>
      </mapping>
    </element>
    <element id="vaccinationCertificate.subject.identifier">
      <path value="vaccinationCertificate.subject.identifier"/>
      <short value="Person identifier"/>
      <definition value="An identifier of the vaccinated person, according to the policies applicable in each country. It should be captured what type of identifier is used. Examples: citizen ID card or identifier within the health system/IIS/e-registry."/>
      <min value="0"/>
      <max value="0"/>
      <base>
        <path value="vaccinationCertificate.subject.identifier"/>
        <min value="0"/>
        <max value="*"/>
      </base>
      <type>
        <code value="Identifier"/>
      </type>
      <mapping>
        <identity value="fhir"/>
        <map value="Patient.conformsTo(&#39;http://hl7.org/fhir/uv/ips/StructureDefinition/Patient-uv-ips&#39;).identifier"/>
      </mapping>
    </element>
    <element id="vaccinationCertificate.subject.sex">
      <path value="vaccinationCertificate.subject.sex"/>
      <short value="Sex"/>
      <definition value="Administrative gender"/>
      <min value="0"/>
      <max value="0"/>
      <base>
        <path value="vaccinationCertificate.subject.sex"/>
        <min value="0"/>
        <max value="1"/>
      </base>
      <type>
        <code value="CodeableConcept"/>
      </type>
      <mapping>
        <identity value="fhir"/>
        <map value="Patient.conformsTo(&#39;http://hl7.org/fhir/uv/ips/StructureDefinition/Patient-uv-ips&#39;).gender"/>
      </mapping>
    </element>
    <element id="vaccinationCertificate.subject.birthDate">
      <path value="vaccinationCertificate.subject.birthDate"/>
      <short value="Person date of birth"/>
      <definition value="Vaccinated person&#x2019;s date of birth. Mandatory if no Person identifier is provided."/>
      <min value="0"/>
      <max value="1"/>
      <base>
        <path value="vaccinationCertificate.subject.birthDate"/>
        <min value="0"/>
        <max value="1"/>
      </base>
      <type>
        <code value="dateTime"/>
      </type>
      <mustSupport value="true"/>
      <mapping>
        <identity value="fhir"/>
        <map value="Patient.conformsTo(&#39;http://hl7.org/fhir/uv/ips/StructureDefinition/Patient-uv-ips&#39;).birthDate"/>
      </mapping>
    </element>
    <element id="vaccinationCertificate.vaccination">
      <path value="vaccinationCertificate.vaccination"/>
      <short value="Vaccination / prophylaxis information"/>
      <definition value="Vaccination / prophylaxis information"/>
      <min value="1"/>
      <max value="*"/>
      <base>
        <path value="vaccinationCertificate.vaccination"/>
        <min value="1"/>
        <max value="*"/>
      </base>
      <type>
        <code value="BackboneElement"/>
      </type>
      <mustSupport value="true"/>
      <mapping>
        <identity value="fhir"/>
        <map value="Immunization.conformsTo(&#39;http://hl7.eu/fhir/ig/dgc/StructureDefinition/Immunization-svc&#39;)"/>
      </mapping>
    </element>
    <element id="vaccinationCertificate.vaccination.targetDisease">
      <path value="vaccinationCertificate.vaccination.targetDisease"/>
      <short value="Disease or agent targeted"/>
      <definition value="Disease or agent that the vaccination provides protection against"/>
      <min value="0"/>
      <max value="*"/>
      <base>
        <path value="vaccinationCertificate.vaccination.targetDisease"/>
        <min value="0"/>
        <max value="*"/>
      </base>
      <type>
        <code value="CodeableConcept"/>
      </type>
      <mustSupport value="true"/>
      <mapping>
        <identity value="fhir"/>
        <map value="Immunization.conformsTo(&#39;http://hl7.eu/fhir/ig/dgc/StructureDefinition/Immunization-svc&#39;).protocolApplied.targetDisease"/>
      </mapping>
    </element>
    <element id="vaccinationCertificate.vaccination.vaccineCode">
      <path value="vaccinationCertificate.vaccination.vaccineCode"/>
      <short value="Vaccine or prophylaxis"/>
      <definition value="Generic description of the vaccine/Vaccine component(s).&#xA;Example:&#xA;J07BX03 covid-19 vaccines (temporary code, to be implemented in ATC 2022)&#xA;1119349007 | COVID-19 mRNA vaccine |&#xA;1119305005 | COVID-19 antigen vaccine |"/>
      <min value="0"/>
      <max value="0"/>
      <base>
        <path value="vaccinationCertificate.vaccination.vaccineCode"/>
        <min value="0"/>
        <max value="*"/>
      </base>
      <type>
        <code value="CodeableConcept"/>
      </type>
      <mapping>
        <identity value="fhir"/>
        <map value="Immunization.conformsTo(&#39;http://hl7.eu/fhir/ig/dgc/StructureDefinition/Immunization-svc&#39;).vaccineCode"/>
      </mapping>
    </element>
    <element id="vaccinationCertificate.vaccination.vaccineProductName">
      <path value="vaccinationCertificate.vaccination.vaccineProductName"/>
      <short value="Vaccine medicinal product  "/>
      <definition value="Medicinal product name&#xA;Example: &#xA;COMIRNATY concentrate for dispersion for injection  "/>
      <min value="0"/>
      <max value="0"/>
      <base>
        <path value="vaccinationCertificate.vaccination.vaccineProductName"/>
        <min value="0"/>
        <max value="*"/>
      </base>
      <type>
        <code value="string"/>
      </type>
      <mapping>
        <identity value="fhir"/>
        <map value="Immunization.conformsTo(&#39;http://hl7.eu/fhir/ig/dgc/StructureDefinition/Immunization-svc&#39;).vaccineCode.text"/>
      </mapping>
    </element>
    <element id="vaccinationCertificate.vaccination.vaccineMarketingAuthorizationHolder">
      <path value="vaccinationCertificate.vaccination.vaccineMarketingAuthorizationHolder"/>
      <short value="Marketing Authorization Holder"/>
      <definition value="Marketing Authorisation Holder"/>
      <min value="0"/>
      <max value="0"/>
      <base>
        <path value="vaccinationCertificate.vaccination.vaccineMarketingAuthorizationHolder"/>
        <min value="0"/>
        <max value="1"/>
      </base>
      <type>
        <code value="string"/>
      </type>
      <mapping>
        <identity value="fhir"/>
        <map value="Immunization.conformsTo(&#39;http://hl7.eu/fhir/ig/dgc/StructureDefinition/Immunization-svc&#39;).manufacturer"/>
      </mapping>
    </element>
    <element id="vaccinationCertificate.vaccination.doseNumber">
      <path value="vaccinationCertificate.vaccination.doseNumber"/>
      <short value="Number in a series of vaccinations / doses"/>
      <definition value="Order in the vaccination course"/>
      <min value="1"/>
      <max value="1"/>
      <base>
        <path value="vaccinationCertificate.vaccination.doseNumber"/>
        <min value="1"/>
        <max value="1"/>
      </base>
      <type>
        <code value="BackboneElement"/>
      </type>
      <mustSupport value="true"/>
      <mapping>
        <identity value="fhir"/>
        <map value="Immunization.conformsTo(&#39;http://hl7.eu/fhir/ig/dgc/StructureDefinition/Immunization-svc&#39;).protocolApplied.doseNumber[x], Immunization.conformsTo(&#39;http://hl7.eu/fhir/ig/dgc/StructureDefinition/Immunization-svc&#39;).protocolApplied.seriesDoses[x]"/>
      </mapping>
    </element>
    <element id="vaccinationCertificate.vaccination.vaccineBatchNumber">
      <path value="vaccinationCertificate.vaccination.vaccineBatchNumber"/>
      <short value="Batch/lot number"/>
      <definition value="A distinctive combination of numbers and/or letters which specifically identifies a batch"/>
      <min value="0"/>
      <max value="0"/>
      <base>
        <path value="vaccinationCertificate.vaccination.vaccineBatchNumber"/>
        <min value="0"/>
        <max value="1"/>
      </base>
      <type>
        <code value="string"/>
      </type>
      <mapping>
        <identity value="fhir"/>
        <map value="Immunization.conformsTo(&#39;http://hl7.eu/fhir/ig/dgc/StructureDefinition/Immunization-svc&#39;).lotNumber"/>
      </mapping>
    </element>
    <element id="vaccinationCertificate.vaccination.dateOfVaccination">
      <path value="vaccinationCertificate.vaccination.dateOfVaccination"/>
      <short value="Date of vaccination"/>
      <definition value="Date of vaccination"/>
      <min value="0"/>
      <max value="0"/>
      <base>
        <path value="vaccinationCertificate.vaccination.dateOfVaccination"/>
        <min value="0"/>
        <max value="1"/>
      </base>
      <type>
        <code value="dateTime"/>
      </type>
      <mapping>
        <identity value="fhir"/>
        <map value="Immunization.conformsTo(&#39;http://hl7.eu/fhir/ig/dgc/StructureDefinition/Immunization-svc&#39;).occurrenceDateTime"/>
      </mapping>
    </element>
    <element id="vaccinationCertificate.vaccination.administeringCentre">
      <path value="vaccinationCertificate.vaccination.administeringCentre"/>
      <short value="Administering centre"/>
      <definition value="Name/code of administering centre or a health authority responsible for the vaccination event"/>
      <min value="0"/>
      <max value="0"/>
      <base>
        <path value="vaccinationCertificate.vaccination.administeringCentre"/>
        <min value="0"/>
        <max value="1"/>
      </base>
      <type>
        <code value="Organization"/>
      </type>
      <mapping>
        <identity value="fhir"/>
        <map value="Immunization.conformsTo(&#39;http://hl7.eu/fhir/ig/dgc/StructureDefinition/Immunization-svc&#39;).performer, Immunization.conformsTo(&#39;http://hl7.eu/fhir/ig/dgc/StructureDefinition/Immunization-svc&#39;).location"/>
      </mapping>
    </element>
    <element id="vaccinationCertificate.vaccination.healthProfessionalIdentification">
      <path value="vaccinationCertificate.vaccination.healthProfessionalIdentification"/>
      <short value="Health Professional identification"/>
      <definition value="Name or health professional code responsible for administering the vaccine or prophylaxis"/>
      <min value="0"/>
      <max value="0"/>
      <base>
        <path value="vaccinationCertificate.vaccination.healthProfessionalIdentification"/>
        <min value="0"/>
        <max value="*"/>
      </base>
      <type>
        <code value="Practitioner"/>
      </type>
      <mapping>
        <identity value="fhir"/>
        <map value="Immunization.conformsTo(&#39;http://hl7.eu/fhir/ig/dgc/StructureDefinition/Immunization-svc&#39;).performer"/>
      </mapping>
    </element>
    <element id="vaccinationCertificate.vaccination.countryOfVaccination">
      <path value="vaccinationCertificate.vaccination.countryOfVaccination"/>
      <short value="Country of vaccination"/>
      <definition value="The country in which the individual has been vaccinated"/>
      <min value="0"/>
      <max value="0"/>
      <base>
        <path value="vaccinationCertificate.vaccination.countryOfVaccination"/>
        <min value="0"/>
        <max value="1"/>
      </base>
      <type>
        <code value="CodeableConcept"/>
      </type>
      <mapping>
        <identity value="fhir"/>
        <map value="Immunization.conformsTo(&#39;http://hl7.eu/fhir/ig/dgc/StructureDefinition/Immunization-svc&#39;).location.address.country"/>
      </mapping>
    </element>
    <element id="vaccinationCertificate.vaccination.dateNextDose">
      <path value="vaccinationCertificate.vaccination.dateNextDose"/>
      <short value="Next vaccination date"/>
      <definition value="Date on which the next vaccination should be administered"/>
      <min value="0"/>
      <max value="0"/>
      <base>
        <path value="vaccinationCertificate.vaccination.dateNextDose"/>
        <min value="0"/>
        <max value="1"/>
      </base>
      <type>
        <code value="dateTime"/>
      </type>
      <mapping>
        <identity value="fhir"/>
        <map value="ImmunizationRecommendation.recommendation.where(dateCriterion=&#39;http://loinc.org#30980-7&#39;).value"/>
      </mapping>
    </element>
    <element id="vaccinationCertificate.metaData">
      <path value="vaccinationCertificate.metaData"/>
      <short value="Certificate metadata"/>
      <definition value="Certificate metadata"/>
      <min value="1"/>
      <max value="1"/>
      <base>
        <path value="vaccinationCertificate.metaData"/>
        <min value="1"/>
        <max value="1"/>
      </base>
      <type>
        <code value="BackboneElement"/>
      </type>
      <mustSupport value="true"/>
    </element>
    <element id="vaccinationCertificate.metaData.issuer">
      <path value="vaccinationCertificate.metaData.issuer"/>
      <short value="Certificate Issuer"/>
      <definition value="Entity that has issued the certificate (allowing to check the certificate)"/>
      <min value="1"/>
      <max value="1"/>
      <base>
        <path value="vaccinationCertificate.metaData.issuer"/>
        <min value="1"/>
        <max value="1"/>
      </base>
      <type>
        <code value="CodeableConcept"/>
      </type>
      <mustSupport value="true"/>
      <mapping>
        <identity value="fhir"/>
        <map value="Composition.conformsTo(&#39;http://hl7.eu/fhir/ig/dgc/StructureDefinition/Composition-svc&#39;).attester.party"/>
      </mapping>
    </element>
    <element id="vaccinationCertificate.metaData.certificateId">
      <path value="vaccinationCertificate.metaData.certificateId"/>
      <short value="Certificate identifier"/>
      <definition value="Unique identifier of the certificate (UVCI), to be printed (human readable) into the certificate; the unique identifier can be included in the IIS"/>
      <min value="1"/>
      <max value="1"/>
      <base>
        <path value="vaccinationCertificate.metaData.certificateId"/>
        <min value="1"/>
        <max value="1"/>
      </base>
      <type>
        <code value="Identifier"/>
      </type>
      <mustSupport value="true"/>
      <mapping>
        <identity value="fhir"/>
        <map value="Build.conformsTo(&#39;http://hl7.eu/fhir/ig/dgc/StructureDefinition/Build-svc&#39;).identifier"/>
      </mapping>
      <mapping>
        <identity value="fhir"/>
        <map value="Composition.conformsTo(&#39;http://hl7.eu/fhir/ig/dgc/StructureDefinition/Composition-svc&#39;).identifier"/>
      </mapping>
    </element>
    <element id="vaccinationCertificate.metaData.startValidity">
      <path value="vaccinationCertificate.metaData.startValidity"/>
      <short value="Certificate valid from"/>
      <definition value="Certificate valid from (required if known)"/>
      <min value="0"/>
      <max value="1"/>
      <base>
        <path value="vaccinationCertificate.metaData.startValidity"/>
        <min value="0"/>
        <max value="1"/>
      </base>
      <type>
        <code value="dateTime"/>
      </type>
      <mustSupport value="true"/>
      <mapping>
        <identity value="fhir"/>
        <map value="Composition.attester.time, Build.conformsTo(&#39;http://hl7.eu/fhir/ig/dgc/StructureDefinition/Build-svc&#39;).identifier.period.start"/>
      </mapping>
    </element>
    <element id="vaccinationCertificate.metaData.endValidity">
      <path value="vaccinationCertificate.metaData.endValidity"/>
      <short value="Certificate valid until"/>
      <definition value="Certificate valid until (validity can differ from the expected immunisation period)"/>
      <min value="0"/>
      <max value="1"/>
      <base>
        <path value="vaccinationCertificate.metaData.endValidity"/>
        <min value="0"/>
        <max value="1"/>
      </base>
      <type>
        <code value="dateTime"/>
      </type>
      <mustSupport value="true"/>
      <mapping>
        <identity value="fhir"/>
        <map value="Build.conformsTo(&#39;http://hl7.eu/fhir/ig/dgc/StructureDefinition/Build-svc&#39;).identifier.period.end"/>
      </mapping>
    </element>
    <element id="vaccinationCertificate.metaData.certificateSchemaVersion">
      <path value="vaccinationCertificate.metaData.certificateSchemaVersion"/>
      <short value="Certificate schema version"/>
      <definition value="Version of this minimum dataset definition - currently set at 1.0.0"/>
      <min value="1"/>
      <max value="1"/>
      <base>
        <path value="vaccinationCertificate.metaData.certificateSchemaVersion"/>
        <min value="1"/>
        <max value="1"/>
      </base>
      <type>
        <code value="Identifier"/>
      </type>
      <mustSupport value="true"/>
    </element>
  </snapshot>
  <differential>
    <element id="vaccinationCertificate">
      <path value="vaccinationCertificate"/>
    </element>
    <element id="vaccinationCertificate.subject">
      <path value="vaccinationCertificate.subject"/>
      <mustSupport value="true"/>
    </element>
    <element id="vaccinationCertificate.subject.name">
      <path value="vaccinationCertificate.subject.name"/>
      <mustSupport value="true"/>
    </element>
    <element id="vaccinationCertificate.subject.identifier">
      <path value="vaccinationCertificate.subject.identifier"/>
      <min value="0"/>
      <max value="0"/>
    </element>
    <element id="vaccinationCertificate.subject.sex">
      <path value="vaccinationCertificate.subject.sex"/>
      <min value="0"/>
      <max value="0"/>
    </element>
    <element id="vaccinationCertificate.subject.birthDate">
      <path value="vaccinationCertificate.subject.birthDate"/>
      <mustSupport value="true"/>
    </element>
    <element id="vaccinationCertificate.vaccination">
      <path value="vaccinationCertificate.vaccination"/>
      <mustSupport value="true"/>
    </element>
    <element id="vaccinationCertificate.vaccination.targetDisease">
      <path value="vaccinationCertificate.vaccination.targetDisease"/>
      <mustSupport value="true"/>
    </element>
    <element id="vaccinationCertificate.vaccination.vaccineCode">
      <path value="vaccinationCertificate.vaccination.vaccineCode"/>
      <min value="0"/>
      <max value="0"/>
    </element>
    <element id="vaccinationCertificate.vaccination.vaccineProductName">
      <path value="vaccinationCertificate.vaccination.vaccineProductName"/>
      <min value="0"/>
      <max value="0"/>
    </element>
    <element id="vaccinationCertificate.vaccination.vaccineMarketingAuthorizationHolder">
      <path value="vaccinationCertificate.vaccination.vaccineMarketingAuthorizationHolder"/>
      <min value="0"/>
      <max value="0"/>
    </element>
    <element id="vaccinationCertificate.vaccination.doseNumber">
      <path value="vaccinationCertificate.vaccination.doseNumber"/>
      <mustSupport value="true"/>
    </element>
    <element id="vaccinationCertificate.vaccination.vaccineBatchNumber">
      <path value="vaccinationCertificate.vaccination.vaccineBatchNumber"/>
      <min value="0"/>
      <max value="0"/>
    </element>
    <element id="vaccinationCertificate.vaccination.dateOfVaccination">
      <path value="vaccinationCertificate.vaccination.dateOfVaccination"/>
      <min value="0"/>
      <max value="0"/>
    </element>
    <element id="vaccinationCertificate.vaccination.administeringCentre">
      <path value="vaccinationCertificate.vaccination.administeringCentre"/>
      <min value="0"/>
      <max value="0"/>
    </element>
    <element id="vaccinationCertificate.vaccination.healthProfessionalIdentification">
      <path value="vaccinationCertificate.vaccination.healthProfessionalIdentification"/>
      <min value="0"/>
      <max value="0"/>
    </element>
    <element id="vaccinationCertificate.vaccination.countryOfVaccination">
      <path value="vaccinationCertificate.vaccination.countryOfVaccination"/>
      <min value="0"/>
      <max value="0"/>
    </element>
    <element id="vaccinationCertificate.vaccination.dateNextDose">
      <path value="vaccinationCertificate.vaccination.dateNextDose"/>
      <min value="0"/>
      <max value="0"/>
    </element>
    <element id="vaccinationCertificate.metaData">
      <path value="vaccinationCertificate.metaData"/>
      <mustSupport value="true"/>
    </element>
    <element id="vaccinationCertificate.metaData.issuer">
      <path value="vaccinationCertificate.metaData.issuer"/>
      <mustSupport value="true"/>
    </element>
    <element id="vaccinationCertificate.metaData.certificateId">
      <path value="vaccinationCertificate.metaData.certificateId"/>
      <mustSupport value="true"/>
    </element>
    <element id="vaccinationCertificate.metaData.startValidity">
      <path value="vaccinationCertificate.metaData.startValidity"/>
      <mustSupport value="true"/>
    </element>
    <element id="vaccinationCertificate.metaData.endValidity">
      <path value="vaccinationCertificate.metaData.endValidity"/>
      <mustSupport value="true"/>
    </element>
    <element id="vaccinationCertificate.metaData.certificateSchemaVersion">
      <path value="vaccinationCertificate.metaData.certificateSchemaVersion"/>
      <mustSupport value="true"/>
    </element>
  </differential>
</StructureDefinition>