<?xml version="1.0" encoding="UTF-8"?><ConceptMap xmlns="http://hl7.org/fhir"><id value="Covid19VaccinesSnomedToICD11Map"/><text><status value="extensions"/><div xmlns="http://www.w3.org/1999/xhtml"><h2>Covid19VaccinesSnomedToICD11Map (http://hl7.it/fhir/dgc/ConceptMap/Covid19VaccinesSnomedToICD11Map)</h2><p>Mapping from <a href="http://terminology.hl7.org/2.1.0/CodeSystem-v3-snomed-CT.html">http://snomed.info/sct</a> to http://id.who.int/icd11/mms</p><p>DRAFT. Published on May 1, 2021, 10:01:09 PM by HL7 Italia (<a href="http://hl7.it">http://hl7.it</a>). </p><div><p>COVID-19 Vaccines SNOMED CT To ICD11 Map</p>
</div><br/><table class="grid"><tr><td><b>Source Code</b></td><td><b>Relationship</b></td><td><b>Destination Code</b></td></tr><tr><td>1119349007</td><td><a href="http://hl7.org/fhir/R4/codesystem-concept-map-equivalence.html#equivalent">is equivalent to</a></td><td>hejsan</td></tr></table><table class="grid"><tr><td><b>Source Code</b></td><td><b>Relationship</b></td><td><b>Destination Code</b></td></tr><tr><td>1119305005</td><td><a href="http://hl7.org/fhir/R4/codesystem-concept-map-equivalence.html#equivalent">is equivalent to</a></td><td>hoppsan</td></tr></table></div></text><url value="http://hl7.it/fhir/dgc/ConceptMap/Covid19VaccinesSnomedToICD11Map"/><version value="0.1.1"/><name value="Covid19VaccinesSnomedToICD11Map"/><title value="COVID-19 Vaccines SNOMED CT To ICD11 Map"/><status value="draft"/><date value="2021-05-01T22:01:09+00:00"/><publisher value="HL7 Italia"/><contact><telecom><system value="url"/><value value="http://hl7.it"/></telecom></contact><description value="COVID-19 Vaccines SNOMED CT To ICD11 Map"/><jurisdiction><coding><system value="urn:iso:std:iso:3166"/><code value="IT"/></coding></jurisdiction><sourceUri value="http://snomed.info/sct"/><targetUri value="http://id.who.int/icd11/mms"/><group><element><code value="1119349007"/><target><code value="hejsan"/><equivalence value="equivalent"/></target></element></group><group><element><code value="1119305005"/><target><code value="hoppsan"/><equivalence value="equivalent"/></target></element></group></ConceptMap>