<?xml version="1.0" encoding="UTF-8"?><ImplementationGuide xmlns="http://hl7.org/fhir"><id value="hl7.fhir.it.dgc"/><text><status value="extensions"/><div xmlns="http://www.w3.org/1999/xhtml"><h2>Hl7ItDgcIG</h2><p>The official URL for this implementation guide is: </p><pre>http://hl7.it/fhir/dgc/ImplementationGuide/hl7.fhir.it.dgc</pre><div><p>HL7 Italia Certificato Vaccinale (DGC) FHIR Implementation Guide, specifica come utilizzare lo standard HL7 FHIR per gestire le informazioni richiesta dal Digital Green Certificate</p>
</div></div></text><url value="http://hl7.it/fhir/dgc/ImplementationGuide/hl7.fhir.it.dgc"/><version value="0.1.1"/><name value="Hl7ItDgcIG"/><title value="HL7 Italia Certificato Vaccinale (DGC) FHIR Implementation Guide"/><status value="draft"/><experimental value="true"/><date value="2021-05-02T19:49:34+00:00"/><publisher value="HL7 Italia"/><contact><telecom><system value="url"/><value value="http://hl7.it"/></telecom></contact><description value="HL7 Italia Certificato Vaccinale (DGC) FHIR Implementation Guide, specifica come utilizzare lo standard HL7 FHIR per gestire le informazioni richiesta dal Digital Green Certificate"/><jurisdiction><coding><system value="urn:iso:std:iso:3166"/><code value="IT"/></coding></jurisdiction><packageId value="hl7.fhir.it.dgc"/><license value="CC-BY-SA-4.0"/><fhirVersion value="4.0.1"/><dependsOn><uri value="http://hl7.org/fhir/uv/ips/ImplementationGuide/hl7.fhir.uv.ips"/><packageId value="hl7.fhir.uv.ips"/><version value="dev"/></dependsOn><definition><extension url="http://hl7.org/fhir/tools/StructureDefinition/ig-parameter"><extension url="code"><valueString value="copyrightyear"/></extension><extension url="value"><valueString value="2021+"/></extension></extension><extension url="http://hl7.org/fhir/tools/StructureDefinition/ig-parameter"><extension url="code"><valueString value="releaselabel"/></extension><extension url="value"><valueString value="CI Build"/></extension></extension><extension url="http://hl7.org/fhir/tools/StructureDefinition/ig-parameter"><extension url="code"><valueString value="special-url"/></extension><extension url="value"><valueString value="http://hl7.eu/fhir/ig/dgc/StructureDefinition/vaccinationCertificate"/></extension></extension><extension url="http://hl7.org/fhir/tools/StructureDefinition/ig-parameter"><extension url="code"><valueString value="special-url"/></extension><extension url="value"><valueString value="http://hl7.eu/fhir/ig/dgc/StructureDefinition/vaccinationCertificatePV"/></extension></extension><extension url="http://hl7.org/fhir/tools/StructureDefinition/ig-parameter"><extension url="code"><valueString value="special-url"/></extension><extension url="value"><valueString value="http://hl7.eu/fhir/ig/dgc/StructureDefinition/vaccinationCertificateBC"/></extension></extension><extension url="http://hl7.org/fhir/tools/StructureDefinition/ig-parameter"><extension url="code"><valueString value="special-url"/></extension><extension url="value"><valueString value="http://hl7.eu/fhir/ig/dgc/StructureDefinition/vaccinationCertificateMD"/></extension></extension><extension url="http://hl7.org/fhir/tools/StructureDefinition/ig-parameter"><extension url="code"><valueString value="apply-jurisdiction"/></extension><extension url="value"><valueString value="true"/></extension></extension><extension url="http://hl7.org/fhir/tools/StructureDefinition/ig-parameter"><extension url="code"><valueString value="autoload-resources"/></extension><extension url="value"><valueString value="true"/></extension></extension><extension url="http://hl7.org/fhir/tools/StructureDefinition/ig-parameter"><extension url="code"><valueString value="path-liquid"/></extension><extension url="value"><valueString value="template/liquid"/></extension></extension><extension url="http://hl7.org/fhir/tools/StructureDefinition/ig-parameter"><extension url="code"><valueString value="path-liquid"/></extension><extension url="value"><valueString value="input/liquid"/></extension></extension><extension url="http://hl7.org/fhir/tools/StructureDefinition/ig-parameter"><extension url="code"><valueString value="path-qa"/></extension><extension url="value"><valueString value="temp/qa"/></extension></extension><extension url="http://hl7.org/fhir/tools/StructureDefinition/ig-parameter"><extension url="code"><valueString value="path-temp"/></extension><extension url="value"><valueString value="temp/pages"/></extension></extension><extension url="http://hl7.org/fhir/tools/StructureDefinition/ig-parameter"><extension url="code"><valueString value="path-output"/></extension><extension url="value"><valueString value="output"/></extension></extension><extension url="http://hl7.org/fhir/tools/StructureDefinition/ig-parameter"><extension url="code"><valueString value="path-suppressed-warnings"/></extension><extension url="value"><valueString value="input/ignoreWarnings.txt"/></extension></extension><extension url="http://hl7.org/fhir/tools/StructureDefinition/ig-parameter"><extension url="code"><valueString value="path-history"/></extension><extension url="value"><valueString value="http://hl7.it/fhir/dgc/history.html"/></extension></extension><extension url="http://hl7.org/fhir/tools/StructureDefinition/ig-parameter"><extension url="code"><valueString value="template-html"/></extension><extension url="value"><valueString value="template-page.html"/></extension></extension><extension url="http://hl7.org/fhir/tools/StructureDefinition/ig-parameter"><extension url="code"><valueString value="template-md"/></extension><extension url="value"><valueString value="template-page-md.html"/></extension></extension><extension url="http://hl7.org/fhir/tools/StructureDefinition/ig-parameter"><extension url="code"><valueString value="apply-contact"/></extension><extension url="value"><valueString value="true"/></extension></extension><extension url="http://hl7.org/fhir/tools/StructureDefinition/ig-parameter"><extension url="code"><valueString value="apply-context"/></extension><extension url="value"><valueString value="true"/></extension></extension><extension url="http://hl7.org/fhir/tools/StructureDefinition/ig-parameter"><extension url="code"><valueString value="apply-copyright"/></extension><extension url="value"><valueString value="true"/></extension></extension><extension url="http://hl7.org/fhir/tools/StructureDefinition/ig-parameter"><extension url="code"><valueString value="apply-license"/></extension><extension url="value"><valueString value="true"/></extension></extension><extension url="http://hl7.org/fhir/tools/StructureDefinition/ig-parameter"><extension url="code"><valueString value="apply-publisher"/></extension><extension url="value"><valueString value="true"/></extension></extension><extension url="http://hl7.org/fhir/tools/StructureDefinition/ig-parameter"><extension url="code"><valueString value="apply-version"/></extension><extension url="value"><valueString value="true"/></extension></extension><extension url="http://hl7.org/fhir/tools/StructureDefinition/ig-parameter"><extension url="code"><valueString value="active-tables"/></extension><extension url="value"><valueString value="true"/></extension></extension><grouping id="_str_logicalmodel"><name value="Structures: Logical Models"/><description value="These define data models that represent the domain covered by this implementation guide in more business-friendly terms than the underlying FHIR resources."/></grouping><grouping id="_str_profile"><name value="Structures: Resource Profiles"/><description value="These define constraints on FHIR resources for systems conforming to this implementation guide"/></grouping><grouping id="_term_valueset"><name value="Terminology: Value Sets"/><description value="These define sets of codes used by systems conforming to this implementation guide"/></grouping><grouping id="_map_conceptmap"><name value="Terminology: Concept Maps"/><description value="These define transformations to convert between codes by systems conforming with this implementation guide"/></grouping><grouping id="_ex_example"><name value="Example: Example Instances"/><description value="These are example instances that show what data produced and consumed by systems conforming with this implementation guide might look like"/></grouping><grouping id="_other"><name value="Other"/><description value="These are resources that are used within this implementation guide that do not fit into one of the other categories"/></grouping><resource><extension url="http://hl7.org/fhir/StructureDefinition/implementationguide-page"><valueUri value="Bundle-svc-Bundle-01.html"/></extension><reference><reference value="Bundle/svc-Bundle-01"/></reference><name value="Two doses (Immunization)"/><description value="Czech vaccination example: 2 doses"/><exampleCanonical value="http://hl7.it/fhir/dgc/StructureDefinition/Bundle-dgc"/><groupingId value="_ex_example"/></resource><resource><extension url="http://hl7.org/fhir/StructureDefinition/implementationguide-page"><valueUri value="Bundle-svc-Bundle-02.html"/></extension><reference><reference value="Bundle/svc-Bundle-02"/></reference><name value="Only first dose given (Immunization)"/><description value="Czech vaccination example: 1 dose given, second dose planned"/><exampleCanonical value="http://hl7.it/fhir/dgc/StructureDefinition/Bundle-dgc"/><groupingId value="_ex_example"/></resource><resource><extension url="http://hl7.org/fhir/StructureDefinition/implementationguide-page"><valueUri value="Bundle-svc-Bundle-03.html"/></extension><reference><reference value="Bundle/svc-Bundle-03"/></reference><name value="Second dose not given (Immunization)"/><description value="Vaccination example: second dose not given (only immunization events)"/><exampleCanonical value="http://hl7.it/fhir/dgc/StructureDefinition/Bundle-dgc"/><groupingId value="_ex_example"/></resource><resource><extension url="http://hl7.org/fhir/StructureDefinition/implementationguide-page"><valueUri value="Bundle-svc-Bundle-04.html"/></extension><reference><reference value="Bundle/svc-Bundle-04"/></reference><name value="Second dose not given (ImmunizationRecommendation)"/><description value="Vaccination example: second dose not given (Immunization and ImmunizationRecommendation)"/><exampleCanonical value="http://hl7.it/fhir/dgc/StructureDefinition/Bundle-dgc"/><groupingId value="_ex_example"/></resource><resource><extension url="http://hl7.org/fhir/StructureDefinition/implementationguide-page"><valueUri value="Bundle-svc-Bundle-05.html"/></extension><reference><reference value="Bundle/svc-Bundle-05"/></reference><name value="Only planned vaccinations (ImmunizationRecommendation)"/><description value="Vaccination example: only planned vaccinations"/><exampleCanonical value="http://hl7.it/fhir/dgc/StructureDefinition/Bundle-dgc"/><groupingId value="_ex_example"/></resource><resource><extension url="http://hl7.org/fhir/StructureDefinition/implementationguide-page"><valueUri value="Bundle-svc-Bundle-06.html"/></extension><reference><reference value="Bundle/svc-Bundle-06"/></reference><name value="Second dose not given due to adverse reaction"/><description value="Vaccination example: second dose not given due to adverse reaction(Immunization and ImmunizationRecommendation)"/><exampleCanonical value="http://hl7.it/fhir/dgc/StructureDefinition/Bundle-dgc"/><groupingId value="_ex_example"/></resource><resource><extension url="http://hl7.org/fhir/StructureDefinition/implementationguide-page"><valueUri value="Bundle-svc-Bundle-07.html"/></extension><reference><reference value="Bundle/svc-Bundle-07"/></reference><name value="Only first dose given + QR (Immunization)"/><description value="Czech vaccination example: 1 dose given, second dose planned with QR code"/><exampleCanonical value="http://hl7.it/fhir/dgc/StructureDefinition/Bundle-dgc"/><groupingId value="_ex_example"/></resource><resource><extension url="http://hl7.org/fhir/StructureDefinition/implementationguide-page"><valueUri value="Bundle-svc-Bundle-08.html"/></extension><reference><reference value="Bundle/svc-Bundle-08"/></reference><name value="Two doses given (Immunization)"/><description value="Italian vaccination example: 2 dose given"/><exampleCanonical value="http://hl7.it/fhir/dgc/StructureDefinition/Bundle-dgc"/><groupingId value="_ex_example"/></resource><resource><extension url="http://hl7.org/fhir/StructureDefinition/implementationguide-page"><valueUri value="Patient-example-it-1.html"/></extension><reference><reference value="Patient/example-it-1"/></reference><name value="Patient"/><description value="Example of Italian patient"/><exampleCanonical value="http://hl7.it/fhir/dgc/StructureDefinition/Patient-dgc"/><groupingId value="_ex_example"/></resource><resource><extension url="http://hl7.org/fhir/StructureDefinition/implementationguide-page"><valueUri value="Organization-org-example-it.html"/></extension><reference><reference value="Organization/org-example-it"/></reference><name value="Organization"/><description value="Example of Italian Organization (azienda sanitaria)"/><groupingId value="_other"/></resource><resource><extension url="http://hl7.org/fhir/StructureDefinition/implementationguide-page"><valueUri value="Immunization-example-it-1-1.html"/></extension><reference><reference value="Immunization/example-it-1-1"/></reference><name value="Immunization"/><description value="Example of Vaccination with COVID-19 mRNA vaccine"/><exampleCanonical value="http://hl7.it/fhir/dgc/StructureDefinition/Immunization-dgc"/><groupingId value="_ex_example"/></resource><resource><extension url="http://hl7.org/fhir/StructureDefinition/implementationguide-page"><valueUri value="Immunization-example-it-1-2.html"/></extension><reference><reference value="Immunization/example-it-1-2"/></reference><name value="Immunization"/><description value="Example of Vaccination with COVID-19 mRNA vaccine"/><exampleCanonical value="http://hl7.it/fhir/dgc/StructureDefinition/Immunization-dgc"/><groupingId value="_ex_example"/></resource><resource><extension url="http://hl7.org/fhir/StructureDefinition/implementationguide-page"><valueUri value="ValueSet-vaccines-covid-19-auth-holders.html"/></extension><reference><reference value="ValueSet/vaccines-covid-19-auth-holders"/></reference><name value="Vaccine marketing authorization holder or Vaccine manufacturer (COVID-19)"/><description value="Vaccine marketing authorization holder or Vaccine manufacturer (COVID-19)"/><groupingId value="_term_valueset"/></resource><resource><extension url="http://hl7.org/fhir/StructureDefinition/implementationguide-page"><valueUri value="StructureDefinition-vaccinationCertificateBC.html"/></extension><reference><reference value="StructureDefinition/vaccinationCertificateBC"/></reference><name value="EU Digital Green Certificate - Border Control"/><description value="Logical Model representing the EU Digital Green Certificate for Border Control"/><groupingId value="_str_logicalmodel"/></resource><resource><extension url="http://hl7.org/fhir/StructureDefinition/implementationguide-page"><valueUri value="ValueSet-npu-covid-19-non-rapid-tests.html"/></extension><reference><reference value="ValueSet/npu-covid-19-non-rapid-tests"/></reference><name value="NPU Test List, Non-Rapid (COVID-19)"/><description value="Test List, Non-Rapid (COVID-19) from [NPU]"/><groupingId value="_term_valueset"/></resource><resource><extension url="http://hl7.org/fhir/StructureDefinition/implementationguide-page"><valueUri value="ValueSet-covid-19-lab-test-manufacturer-and-name.html"/></extension><reference><reference value="ValueSet/covid-19-lab-test-manufacturer-and-name"/></reference><name value="COVID-19 Lab Test Manufacturer And Name"/><description value="Examples of COVID-19 Lab Test Manufacturer And Name from http://covid-19-diagnostics.jrc.ec.europa.eu/devices?manufacturer&amp;text_name&amp;marking&amp;rapid_diag&amp;format&amp;target_type&amp;field-1=HSC%20mutual%20recognition%20%28RAT%29&amp;value-1=1&amp;search_method=AND#form_content"/><groupingId value="_term_valueset"/></resource><resource><extension url="http://hl7.org/fhir/StructureDefinition/implementationguide-page"><valueUri value="ValueSet-npu-covid-19-rapid-tests.html"/></extension><reference><reference value="ValueSet/npu-covid-19-rapid-tests"/></reference><name value="NPU Rapid Test List (COVID-19)"/><description value="Rapid Test List (COVID-19) from [NPU]"/><groupingId value="_term_valueset"/></resource><resource><extension url="http://hl7.org/fhir/StructureDefinition/implementationguide-page"><valueUri value="ValueSet-sct-vaccines-covid-19.html"/></extension><reference><reference value="ValueSet/sct-vaccines-covid-19"/></reference><name value="SNOMED CT Vaccine List (COVID-19)"/><description value="Vaccine List (COVID-19) from [SNOMED CT]"/><groupingId value="_term_valueset"/></resource><resource><extension url="http://hl7.org/fhir/StructureDefinition/implementationguide-page"><valueUri value="StructureDefinition-Immunization-dgc.html"/></extension><reference><reference value="StructureDefinition/Immunization-dgc"/></reference><name value="Immunization (Digital Green Certificate)"/><description value="This profile defines how to represent Immunizations in FHIR for building a Digital Green Certificate."/><groupingId value="_str_profile"/></resource><resource><extension url="http://hl7.org/fhir/StructureDefinition/implementationguide-page"><valueUri value="StructureDefinition-Composition-dgc.html"/></extension><reference><reference value="StructureDefinition/Composition-dgc"/></reference><name value="Composition (Digital Green Certificate)"/><description value="This profile defines how to represent a vaccination certificate in FHIR by using a Composition resource"/><groupingId value="_str_profile"/></resource><resource><extension url="http://hl7.org/fhir/StructureDefinition/implementationguide-page"><valueUri value="StructureDefinition-ImmunizationRecommendation-dgc.html"/></extension><reference><reference value="StructureDefinition/ImmunizationRecommendation-dgc"/></reference><name value="ImmunizationRecommendation (Digital Green Certificate)"/><description value="This profile defines how to represent Immunization Recommandations in FHIR for building a Digital Green Certificate."/><groupingId value="_str_profile"/></resource><resource><extension url="http://hl7.org/fhir/StructureDefinition/implementationguide-page"><valueUri value="ConceptMap-Covid19LabTestsNPUToLOINCMap.html"/></extension><reference><reference value="ConceptMap/Covid19LabTestsNPUToLOINCMap"/></reference><name value="COVID-19 Lab Tests NPU to LOINC Map"/><description value="COVID-19 Lab Tests NPU to LOINC Map"/><groupingId value="_map_conceptmap"/></resource><resource><extension url="http://hl7.org/fhir/StructureDefinition/implementationguide-page"><valueUri value="StructureDefinition-CertificatoVaccinale.html"/></extension><reference><reference value="StructureDefinition/CertificatoVaccinale"/></reference><name value="Certificato Vaccinale"/><description value="Data Set Certificato Vaccinale"/><groupingId value="_str_logicalmodel"/></resource><resource><extension url="http://hl7.org/fhir/StructureDefinition/implementationguide-page"><valueUri value="ValueSet-covid-19-lab-methods.html"/></extension><reference><reference value="ValueSet/covid-19-lab-methods"/></reference><name value="COVID-19 Lab Methods"/><description value="COVID-19 Laboratory Methods"/><groupingId value="_term_valueset"/></resource><resource><extension url="http://hl7.org/fhir/StructureDefinition/implementationguide-page"><valueUri value="ValueSet-loinc-tests-covid-19.html"/></extension><reference><reference value="ValueSet/loinc-tests-covid-19"/></reference><name value="LOINC Test List (COVID-19)"/><description value="Test List (COVID-19) from [LOINC]"/><groupingId value="_term_valueset"/></resource><resource><extension url="http://hl7.org/fhir/StructureDefinition/implementationguide-page"><valueUri value="StructureDefinition-Soggetto.html"/></extension><reference><reference value="StructureDefinition/Soggetto"/></reference><name value="Soggetto "/><description value="Soggetto vaccinato o da vaccinare"/><groupingId value="_str_logicalmodel"/></resource><resource><extension url="http://hl7.org/fhir/StructureDefinition/implementationguide-page"><valueUri value="ValueSet-covid-19-diseases.html"/></extension><reference><reference value="ValueSet/covid-19-diseases"/></reference><name value="COVID-19 Diseases"/><description value="COVID-19 Diseases"/><groupingId value="_term_valueset"/></resource><resource><extension url="http://hl7.org/fhir/StructureDefinition/implementationguide-page"><valueUri value="StructureDefinition-Bundle-dgc.html"/></extension><reference><reference value="StructureDefinition/Bundle-dgc"/></reference><name value="Bundle (Digital Green Certificate)"/><description value="This profile defines how to represent a vaccination certificate in FHIR by using a Bundle resource"/><groupingId value="_str_profile"/></resource><resource><extension url="http://hl7.org/fhir/StructureDefinition/implementationguide-page"><valueUri value="StructureDefinition-OperatoreSanitario.html"/></extension><reference><reference value="StructureDefinition/OperatoreSanitario"/></reference><name value="Operatore Sanitario"/><description value="Operatore Sanitario"/><groupingId value="_str_logicalmodel"/></resource><resource><extension url="http://hl7.org/fhir/StructureDefinition/implementationguide-page"><valueUri value="ConceptMap-Covid19VaccinesSnomedToICD11Map.html"/></extension><reference><reference value="ConceptMap/Covid19VaccinesSnomedToICD11Map"/></reference><name value="COVID-19 Vaccines SNOMED CT To ICD11 Map"/><description value="COVID-19 Vaccines SNOMED CT To ICD11 Map"/><groupingId value="_map_conceptmap"/></resource><resource><extension url="http://hl7.org/fhir/StructureDefinition/implementationguide-page"><valueUri value="StructureDefinition-vaccinationCertificateMD.html"/></extension><reference><reference value="StructureDefinition/vaccinationCertificateMD"/></reference><name value="EU Digital Green Certificate - Medical Use"/><description value="Logical Model representing the EU Digital Green Certificate for Medical Use"/><groupingId value="_str_logicalmodel"/></resource><resource><extension url="http://hl7.org/fhir/StructureDefinition/implementationguide-page"><valueUri value="StructureDefinition-vaccinationCertificate.html"/></extension><reference><reference value="StructureDefinition/vaccinationCertificate"/></reference><name value="EU Digital Green Certificate"/><description value="Logical Model representing the EU Digital Green Certificate"/><groupingId value="_str_logicalmodel"/></resource><resource><extension url="http://hl7.org/fhir/StructureDefinition/implementationguide-page"><valueUri value="StructureDefinition-Location-dgc.html"/></extension><reference><reference value="StructureDefinition/Location-dgc"/></reference><name value="Location (Digital Green Certificate)"/><description value="This profile defines how to represent Location in FHIR for building a Digital Green Certificate. This is used to describe optionally where the vaccination occured"/><groupingId value="_str_profile"/></resource><resource><extension url="http://hl7.org/fhir/StructureDefinition/implementationguide-page"><valueUri value="StructureDefinition-Observation-dgc.html"/></extension><reference><reference value="StructureDefinition/Observation-dgc"/></reference><name value="Observation - Test Result (Digital Green Certificate)"/><description value="This profile defines how to represent Test Results in a Digital Green Certificate."/><groupingId value="_str_profile"/></resource><resource><extension url="http://hl7.org/fhir/StructureDefinition/implementationguide-page"><valueUri value="ValueSet-atc-vaccines-covid-19.html"/></extension><reference><reference value="ValueSet/atc-vaccines-covid-19"/></reference><name value="ATC Vaccine List (COVID-19)"/><description value="Vaccine List (COVID-19) from [ATC]"/><groupingId value="_term_valueset"/></resource><resource><extension url="http://hl7.org/fhir/StructureDefinition/implementationguide-page"><valueUri value="ValueSet-vaccines-covid-19.html"/></extension><reference><reference value="ValueSet/vaccines-covid-19"/></reference><name value="Vaccine List (COVID-19)"/><description value="Vaccine List (COVID-19)"/><groupingId value="_term_valueset"/></resource><resource><extension url="http://hl7.org/fhir/StructureDefinition/implementationguide-page"><valueUri value="StructureDefinition-Vaccinazione.html"/></extension><reference><reference value="StructureDefinition/Vaccinazione"/></reference><name value="Vaccinazione"/><description value="Dati Vaccinazione"/><groupingId value="_str_logicalmodel"/></resource><resource><extension url="http://hl7.org/fhir/StructureDefinition/implementationguide-page"><valueUri value="ValueSet-covid-19-lab-result.html"/></extension><reference><reference value="ValueSet/covid-19-lab-result"/></reference><name value="COVID-19 Lab Result"/><description value="COVID-19 Lab Result"/><groupingId value="_term_valueset"/></resource><resource><extension url="http://hl7.org/fhir/StructureDefinition/implementationguide-page"><valueUri value="ValueSet-vaccines-covid-19-names.html"/></extension><reference><reference value="ValueSet/vaccines-covid-19-names"/></reference><name value="Vaccine Name List (COVID-19)"/><description value="Vaccine Name List (COVID-19)"/><groupingId value="_term_valueset"/></resource><resource><extension url="http://hl7.org/fhir/StructureDefinition/implementationguide-page"><valueUri value="ValueSet-icd11-vaccines-covid-19.html"/></extension><reference><reference value="ValueSet/icd11-vaccines-covid-19"/></reference><name value="ICD11 Vaccine List (COVID-19)"/><description value="Vaccine List (COVID-19) from [ICD 11]"/><groupingId value="_term_valueset"/></resource><resource><extension url="http://hl7.org/fhir/StructureDefinition/implementationguide-page"><valueUri value="StructureDefinition-Organizzazione.html"/></extension><reference><reference value="StructureDefinition/Organizzazione"/></reference><name value="Organizzazione"/><description value="Organizzazione"/><groupingId value="_str_logicalmodel"/></resource><resource><extension url="http://hl7.org/fhir/StructureDefinition/implementationguide-page"><valueUri value="StructureDefinition-Observation-CovidImmunity.html"/></extension><reference><reference value="StructureDefinition/Observation-CovidImmunity"/></reference><name value="Observation - Covid Immunity"/><description value="This profile defines how to represent Covid with (presumed) Immunity in a Digital Green Certificate."/><groupingId value="_str_profile"/></resource><resource><extension url="http://hl7.org/fhir/StructureDefinition/implementationguide-page"><valueUri value="ValueSet-loinc-disease-immunity.html"/></extension><reference><reference value="ValueSet/loinc-disease-immunity"/></reference><name value="LOINC Disease with Immunity"/><description value="Disease with Immunity [LOINC]"/><groupingId value="_term_valueset"/></resource><resource><extension url="http://hl7.org/fhir/StructureDefinition/implementationguide-page"><valueUri value="StructureDefinition-vaccinationCertificatePV.html"/></extension><reference><reference value="StructureDefinition/vaccinationCertificatePV"/></reference><name value="EU Digital Green Certificate - Private Venue"/><description value="Logical Model representing the EU Digital Green Certificate for Private Venue"/><groupingId value="_str_logicalmodel"/></resource><resource><extension url="http://hl7.org/fhir/StructureDefinition/implementationguide-page"><valueUri value="StructureDefinition-Patient-dgc.html"/></extension><reference><reference value="StructureDefinition/Patient-dgc"/></reference><name value="Patient (Digital Green Certificate)"/><description value="This profile defines how to represent Patient Data in a Digital Green Certificate."/><groupingId value="_str_profile"/></resource><page><nameUrl value="toc.html"/><title value="Table of Contents"/><generation value="html"/><page><nameUrl value="index.html"/><title value="Digital Green Certificate - Home Page"/><generation value="markdown"/></page><page><nameUrl value="models.html"/><title value="Modelli Logici"/><generation value="markdown"/></page><page><nameUrl value="profiles.html"/><title value="Profili FHIR"/><generation value="markdown"/></page><page><nameUrl value="terminologies.html"/><title value="Terminologie"/><generation value="markdown"/></page><page><nameUrl value="downloads.html"/><title value="Useful Downloads"/><generation value="html"/></page><page><nameUrl value="changes.html"/><title value="IG Change History"/><generation value="html"/></page><page><nameUrl value="artifacts.html"/><title value="Artifacts Summary"/><generation value="html"/><page><nameUrl value="StructureDefinition-vaccinationCertificateBC.html"/><title value="EU Digital Green Certificate - Border Control"/><generation value="generated"/></page><page><nameUrl value="StructureDefinition-CertificatoVaccinale.html"/><title value="Certificato Vaccinale"/><generation value="generated"/></page><page><nameUrl value="StructureDefinition-Soggetto.html"/><title value="Soggetto "/><generation value="generated"/></page><page><nameUrl value="StructureDefinition-OperatoreSanitario.html"/><title value="Operatore Sanitario"/><generation value="generated"/></page><page><nameUrl value="StructureDefinition-vaccinationCertificateMD.html"/><title value="EU Digital Green Certificate - Medical Use"/><generation value="generated"/></page><page><nameUrl value="StructureDefinition-vaccinationCertificate.html"/><title value="EU Digital Green Certificate"/><generation value="generated"/></page><page><nameUrl value="StructureDefinition-Vaccinazione.html"/><title value="Vaccinazione"/><generation value="generated"/></page><page><nameUrl value="StructureDefinition-Organizzazione.html"/><title value="Organizzazione"/><generation value="generated"/></page><page><nameUrl value="StructureDefinition-vaccinationCertificatePV.html"/><title value="EU Digital Green Certificate - Private Venue"/><generation value="generated"/></page><page><nameUrl value="StructureDefinition-Immunization-dgc.html"/><title value="Immunization (Digital Green Certificate)"/><generation value="generated"/></page><page><nameUrl value="StructureDefinition-Composition-dgc.html"/><title value="Composition (Digital Green Certificate)"/><generation value="generated"/></page><page><nameUrl value="StructureDefinition-ImmunizationRecommendation-dgc.html"/><title value="ImmunizationRecommendation (Digital Green Certificate)"/><generation value="generated"/></page><page><nameUrl value="StructureDefinition-Bundle-dgc.html"/><title value="Bundle (Digital Green Certificate)"/><generation value="generated"/></page><page><nameUrl value="StructureDefinition-Location-dgc.html"/><title value="Location (Digital Green Certificate)"/><generation value="generated"/></page><page><nameUrl value="StructureDefinition-Observation-dgc.html"/><title value="Observation - Test Result (Digital Green Certificate)"/><generation value="generated"/></page><page><nameUrl value="StructureDefinition-Observation-CovidImmunity.html"/><title value="Observation - Covid Immunity"/><generation value="generated"/></page><page><nameUrl value="StructureDefinition-Patient-dgc.html"/><title value="Patient (Digital Green Certificate)"/><generation value="generated"/></page><page><nameUrl value="ValueSet-vaccines-covid-19-auth-holders.html"/><title value="Vaccine marketing authorization holder or Vaccine manufacturer (COVID-19)"/><generation value="generated"/></page><page><nameUrl value="ValueSet-npu-covid-19-non-rapid-tests.html"/><title value="NPU Test List, Non-Rapid (COVID-19)"/><generation value="generated"/></page><page><nameUrl value="ValueSet-covid-19-lab-test-manufacturer-and-name.html"/><title value="COVID-19 Lab Test Manufacturer And Name"/><generation value="generated"/></page><page><nameUrl value="ValueSet-npu-covid-19-rapid-tests.html"/><title value="NPU Rapid Test List (COVID-19)"/><generation value="generated"/></page><page><nameUrl value="ValueSet-sct-vaccines-covid-19.html"/><title value="SNOMED CT Vaccine List (COVID-19)"/><generation value="generated"/></page><page><nameUrl value="ValueSet-covid-19-lab-methods.html"/><title value="COVID-19 Lab Methods"/><generation value="generated"/></page><page><nameUrl value="ValueSet-loinc-tests-covid-19.html"/><title value="LOINC Test List (COVID-19)"/><generation value="generated"/></page><page><nameUrl value="ValueSet-covid-19-diseases.html"/><title value="COVID-19 Diseases"/><generation value="generated"/></page><page><nameUrl value="ValueSet-atc-vaccines-covid-19.html"/><title value="ATC Vaccine List (COVID-19)"/><generation value="generated"/></page><page><nameUrl value="ValueSet-vaccines-covid-19.html"/><title value="Vaccine List (COVID-19)"/><generation value="generated"/></page><page><nameUrl value="ValueSet-covid-19-lab-result.html"/><title value="COVID-19 Lab Result"/><generation value="generated"/></page><page><nameUrl value="ValueSet-vaccines-covid-19-names.html"/><title value="Vaccine Name List (COVID-19)"/><generation value="generated"/></page><page><nameUrl value="ValueSet-icd11-vaccines-covid-19.html"/><title value="ICD11 Vaccine List (COVID-19)"/><generation value="generated"/></page><page><nameUrl value="ValueSet-loinc-disease-immunity.html"/><title value="LOINC Disease with Immunity"/><generation value="generated"/></page><page><nameUrl value="ConceptMap-Covid19LabTestsNPUToLOINCMap.html"/><title value="COVID-19 Lab Tests NPU to LOINC Map"/><generation value="generated"/></page><page><nameUrl value="ConceptMap-Covid19VaccinesSnomedToICD11Map.html"/><title value="COVID-19 Vaccines SNOMED CT To ICD11 Map"/><generation value="generated"/></page><page><nameUrl value="Bundle-svc-Bundle-01.html"/><title value="Two doses (Immunization)"/><generation value="generated"/></page><page><nameUrl value="Bundle-svc-Bundle-02.html"/><title value="Only first dose given (Immunization)"/><generation value="generated"/></page><page><nameUrl value="Bundle-svc-Bundle-03.html"/><title value="Second dose not given (Immunization)"/><generation value="generated"/></page><page><nameUrl value="Bundle-svc-Bundle-04.html"/><title value="Second dose not given (ImmunizationRecommendation)"/><generation value="generated"/></page><page><nameUrl value="Bundle-svc-Bundle-05.html"/><title value="Only planned vaccinations (ImmunizationRecommendation)"/><generation value="generated"/></page><page><nameUrl value="Bundle-svc-Bundle-06.html"/><title value="Second dose not given due to adverse reaction"/><generation value="generated"/></page><page><nameUrl value="Bundle-svc-Bundle-07.html"/><title value="Only first dose given + QR (Immunization)"/><generation value="generated"/></page><page><nameUrl value="Bundle-svc-Bundle-08.html"/><title value="Two doses given (Immunization)"/><generation value="generated"/></page><page><nameUrl value="Patient-example-it-1.html"/><title value="Patient"/><generation value="generated"/></page><page><nameUrl value="Immunization-example-it-1-1.html"/><title value="Immunization"/><generation value="generated"/></page><page><nameUrl value="Immunization-example-it-1-2.html"/><title value="Immunization"/><generation value="generated"/></page><page><nameUrl value="Organization-org-example-it.html"/><title value="Organization"/><generation value="generated"/></page></page></page><parameter><code value="path-resource"/><value value="input/capabilities"/></parameter><parameter><code value="path-resource"/><value value="input/examples"/></parameter><parameter><code value="path-resource"/><value value="input/extensions"/></parameter><parameter><code value="path-resource"/><value value="input/models"/></parameter><parameter><code value="path-resource"/><value value="input/operations"/></parameter><parameter><code value="path-resource"/><value value="input/profiles"/></parameter><parameter><code value="path-resource"/><value value="input/resources"/></parameter><parameter><code value="path-resource"/><value value="input/vocabulary"/></parameter><parameter><code value="path-resource"/><value value="input/maps"/></parameter><parameter><code value="path-resource"/><value value="input/testing"/></parameter><parameter><code value="path-resource"/><value value="input/history"/></parameter><parameter><code value="path-resource"/><value value="fsh-generated/resources"/></parameter><parameter><code value="path-pages"/><value value="template/config"/></parameter><parameter><code value="path-pages"/><value value="input/images"/></parameter><parameter><code value="path-tx-cache"/><value value="input-cache/txcache"/></parameter></definition></ImplementationGuide>