<?xml version="1.0" encoding="UTF-8"?><ValueSet xmlns="http://hl7.org/fhir"><id value="loinc-disease-immunity"/><text><status value="generated"/><div xmlns="http://www.w3.org/1999/xhtml"><ul><li>Include these codes as defined in <a href="http://loinc.org"><code>http://loinc.org</code></a><table class="none"><tr><td style="white-space:nowrap"><b>Code</b></td><td><b>Display</b></td></tr><tr><td><a href="http://details.loinc.org/LOINC/75505-8.html">75505-8</a></td><td>Diseases with serologic evidence of immunity</td></tr><tr><td><a href="http://details.loinc.org/LOINC/59784-9.html">59784-9</a></td><td>Disease with presumed immunity</td></tr></table></li></ul></div></text><url value="http://hl7.it/fhir/dgc/ValueSet/loinc-disease-immunity"/><version value="0.1.1"/><name value="LoincDiseaseWithImmunity"/><title value="LOINC Disease with Immunity"/><status value="draft"/><date value="2021-05-02T19:49:34+00:00"/><publisher value="HL7 Italia"/><contact><telecom><system value="url"/><value value="http://hl7.it"/></telecom></contact><description value="Disease with Immunity [LOINC]"/><jurisdiction><coding><system value="urn:iso:std:iso:3166"/><code value="IT"/></coding></jurisdiction><compose><include><system value="http://loinc.org"/><concept><code value="75505-8"/><display value="Diseases with serologic evidence of immunity"/></concept><concept><code value="59784-9"/><display value="Disease with presumed immunity"/></concept></include></compose></ValueSet>