<?xml version="1.0" encoding="UTF-8"?><ValueSet xmlns="http://hl7.org/fhir"><id value="covid-19-lab-methods"/><text><status value="generated"/><div xmlns="http://www.w3.org/1999/xhtml"><ul><li>Include these codes as defined in <a href="http://loinc.org"><code>http://loinc.org</code></a><table class="none"><tr><td style="white-space:nowrap"><b>Code</b></td><td><b>Display</b></td></tr><tr><td><a href="http://details.loinc.org/LOINC/LP6464-4.html">LP6464-4</a></td><td>Nucleic acid amplification with probe detection</td></tr><tr><td><a href="http://details.loinc.org/LOINC/LP217198-3.html">LP217198-3</a></td><td>Rapid immunoassay</td></tr></table></li></ul></div></text><url value="http://hl7.it/fhir/dgc/ValueSet/covid-19-lab-methods"/><version value="0.1.1"/><name value="Covid19LabMethods"/><title value="COVID-19 Lab Methods"/><status value="draft"/><date value="2021-05-02T16:08:48+00:00"/><publisher value="HL7 Italia"/><contact><telecom><system value="url"/><value value="http://hl7.it"/></telecom></contact><description value="COVID-19 Laboratory Methods"/><jurisdiction><coding><system value="urn:iso:std:iso:3166"/><code value="IT"/></coding></jurisdiction><compose><include><system value="http://loinc.org"/><concept><code value="LP6464-4"/><display value="Nucleic acid amplification with probe detection"/></concept><concept><code value="LP217198-3"/><display value="Rapid immunoassay"/></concept></include></compose></ValueSet>