<?xml version="1.0" encoding="UTF-8"?><ValueSet xmlns="http://hl7.org/fhir"><id value="vaccines-covid-19-names"/><text><status value="generated"/><div xmlns="http://www.w3.org/1999/xhtml"><p>This value set includes codes based on the following rules:</p><ul><li>Include these codes as defined in <code>https://ec.europa.eu/health/documents/community-register/html/</code><table class="none"><tr><td style="white-space:nowrap"><b>Code</b></td><td><b>Display</b></td></tr><tr><td>EU/1/20/1528</td><td>Comirnaty</td></tr><tr><td>EU/1/20/1507</td><td>COVID-19 Vaccine Moderna</td></tr><tr><td>EU/1/21/1529</td><td>Vaxzevria</td></tr><tr><td>EU/1/20/1525</td><td>COVID-19 Vaccine Janssen</td></tr></table></li><li>Include these codes as defined in <code>http://tempvaccine.eu</code><table class="none"><tr><td style="white-space:nowrap"><b>Code</b></td><td><b>Display</b></td></tr><tr><td>sputnik-v</td><td>Sputnik V</td></tr><tr><td>CVnCoV</td><td>CVnCoV</td></tr><tr><td>Convidecia</td><td>Convidecia</td></tr><tr><td>EpiVacCorona</td><td>EpiVacCorona</td></tr><tr><td>BBIBP-CorV</td><td>BBIBP-CorV</td></tr><tr><td>CoronaVac</td><td>CoronaVac</td></tr></table></li></ul></div></text><url value="http://hl7.it/fhir/dgc/ValueSet/vaccines-covid-19-names"/><version value="0.1.1"/><name value="Covid19VaccineNames"/><title value="Vaccine Name List (COVID-19)"/><status value="draft"/><date value="2021-05-01T22:01:09+00:00"/><publisher value="HL7 Italia"/><contact><telecom><system value="url"/><value value="http://hl7.it"/></telecom></contact><description value="Vaccine Name List (COVID-19)"/><jurisdiction><coding><system value="urn:iso:std:iso:3166"/><code value="IT"/></coding></jurisdiction><compose><include><system value="https://ec.europa.eu/health/documents/community-register/html/"/><concept><code value="EU/1/20/1528"/><display value="Comirnaty"/></concept><concept><code value="EU/1/20/1507"/><display value="COVID-19 Vaccine Moderna"/></concept><concept><code value="EU/1/21/1529"/><display value="Vaxzevria"/></concept><concept><code value="EU/1/20/1525"/><display value="COVID-19 Vaccine Janssen"/></concept></include><include><system value="http://tempvaccine.eu"/><concept><code value="sputnik-v"/><display value="Sputnik V"/></concept><concept><code value="CVnCoV"/><display value="CVnCoV"/></concept><concept><code value="Convidecia"/><display value="Convidecia"/></concept><concept><code value="EpiVacCorona"/><display value="EpiVacCorona"/></concept><concept><code value="BBIBP-CorV"/><display value="BBIBP-CorV"/></concept><concept><code value="CoronaVac"/><display value="CoronaVac"/></concept></include></compose></ValueSet>