<?xml version="1.0" encoding="UTF-8"?><ValueSet xmlns="http://hl7.org/fhir"><id value="sct-vaccines-covid-19"/><text><status value="generated"/><div xmlns="http://www.w3.org/1999/xhtml"><ul><li>Include these codes as defined in <a href="http://www.snomed.org/"><code>http://snomed.info/sct</code></a><table class="none"><tr><td style="white-space:nowrap"><b>Code</b></td><td><b>Display</b></td></tr><tr><td><a href="http://browser.ihtsdotools.org/?perspective=full&amp;conceptId1=1119349007">1119349007</a></td><td>SARS-CoV-2 mRNA vaccine</td></tr><tr><td><a href="http://browser.ihtsdotools.org/?perspective=full&amp;conceptId1=1119305005">1119305005</a></td><td>SARS-CoV-2 antigen vaccine</td></tr></table></li></ul></div></text><url value="http://hl7.it/fhir/dgc/ValueSet/sct-vaccines-covid-19"/><version value="0.1.1"/><name value="SctCovid19Vaccines"/><title value="SNOMED CT Vaccine List (COVID-19)"/><status value="draft"/><date value="2021-05-01T22:01:09+00:00"/><publisher value="HL7 Italia"/><contact><telecom><system value="url"/><value value="http://hl7.it"/></telecom></contact><description value="Vaccine List (COVID-19) from [SNOMED CT]"/><jurisdiction><coding><system value="urn:iso:std:iso:3166"/><code value="IT"/></coding></jurisdiction><compose><include><system value="http://snomed.info/sct"/><concept><code value="1119349007"/><display value="SARS-CoV-2 mRNA vaccine"/></concept><concept><code value="1119305005"/><display value="SARS-CoV-2 antigen vaccine"/></concept></include></compose></ValueSet>