<?xml version="1.0" encoding="UTF-8"?>

<Bundle xmlns="http://hl7.org/fhir">
  <id value="svc-Bundle-04"/>
  <identifier>
    <system value="http://hl7.eu/fhir/sid/uvci"/>
    <value value="V1IT454557891308174803488707671418"/>
    <period>
      <start value="2021-02-10"/>
    </period>
  </identifier>
  <type value="document"/>
  <timestamp value="2021-02-10T14:30:00+01:00"/>
  <entry>
    <fullUrl value="urn:uuid:30551ce1-5a28-4356-b684-1e639094ad4d"/>
    <resource>
      <Composition>
        <id value="30551ce1-5a28-4356-b684-1e639094ad4d"/>
        <text>
          <status value="generated"/><div xmlns="http://www.w3.org/1999/xhtml"><p><b>Generated Narrative</b></p><p><b>identifier</b>: id: 3f69e0a5-2177-4540-baab-7a5d0877428f</p><p><b>status</b>: final</p><p><b>type</b>: <span title="Codes: {http://loinc.org 82593-5}">Immunization summary report</span></p><p><b>date</b>: Feb 10, 2021, 1:30:00 PM</p><p><b>author</b>: <a href="#Practitioner_d7a490a1-d267-4785-ac98-db56748827fb">See above (Practitioner/d7a490a1-d267-4785-ac98-db56748827fb)</a></p><p><b>title</b>: Vaccine Certificate Covid-19</p><h3>Attesters</h3><table class="grid"><tr><td>-</td><td><b>Mode</b></td><td><b>Time</b></td><td><b>Party</b></td></tr><tr><td>*</td><td>legal</td><td>Dec 27, 2020, 1:30:00 PM</td><td><a href="#Organization_45a5c5b1-4ec1-4d60-b4b2-ff5a84a41fd7">See above (Organization/45a5c5b1-4ec1-4d60-b4b2-ff5a84a41fd7)</a></td></tr></table><p><b>custodian</b>: <a href="#Organization_b66c1b23-21e9-4bd0-9cd7-edd806c126de">See above (Organization/b66c1b23-21e9-4bd0-9cd7-edd806c126de)</a></p></div>
        </text>
        <identifier>
          <system value="urn:oid:2.16.724.4.8.10.200.10"/>
          <value value="3f69e0a5-2177-4540-baab-7a5d0877428f"/>
        </identifier>
        <status value="final"/>
        <type>
          <coding>
            <system value="http://loinc.org"/>
            <code value="82593-5"/>
            <display value="Immunization summary report"/>
          </coding>
        </type>
        <subject>
          <reference value="urn:uuid:2b90dd2b-2dab-4c75-9bb9-a355e07401e8"/>
        </subject>
        <date value="2021-02-10T14:30:00+01:00"/>
        <author>
          <reference value="urn:uuid:d7a490a1-d267-4785-ac98-db56748827fb"/>
        </author>
        <title value="Vaccine Certificate Covid-19"/>
        <attester>
          <mode value="legal"/>
          <time value="2020-12-27T14:30:00+01:00"/>
          <party>
            <reference value="urn:uuid:45a5c5b1-4ec1-4d60-b4b2-ff5a84a41fd7"/>
          </party>
        </attester>
        <custodian>
          <reference value="urn:uuid:b66c1b23-21e9-4bd0-9cd7-edd806c126de"/>
        </custodian>
        <section>
          <title value="Vaccinations"/>
          <code>
            <coding>
              <system value="http://loinc.org"/>
              <code value="11369-6"/>
              <display value="Hx of Immunization"/>
            </coding>
          </code>
          <text>
            <status value="generated"/><div xmlns="http://www.w3.org/1999/xhtml"><p><strong>Maria Rossi (RSSMRA97L67Z602C)</strong></p><p><span>COVID-19 mRNA Vaccine&nbsp;</span></p><p>Last Update: 2021-02-05</p><ol><li>Dose 1/2<ol><li>Date and time of vaccination: 2021-01-10</li><li><span>AIC#049283: COVID-19 Vaccine Moderna (MODERNA BIOTECH SPAIN, S.L.) - Lot#B1235742&nbsp;</span></li><li>Ospedale Careggi - Firenze</li></ol></li><li>Dose 2/2<ol><li>Date vaccine due: 2021-02-07</li><li>Status: contraindicated (Medical Precaution)</li></ol></li></ol></div>
          </text>
          <entry>
            <reference value="urn:uuid:c220e36c-eb67-4fc4-9ba1-2fabc52acec6"/>
          </entry>
        </section>
      </Composition>
    </resource>
  </entry>
  <entry>
    <fullUrl value="urn:uuid:2b90dd2b-2dab-4c75-9bb9-a355e07401e8"/>
    <resource>
      <Patient>
        <id value="2b90dd2b-2dab-4c75-9bb9-a355e07401e8"/>
        <text>
          <status value="generated"/><div xmlns="http://www.w3.org/1999/xhtml"><p><b>Generated Narrative</b></p><p><b>identifier</b>: id: RSSMRA97L67Z602C</p><p><b>name</b>: Maria Rossi </p><p><b>gender</b>: female</p><p><b>birthDate</b>: 1997-07-28</p></div>
        </text>
        <identifier>
          <system value="http://hl7.it/sid/codiceFiscale"/>
          <value value="RSSMRA97L67Z602C"/>
        </identifier>
        <name>
          <family value="Rossi"/>
          <given value="Maria"/>
        </name>
        <gender value="female"/>
        <birthDate value="1997-07-28"/>
      </Patient>
    </resource>
  </entry>
  <entry>
    <fullUrl value="urn:uuid:c220e36c-eb67-4fc4-9ba1-2fabc52acec6"/>
    <resource>
      <ImmunizationRecommendation>
        <id value="c220e36c-eb67-4fc4-9ba1-2fabc52acec6"/>
        <text>
          <status value="generated"/><div xmlns="http://www.w3.org/1999/xhtml"><p><b>Generated Narrative</b></p><p><b>patient</b>: <a href="#Patient_2b90dd2b-2dab-4c75-9bb9-a355e07401e8">See above (Patient/2b90dd2b-2dab-4c75-9bb9-a355e07401e8)</a></p><p><b>date</b>: 2021-02-05</p><blockquote><p><b>recommendation</b></p><p><b>vaccineCode</b>: <span title="Codes: {http://snomed.info/sct 1119349007}">Severe acute respiratory syndrome coronavirus 2 mRNA only vaccine product</span></p><p><b>forecastStatus</b>: <span title="Codes: {http://terminology.hl7.org/CodeSystem/immunization-recommendation-status contraindicated}">Contraindicated</span></p><p><b>forecastReason</b>: <span title="Codes: {http://terminology.hl7.org/CodeSystem/v3-ActReason MEDPREC}">medical precaution</span></p><h3>DateCriterions</h3><table class="grid"><tr><td>-</td><td><b>Code</b></td><td><b>Value</b></td></tr><tr><td>*</td><td><span title="Codes: {http://loinc.org 30980-7}">Date vaccine due</span></td><td>2021-02-07</td></tr></table><p><b>doseNumber</b>: 2</p><p><b>seriesDoses</b>: 2</p><p><b>supportingImmunization</b>: <a href="#Immunization_42befbaf-eba8-44ec-b7d6-0e4a996e0760">See above (Immunization/42befbaf-eba8-44ec-b7d6-0e4a996e0760)</a></p></blockquote></div>
        </text>
        <patient>
          <reference value="urn:uuid:2b90dd2b-2dab-4c75-9bb9-a355e07401e8"/>
        </patient>
        <date value="2021-02-05"/>
        <recommendation>
          <vaccineCode>
            <coding>
              <system value="http://snomed.info/sct"/>
              <code value="1119349007"/>
              <display value="Severe acute respiratory syndrome coronavirus 2 mRNA only vaccine product"/>
            </coding>
          </vaccineCode>
          <forecastStatus>
            <coding>
              <system value="http://terminology.hl7.org/CodeSystem/immunization-recommendation-status"/>
              <code value="contraindicated"/>
            </coding>
          </forecastStatus>
          <forecastReason>
            <coding>
              <system value="http://terminology.hl7.org/CodeSystem/v3-ActReason"/>
              <code value="MEDPREC"/>
              <display value="medical precaution"/>
            </coding>
          </forecastReason>
          <dateCriterion>
            <code>
              <coding>
                <system value="http://loinc.org"/>
                <code value="30980-7"/>
                <display value="Date vaccine due"/>
              </coding>
            </code>
            <value value="2021-02-07"/>
          </dateCriterion>
          <doseNumberPositiveInt value="2"/>
          <seriesDosesPositiveInt value="2"/>
          <supportingImmunization>
            <reference value="urn:uuid:42befbaf-eba8-44ec-b7d6-0e4a996e0760"/>
          </supportingImmunization>
        </recommendation>
      </ImmunizationRecommendation>
    </resource>
  </entry>
  <entry>
    <fullUrl value="urn:uuid:45a5c5b1-4ec1-4d60-b4b2-ff5a84a41fd7"/>
    <resource>
      <Organization>
        <id value="45a5c5b1-4ec1-4d60-b4b2-ff5a84a41fd7"/>
        <text>
          <status value="generated"/><div xmlns="http://www.w3.org/1999/xhtml"><p><b>Generated Narrative</b></p><p><b>identifier</b>: id: 090903</p><p><b>name</b>: AZ. OSPEDALIERO - UNIVERSITARIA CAREGGI</p></div>
        </text>
        <identifier>
          <system value="http://terminology.hl7.it/CodeSystem/minsan-hsp"/>
          <value value="090903"/>
        </identifier>
        <name value="AZ. OSPEDALIERO - UNIVERSITARIA CAREGGI"/>
      </Organization>
    </resource>
  </entry>
  <entry>
    <fullUrl value="urn:uuid:b66c1b23-21e9-4bd0-9cd7-edd806c126de"/>
    <resource>
      <Organization>
        <id value="b66c1b23-21e9-4bd0-9cd7-edd806c126de"/>
        <text>
          <status value="generated"/><div xmlns="http://www.w3.org/1999/xhtml"><p><b>Generated Narrative</b></p><p><b>identifier</b>: id: 090</p><p><b>name</b>: Regione Toscana</p></div>
        </text>
        <identifier>
          <system value="http://terminology.hl7.it/CodeSystem/minsan-regione"/>
          <value value="090"/>
        </identifier>
        <name value="Regione Toscana"/>
      </Organization>
    </resource>
  </entry>
  <entry>
    <fullUrl value="urn:uuid:d7a490a1-d267-4785-ac98-db56748827fb"/>
    <resource>
      <Practitioner>
        <id value="d7a490a1-d267-4785-ac98-db56748827fb"/>
        <text>
          <status value="generated"/><div xmlns="http://www.w3.org/1999/xhtml"><p><b>Generated Narrative</b></p><p><b>identifier</b>: id: VRDRCR70H08H703B</p></div>
        </text>
        <identifier>
          <system value="http://hl7.it/sid/codiceFiscale"/>
          <value value="VRDRCR70H08H703B"/>
        </identifier>
      </Practitioner>
    </resource>
  </entry>
  <entry>
    <fullUrl value="urn:uuid:42befbaf-eba8-44ec-b7d6-0e4a996e0760"/>
    <resource>
      <Immunization>
        <id value="42befbaf-eba8-44ec-b7d6-0e4a996e0760"/>
        <text>
          <status value="generated"/><div xmlns="http://www.w3.org/1999/xhtml"><p><b>Generated Narrative</b></p><p><b>status</b>: completed</p><p><b>vaccineCode</b>: <span title="Codes: {http://snomed.info/sct 1119349007}, {https://www.aifa.gov.it/aic 049283}">COVID-19 Vaccine Moderna</span></p><p><b>patient</b>: <a href="#Patient_2b90dd2b-2dab-4c75-9bb9-a355e07401e8">See above (Patient/2b90dd2b-2dab-4c75-9bb9-a355e07401e8)</a></p><p><b>occurrence</b>: 2021-01-10</p><p><b>location</b>: <a href="#Location_55a5c5b1-4ec1-4d60-b4b2-ff5a84a41fd8">See above (Location/55a5c5b1-4ec1-4d60-b4b2-ff5a84a41fd8)</a></p><p><b>manufacturer</b>: <span>MODERNA BIOTECH SPAIN, S.L.</span></p><p><b>lotNumber</b>: B1235742</p><blockquote><p><b>performer</b></p><p><b>actor</b>: <a href="#Organization_45a5c5b1-4ec1-4d60-b4b2-ff5a84a41fd7">Ospedale Careggi - Firenze. Generated Summary: id: 090903; name: AZ. OSPEDALIERO - UNIVERSITARIA CAREGGI</a></p></blockquote><blockquote><p><b>performer</b></p><p><b>actor</b>: <a href="#Practitioner_d7a490a1-d267-4785-ac98-db56748827fb">See above (Practitioner/d7a490a1-d267-4785-ac98-db56748827fb)</a></p></blockquote><h3>ProtocolApplieds</h3><table class="grid"><tr><td>-</td><td><b>TargetDisease</b></td><td><b>DoseNumber[x]</b></td><td><b>SeriesDoses[x]</b></td></tr><tr><td>*</td><td><span title="Codes: {http://hl7.org/fhir/sid/icd-10 J12.82}">Pneumonia due to coronavirus disease 2019</span></td><td>1</td><td>2</td></tr></table></div>
        </text>
        <status value="completed"/>
        <vaccineCode>
          <coding>
            <system value="http://snomed.info/sct"/>
            <code value="1119349007"/>
            <display value="Severe acute respiratory syndrome coronavirus 2 mRNA only vaccine product"/>
          </coding>
          <coding>
            <system value="https://www.aifa.gov.it/aic"/>
            <code value="049283"/>
            <display value="COVID-19 Vaccine Moderna"/>
          </coding>
          <text value="COVID-19 Vaccine Moderna"/>
        </vaccineCode>
        <patient>
          <reference value="urn:uuid:2b90dd2b-2dab-4c75-9bb9-a355e07401e8"/>
        </patient>
        <occurrenceDateTime value="2021-01-10"/>
        <location>
          <reference value="urn:uuid:55a5c5b1-4ec1-4d60-b4b2-ff5a84a41fd8"/>
        </location>
        <manufacturer>
          <display value="MODERNA BIOTECH SPAIN, S.L."/>
        </manufacturer>
        <lotNumber value="B1235742"/>
        <performer>
          <actor>
            <reference value="urn:uuid:45a5c5b1-4ec1-4d60-b4b2-ff5a84a41fd7"/>
            <display value="Ospedale Careggi - Firenze"/>
          </actor>
        </performer>
        <performer>
          <actor>
            <reference value="urn:uuid:d7a490a1-d267-4785-ac98-db56748827fb"/>
          </actor>
        </performer>
        <protocolApplied>
          <targetDisease>
            <coding>
              <system value="http://hl7.org/fhir/sid/icd-10"/>
              <code value="J12.82"/>
              <display value="Pneumonia due to coronavirus disease 2019"/>
            </coding>
          </targetDisease>
          <doseNumberPositiveInt value="1"/>
          <seriesDosesPositiveInt value="2"/>
        </protocolApplied>
      </Immunization>
    </resource>
  </entry>
  <entry>
    <fullUrl value="urn:uuid:55a5c5b1-4ec1-4d60-b4b2-ff5a84a41fd8"/>
    <resource>
      <Location>
        <id value="55a5c5b1-4ec1-4d60-b4b2-ff5a84a41fd8"/>
        <text>
          <status value="generated"/><div xmlns="http://www.w3.org/1999/xhtml"><p><b>Generated Narrative</b></p><p><b>name</b>: AZ. OSPEDALIERO - UNIVERSITARIA CAREGGI</p><p><b>address</b>: Firenze IT </p></div>
        </text>
        <name value="AZ. OSPEDALIERO - UNIVERSITARIA CAREGGI"/>
        <address>
          <city value="Firenze"/>
          <country value="IT"/>
        </address>
      </Location>
    </resource>
  </entry>
</Bundle>