<?xml version="1.0" encoding="UTF-8"?>

<ConceptMap xmlns="http://hl7.org/fhir">
  <id value="Covid19LabTestsNPUToLOINCMap"/>
  <text>
    <status value="extensions"/><div xmlns="http://www.w3.org/1999/xhtml"><h2>Covid19LabTestsNPUToLOINCMap (http://hl7.it/fhir/dgc/ConceptMap/Covid19LabTestsNPUToLOINCMap)</h2><p>Mapping from http://npu-terminology.org to <a href="http://terminology.hl7.org/2.1.0/CodeSystem-v3-loinc.html">http://loinc.org</a></p><p>DRAFT. Published on May 1, 2021, 10:01:09 PM by HL7 Italia (<a href="http://hl7.it">http://hl7.it</a>). </p><div><p>COVID-19 Lab Tests NPU to LOINC Map</p>
</div><br/><table class="grid"><tr><td><b>Source Code</b></td><td><b>Relationship</b></td><td><b>Destination Code</b></td></tr><tr><td>NPU59310</td><td><a href="http://hl7.org/fhir/R4/codesystem-concept-map-equivalence.html#wider">maps to wider concept</a></td><td>94558-4</td></tr></table></div>
  </text>
  <url value="http://hl7.it/fhir/dgc/ConceptMap/Covid19LabTestsNPUToLOINCMap"/>
  <version value="0.1.1"/>
  <name value="Covid19LabTestsNPUToLOINCMap"/>
  <title value="COVID-19 Lab Tests NPU to LOINC Map"/>
  <status value="draft"/>
  <experimental value="false"/>
  <date value="2021-05-01T22:01:09+00:00"/>
  <publisher value="HL7 Italia"/>
  <contact>
    <telecom>
      <system value="url"/>
      <value value="http://hl7.it"/>
    </telecom>
  </contact>
  <description value="COVID-19 Lab Tests NPU to LOINC Map"/>
  <jurisdiction>
    <coding>
      <system value="urn:iso:std:iso:3166"/>
      <code value="IT"/>
    </coding>
  </jurisdiction>
  <sourceUri value="http://npu-terminology.org"/>
  <targetUri value="http://loinc.org"/>
  <group>
    <element>
      <code value="NPU59310"/>
      <target>
        <code value="94558-4"/>
        <equivalence value="wider"/>
      </target>
    </element>
  </group>
</ConceptMap>