{
  "resourceType" : "Bundle",
  "id" : "d8654678-f8b8-47df-bc99-95cfa1fbca96",
  "meta" : {
    "lastUpdated" : "2021-05-02T16:08:48.272+00:00"
  },
  "type" : "collection",
  "entry" : [{
    "resource" : {
      "resourceType" : "ValueSet",
      "text" : {
        "status" : "generated",
        "div" : "<div xmlns=\"http://www.w3.org/1999/xhtml\"><p>This value set contains 2 concepts</p><p style=\"border: black 1px dotted; background-color: #EEEEEE; padding: 8px; margin-bottom: 8px\">Expansion based on SNOMED CT International edition 31-Jan 2021</p><p>All codes from system <a href=\"http://terminology.hl7.org/2.1.0/CodeSystem-v3-snomed-CT.html\"><code>http://snomed.info/sct</code></a></p><table class=\"codes\"><tr><td style=\"white-space:nowrap\"><b>Code</b></td><td><b>Display</b></td><td><b>Definition</b></td></tr><tr><td style=\"white-space:nowrap\"><a name=\"http---snomed.info-sct-1119349007\"> </a><a href=\"http://browser.ihtsdotools.org/?perspective=full&amp;conceptId1=1119349007\">1119349007</a></td><td>SARS-CoV-2 mRNA vaccine</td><td/></tr><tr><td style=\"white-space:nowrap\"><a name=\"http---snomed.info-sct-1119305005\"> </a><a href=\"http://browser.ihtsdotools.org/?perspective=full&amp;conceptId1=1119305005\">1119305005</a></td><td>SARS-CoV-2 antigen vaccine</td><td/></tr></table></div>"
      },
      "status" : "active",
      "expansion" : {
        "identifier" : "urn:uuid:d016a9cd-d914-4ff3-93b6-2c1534485511",
        "timestamp" : "2021-04-28T18:01:10.843Z",
        "parameter" : [{
          "name" : "limitedExpansion",
          "valueBoolean" : true
        },
        {
          "name" : "version",
          "valueString" : "http://snomed.info/sct|http://snomed.info/sct/900000000000207008/version/20210131"
        }],
        "contains" : [{
          "system" : "http://snomed.info/sct",
          "code" : "1119349007",
          "display" : "SARS-CoV-2 mRNA vaccine"
        },
        {
          "system" : "http://snomed.info/sct",
          "code" : "1119305005",
          "display" : "SARS-CoV-2 antigen vaccine"
        }]
      }
    }
  },
  {
    "resource" : {
      "resourceType" : "ValueSet",
      "text" : {
        "status" : "generated",
        "div" : "<div xmlns=\"http://www.w3.org/1999/xhtml\"><p>This value set contains 0 concepts</p><table class=\"codes\"><tr><td style=\"white-space:nowrap\"><b>Code</b></td><td><b>System</b></td><td><b>Display</b></td></tr></table></div>"
      },
      "status" : "active",
      "expansion" : {
        "identifier" : "urn:uuid:bb33262c-4e99-4454-ada8-42c00ad878ab",
        "timestamp" : "2021-04-28T18:01:05.999Z",
        "parameter" : [{
          "name" : "limitedExpansion",
          "valueBoolean" : true
        }]
      }
    }
  },
  {
    "resource" : {
      "resourceType" : "ValueSet",
      "text" : {
        "status" : "generated",
        "div" : "<div xmlns=\"http://www.w3.org/1999/xhtml\"><p>This value set contains 105 concepts</p><p style=\"border: black 1px dotted; background-color: #EEEEEE; padding: 8px; margin-bottom: 8px\">Expansion based on Loinc v2.69</p><p>All codes from system <a href=\"http://terminology.hl7.org/2.1.0/CodeSystem-v3-loinc.html\"><code>http://loinc.org</code></a></p><table class=\"codes\"><tr><td style=\"white-space:nowrap\"><b>Code</b></td><td><b>Display</b></td><td><b>Definition</b></td></tr><tr><td style=\"white-space:nowrap\"><a name=\"http---loinc.org-95209-3\"> </a><a href=\"http://details.loinc.org/LOINC/95209-3.html\">95209-3</a></td><td>SARS-CoV+SARS-CoV-2 (COVID-19) Ag [Presence] in Respiratory specimen by Rapid immunoassay</td><td/></tr><tr><td style=\"white-space:nowrap\"><a name=\"http---loinc.org-94763-0\"> </a><a href=\"http://details.loinc.org/LOINC/94763-0.html\">94763-0</a></td><td>SARS-CoV-2 (COVID-19) [Presence] in Specimen by Organism specific culture</td><td/></tr><tr><td style=\"white-space:nowrap\"><a name=\"http---loinc.org-94661-6\"> </a><a href=\"http://details.loinc.org/LOINC/94661-6.html\">94661-6</a></td><td>SARS-CoV-2 (COVID-19) Ab [Interpretation] in Serum or Plasma</td><td/></tr><tr><td style=\"white-space:nowrap\"><a name=\"http---loinc.org-94762-2\"> </a><a href=\"http://details.loinc.org/LOINC/94762-2.html\">94762-2</a></td><td>SARS-CoV-2 (COVID-19) Ab [Presence] in Serum or Plasma by Immunoassay</td><td/></tr><tr><td style=\"white-space:nowrap\"><a name=\"http---loinc.org-94769-7\"> </a><a href=\"http://details.loinc.org/LOINC/94769-7.html\">94769-7</a></td><td>SARS-CoV-2 (COVID-19) Ab [Units/volume] in Serum or Plasma by Immunoassay</td><td/></tr><tr><td style=\"white-space:nowrap\"><a name=\"http---loinc.org-94504-8\"> </a><a href=\"http://details.loinc.org/LOINC/94504-8.html\">94504-8</a></td><td>SARS-CoV-2 (COVID-19) Ab panel - Serum or Plasma by Immunoassay</td><td/></tr><tr><td style=\"white-space:nowrap\"><a name=\"http---loinc.org-94503-0\"> </a><a href=\"http://details.loinc.org/LOINC/94503-0.html\">94503-0</a></td><td>SARS-CoV-2 (COVID-19) Ab panel - Serum, Plasma or Blood by Rapid immunoassay</td><td/></tr><tr><td style=\"white-space:nowrap\"><a name=\"http---loinc.org-94558-4\"> </a><a href=\"http://details.loinc.org/LOINC/94558-4.html\">94558-4</a></td><td>SARS-CoV-2 (COVID-19) Ag [Presence] in Respiratory specimen by Rapid immunoassay</td><td/></tr><tr><td style=\"white-space:nowrap\"><a name=\"http---loinc.org-94562-6\"> </a><a href=\"http://details.loinc.org/LOINC/94562-6.html\">94562-6</a></td><td>SARS-CoV-2 (COVID-19) IgA Ab [Presence] in Serum or Plasma by Immunoassay</td><td/></tr><tr><td style=\"white-space:nowrap\"><a name=\"http---loinc.org-94768-9\"> </a><a href=\"http://details.loinc.org/LOINC/94768-9.html\">94768-9</a></td><td>SARS-CoV-2 (COVID-19) IgA Ab [Presence] in Serum, Plasma or Blood by Rapid immunoassay</td><td/></tr><tr><td style=\"white-space:nowrap\"><a name=\"http---loinc.org-94720-0\"> </a><a href=\"http://details.loinc.org/LOINC/94720-0.html\">94720-0</a></td><td>SARS-CoV-2 (COVID-19) IgA Ab [Units/volume] in Serum or Plasma by Immunoassay</td><td/></tr><tr><td style=\"white-space:nowrap\"><a name=\"http---loinc.org-95125-1\"> </a><a href=\"http://details.loinc.org/LOINC/95125-1.html\">95125-1</a></td><td>SARS-CoV-2 (COVID-19) IgA+IgM [Presence] in Serum or Plasma by Immunoassay</td><td/></tr><tr><td style=\"white-space:nowrap\"><a name=\"http---loinc.org-94761-4\"> </a><a href=\"http://details.loinc.org/LOINC/94761-4.html\">94761-4</a></td><td>SARS-CoV-2 (COVID-19) IgG Ab [Presence] in DBS by Immunoassay</td><td/></tr><tr><td style=\"white-space:nowrap\"><a name=\"http---loinc.org-94563-4\"> </a><a href=\"http://details.loinc.org/LOINC/94563-4.html\">94563-4</a></td><td>SARS-CoV-2 (COVID-19) IgG Ab [Presence] in Serum or Plasma by Immunoassay</td><td/></tr><tr><td style=\"white-space:nowrap\"><a name=\"http---loinc.org-94507-1\"> </a><a href=\"http://details.loinc.org/LOINC/94507-1.html\">94507-1</a></td><td>SARS-CoV-2 (COVID-19) IgG Ab [Presence] in Serum, Plasma or Blood by Rapid immunoassay</td><td/></tr><tr><td style=\"white-space:nowrap\"><a name=\"http---loinc.org-94505-5\"> </a><a href=\"http://details.loinc.org/LOINC/94505-5.html\">94505-5</a></td><td>SARS-CoV-2 (COVID-19) IgG Ab [Units/volume] in Serum or Plasma by Immunoassay</td><td/></tr><tr><td style=\"white-space:nowrap\"><a name=\"http---loinc.org-94547-7\"> </a><a href=\"http://details.loinc.org/LOINC/94547-7.html\">94547-7</a></td><td>SARS-CoV-2 (COVID-19) IgG+IgM Ab [Presence] in Serum or Plasma by Immunoassay</td><td/></tr><tr><td style=\"white-space:nowrap\"><a name=\"http---loinc.org-95416-4\"> </a><a href=\"http://details.loinc.org/LOINC/95416-4.html\">95416-4</a></td><td>SARS-CoV-2 (COVID-19) IgM Ab [Presence] in DBS by Immunoassay</td><td/></tr><tr><td style=\"white-space:nowrap\"><a name=\"http---loinc.org-94564-2\"> </a><a href=\"http://details.loinc.org/LOINC/94564-2.html\">94564-2</a></td><td>SARS-CoV-2 (COVID-19) IgM Ab [Presence] in Serum or Plasma by Immunoassay</td><td/></tr><tr><td style=\"white-space:nowrap\"><a name=\"http---loinc.org-94508-9\"> </a><a href=\"http://details.loinc.org/LOINC/94508-9.html\">94508-9</a></td><td>SARS-CoV-2 (COVID-19) IgM Ab [Presence] in Serum, Plasma or Blood by Rapid immunoassay</td><td/></tr><tr><td style=\"white-space:nowrap\"><a name=\"http---loinc.org-94506-3\"> </a><a href=\"http://details.loinc.org/LOINC/94506-3.html\">94506-3</a></td><td>SARS-CoV-2 (COVID-19) IgM Ab [Units/volume] in Serum or Plasma by Immunoassay</td><td/></tr><tr><td style=\"white-space:nowrap\"><a name=\"http---loinc.org-94510-5\"> </a><a href=\"http://details.loinc.org/LOINC/94510-5.html\">94510-5</a></td><td>SARS-CoV-2 (COVID-19) N gene [Cycle Threshold #] in Specimen by NAA with probe detection</td><td/></tr><tr><td style=\"white-space:nowrap\"><a name=\"http---loinc.org-94311-8\"> </a><a href=\"http://details.loinc.org/LOINC/94311-8.html\">94311-8</a></td><td>SARS-CoV-2 (COVID-19) N gene [Cycle Threshold #] in Specimen by Nucleic acid amplification using CDC primer-probe set N1</td><td/></tr><tr><td style=\"white-space:nowrap\"><a name=\"http---loinc.org-94312-6\"> </a><a href=\"http://details.loinc.org/LOINC/94312-6.html\">94312-6</a></td><td>SARS-CoV-2 (COVID-19) N gene [Cycle Threshold #] in Specimen by Nucleic acid amplification using CDC primer-probe set N2</td><td/></tr><tr><td style=\"white-space:nowrap\"><a name=\"http---loinc.org-94760-6\"> </a><a href=\"http://details.loinc.org/LOINC/94760-6.html\">94760-6</a></td><td>SARS-CoV-2 (COVID-19) N gene [Presence] in Nasopharynx by NAA with probe detection</td><td/></tr><tr><td style=\"white-space:nowrap\"><a name=\"http---loinc.org-95409-9\"> </a><a href=\"http://details.loinc.org/LOINC/95409-9.html\">95409-9</a></td><td>SARS-CoV-2 (COVID-19) N gene [Presence] in Nose by NAA with probe detection</td><td/></tr><tr><td style=\"white-space:nowrap\"><a name=\"http---loinc.org-94533-7\"> </a><a href=\"http://details.loinc.org/LOINC/94533-7.html\">94533-7</a></td><td>SARS-CoV-2 (COVID-19) N gene [Presence] in Respiratory specimen by NAA with probe detection</td><td/></tr><tr><td style=\"white-space:nowrap\"><a name=\"http---loinc.org-94756-4\"> </a><a href=\"http://details.loinc.org/LOINC/94756-4.html\">94756-4</a></td><td>SARS-CoV-2 (COVID-19) N gene [Presence] in Respiratory specimen by Nucleic acid amplification using CDC primer-probe set N1</td><td/></tr><tr><td style=\"white-space:nowrap\"><a name=\"http---loinc.org-94757-2\"> </a><a href=\"http://details.loinc.org/LOINC/94757-2.html\">94757-2</a></td><td>SARS-CoV-2 (COVID-19) N gene [Presence] in Respiratory specimen by Nucleic acid amplification using CDC primer-probe set N2</td><td/></tr><tr><td style=\"white-space:nowrap\"><a name=\"http---loinc.org-94766-3\"> </a><a href=\"http://details.loinc.org/LOINC/94766-3.html\">94766-3</a></td><td>SARS-CoV-2 (COVID-19) N gene [Presence] in Serum or Plasma by NAA with probe detection</td><td/></tr><tr><td style=\"white-space:nowrap\"><a name=\"http---loinc.org-94316-7\"> </a><a href=\"http://details.loinc.org/LOINC/94316-7.html\">94316-7</a></td><td>SARS-CoV-2 (COVID-19) N gene [Presence] in Specimen by NAA with probe detection</td><td/></tr><tr><td style=\"white-space:nowrap\"><a name=\"http---loinc.org-94307-6\"> </a><a href=\"http://details.loinc.org/LOINC/94307-6.html\">94307-6</a></td><td>SARS-CoV-2 (COVID-19) N gene [Presence] in Specimen by Nucleic acid amplification using CDC primer-probe set N1</td><td/></tr><tr><td style=\"white-space:nowrap\"><a name=\"http---loinc.org-94308-4\"> </a><a href=\"http://details.loinc.org/LOINC/94308-4.html\">94308-4</a></td><td>SARS-CoV-2 (COVID-19) N gene [Presence] in Specimen by Nucleic acid amplification using CDC primer-probe set N2</td><td/></tr><tr><td style=\"white-space:nowrap\"><a name=\"http---loinc.org-95411-5\"> </a><a href=\"http://details.loinc.org/LOINC/95411-5.html\">95411-5</a></td><td>SARS-CoV-2 (COVID-19) neutralizing antibody [Presence] in Serum by pVNT</td><td/></tr><tr><td style=\"white-space:nowrap\"><a name=\"http---loinc.org-95410-7\"> </a><a href=\"http://details.loinc.org/LOINC/95410-7.html\">95410-7</a></td><td>SARS-CoV-2 (COVID-19) neutralizing antibody [Titer] in Serum by pVNT</td><td/></tr><tr><td style=\"white-space:nowrap\"><a name=\"http---loinc.org-94644-2\"> </a><a href=\"http://details.loinc.org/LOINC/94644-2.html\">94644-2</a></td><td>SARS-CoV-2 (COVID-19) ORF1ab region [Cycle Threshold #] in Respiratory specimen by NAA with probe detection</td><td/></tr><tr><td style=\"white-space:nowrap\"><a name=\"http---loinc.org-94511-3\"> </a><a href=\"http://details.loinc.org/LOINC/94511-3.html\">94511-3</a></td><td>SARS-CoV-2 (COVID-19) ORF1ab region [Cycle Threshold #] in Specimen by NAA with probe detection</td><td/></tr><tr><td style=\"white-space:nowrap\"><a name=\"http---loinc.org-94559-2\"> </a><a href=\"http://details.loinc.org/LOINC/94559-2.html\">94559-2</a></td><td>SARS-CoV-2 (COVID-19) ORF1ab region [Presence] in Respiratory specimen by NAA with probe detection</td><td/></tr><tr><td style=\"white-space:nowrap\"><a name=\"http---loinc.org-94639-2\"> </a><a href=\"http://details.loinc.org/LOINC/94639-2.html\">94639-2</a></td><td>SARS-CoV-2 (COVID-19) ORF1ab region [Presence] in Specimen by NAA with probe detection</td><td/></tr><tr><td style=\"white-space:nowrap\"><a name=\"http---loinc.org-94646-7\"> </a><a href=\"http://details.loinc.org/LOINC/94646-7.html\">94646-7</a></td><td>SARS-CoV-2 (COVID-19) RdRp gene [Cycle Threshold #] in Respiratory specimen by NAA with probe detection</td><td/></tr><tr><td style=\"white-space:nowrap\"><a name=\"http---loinc.org-94645-9\"> </a><a href=\"http://details.loinc.org/LOINC/94645-9.html\">94645-9</a></td><td>SARS-CoV-2 (COVID-19) RdRp gene [Cycle Threshold #] in Specimen by NAA with probe detection</td><td/></tr><tr><td style=\"white-space:nowrap\"><a name=\"http---loinc.org-94534-5\"> </a><a href=\"http://details.loinc.org/LOINC/94534-5.html\">94534-5</a></td><td>SARS-CoV-2 (COVID-19) RdRp gene [Presence] in Respiratory specimen by NAA with probe detection</td><td/></tr><tr><td style=\"white-space:nowrap\"><a name=\"http---loinc.org-94314-2\"> </a><a href=\"http://details.loinc.org/LOINC/94314-2.html\">94314-2</a></td><td>SARS-CoV-2 (COVID-19) RdRp gene [Presence] in Specimen by NAA with probe detection</td><td/></tr><tr><td style=\"white-space:nowrap\"><a name=\"http---loinc.org-94745-7\"> </a><a href=\"http://details.loinc.org/LOINC/94745-7.html\">94745-7</a></td><td>SARS-CoV-2 (COVID-19) RNA [Cycle Threshold #] in Respiratory specimen by NAA with probe detection</td><td/></tr><tr><td style=\"white-space:nowrap\"><a name=\"http---loinc.org-94746-5\"> </a><a href=\"http://details.loinc.org/LOINC/94746-5.html\">94746-5</a></td><td>SARS-CoV-2 (COVID-19) RNA [Cycle Threshold #] in Specimen by NAA with probe detection</td><td/></tr><tr><td style=\"white-space:nowrap\"><a name=\"http---loinc.org-94819-0\"> </a><a href=\"http://details.loinc.org/LOINC/94819-0.html\">94819-0</a></td><td>SARS-CoV-2 (COVID-19) RNA [Log #/volume] (viral load) in Specimen by NAA with probe detection</td><td/></tr><tr><td style=\"white-space:nowrap\"><a name=\"http---loinc.org-94565-9\"> </a><a href=\"http://details.loinc.org/LOINC/94565-9.html\">94565-9</a></td><td>SARS-CoV-2 (COVID-19) RNA [Presence] in Nasopharynx by NAA with non-probe detection</td><td/></tr><tr><td style=\"white-space:nowrap\"><a name=\"http---loinc.org-94759-8\"> </a><a href=\"http://details.loinc.org/LOINC/94759-8.html\">94759-8</a></td><td>SARS-CoV-2 (COVID-19) RNA [Presence] in Nasopharynx by NAA with probe detection</td><td/></tr><tr><td style=\"white-space:nowrap\"><a name=\"http---loinc.org-95406-5\"> </a><a href=\"http://details.loinc.org/LOINC/95406-5.html\">95406-5</a></td><td>SARS-CoV-2 (COVID-19) RNA [Presence] in Nose by NAA with probe detection</td><td/></tr><tr><td style=\"white-space:nowrap\"><a name=\"http---loinc.org-94500-6\"> </a><a href=\"http://details.loinc.org/LOINC/94500-6.html\">94500-6</a></td><td>SARS-CoV-2 (COVID-19) RNA [Presence] in Respiratory specimen by NAA with probe detection</td><td/></tr><tr><td style=\"white-space:nowrap\"><a name=\"http---loinc.org-94845-5\"> </a><a href=\"http://details.loinc.org/LOINC/94845-5.html\">94845-5</a></td><td>SARS-CoV-2 (COVID-19) RNA [Presence] in Saliva (oral fluid) by NAA with probe detection</td><td/></tr><tr><td style=\"white-space:nowrap\"><a name=\"http---loinc.org-94822-4\"> </a><a href=\"http://details.loinc.org/LOINC/94822-4.html\">94822-4</a></td><td>SARS-CoV-2 (COVID-19) RNA [Presence] in Saliva (oral fluid) by Sequencing</td><td/></tr><tr><td style=\"white-space:nowrap\"><a name=\"http---loinc.org-94660-8\"> </a><a href=\"http://details.loinc.org/LOINC/94660-8.html\">94660-8</a></td><td>SARS-CoV-2 (COVID-19) RNA [Presence] in Serum or Plasma by NAA with probe detection</td><td/></tr><tr><td style=\"white-space:nowrap\"><a name=\"http---loinc.org-94309-2\"> </a><a href=\"http://details.loinc.org/LOINC/94309-2.html\">94309-2</a></td><td>SARS-CoV-2 (COVID-19) RNA [Presence] in Specimen by NAA with probe detection</td><td/></tr><tr><td style=\"white-space:nowrap\"><a name=\"http---loinc.org-94531-1\"> </a><a href=\"http://details.loinc.org/LOINC/94531-1.html\">94531-1</a></td><td>SARS-CoV-2 (COVID-19) RNA panel - Respiratory specimen by NAA with probe detection</td><td/></tr><tr><td style=\"white-space:nowrap\"><a name=\"http---loinc.org-94306-8\"> </a><a href=\"http://details.loinc.org/LOINC/94306-8.html\">94306-8</a></td><td>SARS-CoV-2 (COVID-19) RNA panel - Specimen by NAA with probe detection</td><td/></tr><tr><td style=\"white-space:nowrap\"><a name=\"http---loinc.org-94642-6\"> </a><a href=\"http://details.loinc.org/LOINC/94642-6.html\">94642-6</a></td><td>SARS-CoV-2 (COVID-19) S gene [Cycle Threshold #] in Respiratory specimen by NAA with probe detection</td><td/></tr><tr><td style=\"white-space:nowrap\"><a name=\"http---loinc.org-94643-4\"> </a><a href=\"http://details.loinc.org/LOINC/94643-4.html\">94643-4</a></td><td>SARS-CoV-2 (COVID-19) S gene [Cycle Threshold #] in Specimen by NAA with probe detection</td><td/></tr><tr><td style=\"white-space:nowrap\"><a name=\"http---loinc.org-94640-0\"> </a><a href=\"http://details.loinc.org/LOINC/94640-0.html\">94640-0</a></td><td>SARS-CoV-2 (COVID-19) S gene [Presence] in Respiratory specimen by NAA with probe detection</td><td/></tr><tr><td style=\"white-space:nowrap\"><a name=\"http---loinc.org-94767-1\"> </a><a href=\"http://details.loinc.org/LOINC/94767-1.html\">94767-1</a></td><td>SARS-CoV-2 (COVID-19) S gene [Presence] in Serum or Plasma by NAA with probe detection</td><td/></tr><tr><td style=\"white-space:nowrap\"><a name=\"http---loinc.org-94641-8\"> </a><a href=\"http://details.loinc.org/LOINC/94641-8.html\">94641-8</a></td><td>SARS-CoV-2 (COVID-19) S gene [Presence] in Specimen by NAA with probe detection</td><td/></tr><tr><td style=\"white-space:nowrap\"><a name=\"http---loinc.org-94764-8\"> </a><a href=\"http://details.loinc.org/LOINC/94764-8.html\">94764-8</a></td><td>SARS-CoV-2 (COVID-19) whole genome [Nucleotide sequence] in Isolate or Specimen by Sequencing</td><td/></tr><tr><td style=\"white-space:nowrap\"><a name=\"http---loinc.org-94313-4\"> </a><a href=\"http://details.loinc.org/LOINC/94313-4.html\">94313-4</a></td><td>SARS-like coronavirus N gene [Cycle Threshold #] in Specimen by NAA with probe detection</td><td/></tr><tr><td style=\"white-space:nowrap\"><a name=\"http---loinc.org-94310-0\"> </a><a href=\"http://details.loinc.org/LOINC/94310-0.html\">94310-0</a></td><td>SARS-like coronavirus N gene [Presence] in Specimen by NAA with probe detection</td><td/></tr><tr><td style=\"white-space:nowrap\"><a name=\"http---loinc.org-94509-7\"> </a><a href=\"http://details.loinc.org/LOINC/94509-7.html\">94509-7</a></td><td>SARS-related coronavirus E gene [Cycle Threshold #] in Specimen by NAA with probe detection</td><td/></tr><tr><td style=\"white-space:nowrap\"><a name=\"http---loinc.org-94758-0\"> </a><a href=\"http://details.loinc.org/LOINC/94758-0.html\">94758-0</a></td><td>SARS-related coronavirus E gene [Presence] in Respiratory specimen by NAA with probe detection</td><td/></tr><tr><td style=\"white-space:nowrap\"><a name=\"http---loinc.org-94765-5\"> </a><a href=\"http://details.loinc.org/LOINC/94765-5.html\">94765-5</a></td><td>SARS-related coronavirus E gene [Presence] in Serum or Plasma by NAA with probe detection</td><td/></tr><tr><td style=\"white-space:nowrap\"><a name=\"http---loinc.org-94315-9\"> </a><a href=\"http://details.loinc.org/LOINC/94315-9.html\">94315-9</a></td><td>SARS-related coronavirus E gene [Presence] in Specimen by NAA with probe detection</td><td/></tr><tr><td style=\"white-space:nowrap\"><a name=\"http---loinc.org-94502-2\"> </a><a href=\"http://details.loinc.org/LOINC/94502-2.html\">94502-2</a></td><td>SARS-related coronavirus RNA [Presence] in Respiratory specimen by NAA with probe detection</td><td/></tr><tr><td style=\"white-space:nowrap\"><a name=\"http---loinc.org-94647-5\"> </a><a href=\"http://details.loinc.org/LOINC/94647-5.html\">94647-5</a></td><td>SARS-related coronavirus RNA [Presence] in Specimen by NAA with probe detection</td><td/></tr><tr><td style=\"white-space:nowrap\"><a name=\"http---loinc.org-94532-9\"> </a><a href=\"http://details.loinc.org/LOINC/94532-9.html\">94532-9</a></td><td>SARS-related coronavirus+MERS coronavirus RNA [Presence] in Respiratory specimen by NAA with probe detection</td><td/></tr><tr><td style=\"white-space:nowrap\"><a name=\"http---loinc.org-95942-9\"> </a><a href=\"http://details.loinc.org/LOINC/95942-9.html\">95942-9</a></td><td>Influenza virus A and B and SARS-CoV+SARS-CoV-2 (COVID-19) Ag panel - Upper respiratory specimen by Rapid immunoassay</td><td/></tr><tr><td style=\"white-space:nowrap\"><a name=\"http---loinc.org-95941-1\"> </a><a href=\"http://details.loinc.org/LOINC/95941-1.html\">95941-1</a></td><td>Influenza virus A and B and SARS-CoV-2 (COVID-19) and Respiratory syncytial virus RNA panel - Respiratory specimen by NAA with probe detection</td><td/></tr><tr><td style=\"white-space:nowrap\"><a name=\"http---loinc.org-95380-2\"> </a><a href=\"http://details.loinc.org/LOINC/95380-2.html\">95380-2</a></td><td>Influenza virus A and B and SARS-CoV-2 (COVID-19) and SARS-related CoV RNA panel - Respiratory specimen by NAA with probe detection</td><td/></tr><tr><td style=\"white-space:nowrap\"><a name=\"http---loinc.org-95423-0\"> </a><a href=\"http://details.loinc.org/LOINC/95423-0.html\">95423-0</a></td><td>Influenza virus A and B and SARS-CoV-2 (COVID-19) identified in Respiratory specimen by NAA with probe detection</td><td/></tr><tr><td style=\"white-space:nowrap\"><a name=\"http---loinc.org-95422-2\"> </a><a href=\"http://details.loinc.org/LOINC/95422-2.html\">95422-2</a></td><td>Influenza virus A and B and SARS-CoV-2 (COVID-19) RNA panel - Respiratory specimen by NAA with probe detection</td><td/></tr><tr><td style=\"white-space:nowrap\"><a name=\"http---loinc.org-95971-8\"> </a><a href=\"http://details.loinc.org/LOINC/95971-8.html\">95971-8</a></td><td>SARS CoV-2 stimulated gamma interferon [Presence] in Blood</td><td/></tr><tr><td style=\"white-space:nowrap\"><a name=\"http---loinc.org-95974-2\"> </a><a href=\"http://details.loinc.org/LOINC/95974-2.html\">95974-2</a></td><td>SARS CoV-2 stimulated gamma interferon panel - Blood</td><td/></tr><tr><td style=\"white-space:nowrap\"><a name=\"http---loinc.org-95972-6\"> </a><a href=\"http://details.loinc.org/LOINC/95972-6.html\">95972-6</a></td><td>SARS CoV-2 stimulated gamma interferon release by T-cells [Units/volume] corrected for background in Blood</td><td/></tr><tr><td style=\"white-space:nowrap\"><a name=\"http---loinc.org-95973-4\"> </a><a href=\"http://details.loinc.org/LOINC/95973-4.html\">95973-4</a></td><td>SARS CoV-2 stimulated gamma interferon release by T-cells [Units/volume] in Blood</td><td/></tr><tr><td style=\"white-space:nowrap\"><a name=\"http---loinc.org-95825-6\"> </a><a href=\"http://details.loinc.org/LOINC/95825-6.html\">95825-6</a></td><td>SARS-CoV-2 (COVID-19) Ab [Presence] in DBS by Immunoassay</td><td/></tr><tr><td style=\"white-space:nowrap\"><a name=\"http---loinc.org-96118-5\"> </a><a href=\"http://details.loinc.org/LOINC/96118-5.html\">96118-5</a></td><td>SARS-CoV-2 (COVID-19) Ab panel - DBS by Immunoassay</td><td/></tr><tr><td style=\"white-space:nowrap\"><a name=\"http---loinc.org-96119-3\"> </a><a href=\"http://details.loinc.org/LOINC/96119-3.html\">96119-3</a></td><td>SARS-CoV-2 (COVID-19) Ag [Presence] in Upper respiratory specimen by Immunoassay</td><td/></tr><tr><td style=\"white-space:nowrap\"><a name=\"http---loinc.org-96094-8\"> </a><a href=\"http://details.loinc.org/LOINC/96094-8.html\">96094-8</a></td><td>SARS-CoV-2 (COVID-19) and SARS-related CoV RNA panel - Respiratory specimen by NAA with probe detection</td><td/></tr><tr><td style=\"white-space:nowrap\"><a name=\"http---loinc.org-95427-1\"> </a><a href=\"http://details.loinc.org/LOINC/95427-1.html\">95427-1</a></td><td>SARS-CoV-2 (COVID-19) IgA Ab [Titer] in Serum or Plasma by Immunofluorescence</td><td/></tr><tr><td style=\"white-space:nowrap\"><a name=\"http---loinc.org-95429-7\"> </a><a href=\"http://details.loinc.org/LOINC/95429-7.html\">95429-7</a></td><td>SARS-CoV-2 (COVID-19) IgG Ab [Titer] in Serum or Plasma by Immunofluorescence</td><td/></tr><tr><td style=\"white-space:nowrap\"><a name=\"http---loinc.org-95542-7\"> </a><a href=\"http://details.loinc.org/LOINC/95542-7.html\">95542-7</a></td><td>SARS-CoV-2 (COVID-19) IgG+IgM Ab [Presence] in Serum, Plasma or Blood by Rapid immunoassay</td><td/></tr><tr><td style=\"white-space:nowrap\"><a name=\"http---loinc.org-95428-9\"> </a><a href=\"http://details.loinc.org/LOINC/95428-9.html\">95428-9</a></td><td>SARS-CoV-2 (COVID-19) IgM Ab [Titer] in Serum or Plasma by Immunofluorescence</td><td/></tr><tr><td style=\"white-space:nowrap\"><a name=\"http---loinc.org-95521-1\"> </a><a href=\"http://details.loinc.org/LOINC/95521-1.html\">95521-1</a></td><td>SARS-CoV-2 (COVID-19) N gene [#/volume] (viral load) in Respiratory specimen by NAA with probe detection</td><td/></tr><tr><td style=\"white-space:nowrap\"><a name=\"http---loinc.org-95522-9\"> </a><a href=\"http://details.loinc.org/LOINC/95522-9.html\">95522-9</a></td><td>SARS-CoV-2 (COVID-19) N gene [Log #/volume] (viral load) in Respiratory specimen by NAA with probe detection</td><td/></tr><tr><td style=\"white-space:nowrap\"><a name=\"http---loinc.org-95425-5\"> </a><a href=\"http://details.loinc.org/LOINC/95425-5.html\">95425-5</a></td><td>SARS-CoV-2 (COVID-19) N gene [Presence] in Saliva (oral fluid) by NAA with probe detection</td><td/></tr><tr><td style=\"white-space:nowrap\"><a name=\"http---loinc.org-96448-6\"> </a><a href=\"http://details.loinc.org/LOINC/96448-6.html\">96448-6</a></td><td>SARS-CoV-2 (COVID-19) N gene [Presence] in Saliva (oral fluid) by Nucleic acid amplification using CDC primer-probe set N1</td><td/></tr><tr><td style=\"white-space:nowrap\"><a name=\"http---loinc.org-95824-9\"> </a><a href=\"http://details.loinc.org/LOINC/95824-9.html\">95824-9</a></td><td>SARS-CoV-2 (COVID-19) ORF1ab region [Presence] in Saliva (oral fluid) by NAA with probe detection</td><td/></tr><tr><td style=\"white-space:nowrap\"><a name=\"http---loinc.org-96120-1\"> </a><a href=\"http://details.loinc.org/LOINC/96120-1.html\">96120-1</a></td><td>SARS-CoV-2 (COVID-19) RdRp gene [Presence] in Lower respiratory specimen by NAA with probe detection</td><td/></tr><tr><td style=\"white-space:nowrap\"><a name=\"http---loinc.org-96091-4\"> </a><a href=\"http://details.loinc.org/LOINC/96091-4.html\">96091-4</a></td><td>SARS-CoV-2 (COVID-19) RdRp gene [Presence] in Saliva (oral fluid) by NAA with probe detection</td><td/></tr><tr><td style=\"white-space:nowrap\"><a name=\"http---loinc.org-96123-5\"> </a><a href=\"http://details.loinc.org/LOINC/96123-5.html\">96123-5</a></td><td>SARS-CoV-2 (COVID-19) RdRp gene [Presence] in Upper respiratory specimen by NAA with probe detection</td><td/></tr><tr><td style=\"white-space:nowrap\"><a name=\"http---loinc.org-95608-6\"> </a><a href=\"http://details.loinc.org/LOINC/95608-6.html\">95608-6</a></td><td>SARS-CoV-2 (COVID-19) RNA [Presence] in Respiratory specimen by NAA with non-probe detection</td><td/></tr><tr><td style=\"white-space:nowrap\"><a name=\"http---loinc.org-95424-8\"> </a><a href=\"http://details.loinc.org/LOINC/95424-8.html\">95424-8</a></td><td>SARS-CoV-2 (COVID-19) RNA [Presence] in Respiratory specimen by Sequencing</td><td/></tr><tr><td style=\"white-space:nowrap\"><a name=\"http---loinc.org-95826-4\"> </a><a href=\"http://details.loinc.org/LOINC/95826-4.html\">95826-4</a></td><td>SARS-CoV-2 (COVID-19) RNA panel - Saliva (oral fluid) by NAA with probe detection</td><td/></tr><tr><td style=\"white-space:nowrap\"><a name=\"http---loinc.org-95609-4\"> </a><a href=\"http://details.loinc.org/LOINC/95609-4.html\">95609-4</a></td><td>SARS-CoV-2 (COVID-19) S gene [Presence] in Respiratory specimen by Sequencing</td><td/></tr><tr><td style=\"white-space:nowrap\"><a name=\"http---loinc.org-96603-6\"> </a><a href=\"http://details.loinc.org/LOINC/96603-6.html\">96603-6</a></td><td>SARS-CoV-2 (COVID-19) S protein RBD neutralizing antibody [Presence] in Serum or Plasma by Immunoassay</td><td/></tr><tr><td style=\"white-space:nowrap\"><a name=\"http---loinc.org-95970-0\"> </a><a href=\"http://details.loinc.org/LOINC/95970-0.html\">95970-0</a></td><td>SARS-CoV-2 (COVID-19) specific TCRB gene rearrangements [Presence] in Blood by Sequencing</td><td/></tr><tr><td style=\"white-space:nowrap\"><a name=\"http---loinc.org-96121-9\"> </a><a href=\"http://details.loinc.org/LOINC/96121-9.html\">96121-9</a></td><td>SARS-related coronavirus E gene [Presence] in Lower respiratory specimen by NAA with probe detection</td><td/></tr><tr><td style=\"white-space:nowrap\"><a name=\"http---loinc.org-95823-1\"> </a><a href=\"http://details.loinc.org/LOINC/95823-1.html\">95823-1</a></td><td>SARS-related coronavirus E gene [Presence] in Saliva (oral fluid) by NAA with probe detection</td><td/></tr><tr><td style=\"white-space:nowrap\"><a name=\"http---loinc.org-96122-7\"> </a><a href=\"http://details.loinc.org/LOINC/96122-7.html\">96122-7</a></td><td>SARS-related coronavirus E gene [Presence] in Upper respiratory specimen by NAA with probe detection</td><td/></tr></table></div>"
      },
      "status" : "active",
      "expansion" : {
        "identifier" : "urn:uuid:98bd65c0-e8a3-49a3-90ad-554225a58172",
        "timestamp" : "2021-04-28T18:01:08.639Z",
        "parameter" : [{
          "name" : "limitedExpansion",
          "valueBoolean" : true
        },
        {
          "name" : "version",
          "valueString" : "http://loinc.org|2.69"
        }],
        "contains" : [{
          "system" : "http://loinc.org",
          "code" : "95209-3",
          "display" : "SARS-CoV+SARS-CoV-2 (COVID-19) Ag [Presence] in Respiratory specimen by Rapid immunoassay"
        },
        {
          "system" : "http://loinc.org",
          "code" : "94763-0",
          "display" : "SARS-CoV-2 (COVID-19) [Presence] in Specimen by Organism specific culture"
        },
        {
          "system" : "http://loinc.org",
          "code" : "94661-6",
          "display" : "SARS-CoV-2 (COVID-19) Ab [Interpretation] in Serum or Plasma"
        },
        {
          "system" : "http://loinc.org",
          "code" : "94762-2",
          "display" : "SARS-CoV-2 (COVID-19) Ab [Presence] in Serum or Plasma by Immunoassay"
        },
        {
          "system" : "http://loinc.org",
          "code" : "94769-7",
          "display" : "SARS-CoV-2 (COVID-19) Ab [Units/volume] in Serum or Plasma by Immunoassay"
        },
        {
          "system" : "http://loinc.org",
          "code" : "94504-8",
          "display" : "SARS-CoV-2 (COVID-19) Ab panel - Serum or Plasma by Immunoassay"
        },
        {
          "system" : "http://loinc.org",
          "code" : "94503-0",
          "display" : "SARS-CoV-2 (COVID-19) Ab panel - Serum, Plasma or Blood by Rapid immunoassay"
        },
        {
          "system" : "http://loinc.org",
          "code" : "94558-4",
          "display" : "SARS-CoV-2 (COVID-19) Ag [Presence] in Respiratory specimen by Rapid immunoassay"
        },
        {
          "system" : "http://loinc.org",
          "code" : "94562-6",
          "display" : "SARS-CoV-2 (COVID-19) IgA Ab [Presence] in Serum or Plasma by Immunoassay"
        },
        {
          "system" : "http://loinc.org",
          "code" : "94768-9",
          "display" : "SARS-CoV-2 (COVID-19) IgA Ab [Presence] in Serum, Plasma or Blood by Rapid immunoassay"
        },
        {
          "system" : "http://loinc.org",
          "code" : "94720-0",
          "display" : "SARS-CoV-2 (COVID-19) IgA Ab [Units/volume] in Serum or Plasma by Immunoassay"
        },
        {
          "system" : "http://loinc.org",
          "code" : "95125-1",
          "display" : "SARS-CoV-2 (COVID-19) IgA+IgM [Presence] in Serum or Plasma by Immunoassay"
        },
        {
          "system" : "http://loinc.org",
          "code" : "94761-4",
          "display" : "SARS-CoV-2 (COVID-19) IgG Ab [Presence] in DBS by Immunoassay"
        },
        {
          "system" : "http://loinc.org",
          "code" : "94563-4",
          "display" : "SARS-CoV-2 (COVID-19) IgG Ab [Presence] in Serum or Plasma by Immunoassay"
        },
        {
          "system" : "http://loinc.org",
          "code" : "94507-1",
          "display" : "SARS-CoV-2 (COVID-19) IgG Ab [Presence] in Serum, Plasma or Blood by Rapid immunoassay"
        },
        {
          "system" : "http://loinc.org",
          "code" : "94505-5",
          "display" : "SARS-CoV-2 (COVID-19) IgG Ab [Units/volume] in Serum or Plasma by Immunoassay"
        },
        {
          "system" : "http://loinc.org",
          "code" : "94547-7",
          "display" : "SARS-CoV-2 (COVID-19) IgG+IgM Ab [Presence] in Serum or Plasma by Immunoassay"
        },
        {
          "system" : "http://loinc.org",
          "code" : "95416-4",
          "display" : "SARS-CoV-2 (COVID-19) IgM Ab [Presence] in DBS by Immunoassay"
        },
        {
          "system" : "http://loinc.org",
          "code" : "94564-2",
          "display" : "SARS-CoV-2 (COVID-19) IgM Ab [Presence] in Serum or Plasma by Immunoassay"
        },
        {
          "system" : "http://loinc.org",
          "code" : "94508-9",
          "display" : "SARS-CoV-2 (COVID-19) IgM Ab [Presence] in Serum, Plasma or Blood by Rapid immunoassay"
        },
        {
          "system" : "http://loinc.org",
          "code" : "94506-3",
          "display" : "SARS-CoV-2 (COVID-19) IgM Ab [Units/volume] in Serum or Plasma by Immunoassay"
        },
        {
          "system" : "http://loinc.org",
          "code" : "94510-5",
          "display" : "SARS-CoV-2 (COVID-19) N gene [Cycle Threshold #] in Specimen by NAA with probe detection"
        },
        {
          "system" : "http://loinc.org",
          "code" : "94311-8",
          "display" : "SARS-CoV-2 (COVID-19) N gene [Cycle Threshold #] in Specimen by Nucleic acid amplification using CDC primer-probe set N1"
        },
        {
          "system" : "http://loinc.org",
          "code" : "94312-6",
          "display" : "SARS-CoV-2 (COVID-19) N gene [Cycle Threshold #] in Specimen by Nucleic acid amplification using CDC primer-probe set N2"
        },
        {
          "system" : "http://loinc.org",
          "code" : "94760-6",
          "display" : "SARS-CoV-2 (COVID-19) N gene [Presence] in Nasopharynx by NAA with probe detection"
        },
        {
          "system" : "http://loinc.org",
          "code" : "95409-9",
          "display" : "SARS-CoV-2 (COVID-19) N gene [Presence] in Nose by NAA with probe detection"
        },
        {
          "system" : "http://loinc.org",
          "code" : "94533-7",
          "display" : "SARS-CoV-2 (COVID-19) N gene [Presence] in Respiratory specimen by NAA with probe detection"
        },
        {
          "system" : "http://loinc.org",
          "code" : "94756-4",
          "display" : "SARS-CoV-2 (COVID-19) N gene [Presence] in Respiratory specimen by Nucleic acid amplification using CDC primer-probe set N1"
        },
        {
          "system" : "http://loinc.org",
          "code" : "94757-2",
          "display" : "SARS-CoV-2 (COVID-19) N gene [Presence] in Respiratory specimen by Nucleic acid amplification using CDC primer-probe set N2"
        },
        {
          "system" : "http://loinc.org",
          "code" : "94766-3",
          "display" : "SARS-CoV-2 (COVID-19) N gene [Presence] in Serum or Plasma by NAA with probe detection"
        },
        {
          "system" : "http://loinc.org",
          "code" : "94316-7",
          "display" : "SARS-CoV-2 (COVID-19) N gene [Presence] in Specimen by NAA with probe detection"
        },
        {
          "system" : "http://loinc.org",
          "code" : "94307-6",
          "display" : "SARS-CoV-2 (COVID-19) N gene [Presence] in Specimen by Nucleic acid amplification using CDC primer-probe set N1"
        },
        {
          "system" : "http://loinc.org",
          "code" : "94308-4",
          "display" : "SARS-CoV-2 (COVID-19) N gene [Presence] in Specimen by Nucleic acid amplification using CDC primer-probe set N2"
        },
        {
          "system" : "http://loinc.org",
          "code" : "95411-5",
          "display" : "SARS-CoV-2 (COVID-19) neutralizing antibody [Presence] in Serum by pVNT"
        },
        {
          "system" : "http://loinc.org",
          "code" : "95410-7",
          "display" : "SARS-CoV-2 (COVID-19) neutralizing antibody [Titer] in Serum by pVNT"
        },
        {
          "system" : "http://loinc.org",
          "code" : "94644-2",
          "display" : "SARS-CoV-2 (COVID-19) ORF1ab region [Cycle Threshold #] in Respiratory specimen by NAA with probe detection"
        },
        {
          "system" : "http://loinc.org",
          "code" : "94511-3",
          "display" : "SARS-CoV-2 (COVID-19) ORF1ab region [Cycle Threshold #] in Specimen by NAA with probe detection"
        },
        {
          "system" : "http://loinc.org",
          "code" : "94559-2",
          "display" : "SARS-CoV-2 (COVID-19) ORF1ab region [Presence] in Respiratory specimen by NAA with probe detection"
        },
        {
          "system" : "http://loinc.org",
          "code" : "94639-2",
          "display" : "SARS-CoV-2 (COVID-19) ORF1ab region [Presence] in Specimen by NAA with probe detection"
        },
        {
          "system" : "http://loinc.org",
          "code" : "94646-7",
          "display" : "SARS-CoV-2 (COVID-19) RdRp gene [Cycle Threshold #] in Respiratory specimen by NAA with probe detection"
        },
        {
          "system" : "http://loinc.org",
          "code" : "94645-9",
          "display" : "SARS-CoV-2 (COVID-19) RdRp gene [Cycle Threshold #] in Specimen by NAA with probe detection"
        },
        {
          "system" : "http://loinc.org",
          "code" : "94534-5",
          "display" : "SARS-CoV-2 (COVID-19) RdRp gene [Presence] in Respiratory specimen by NAA with probe detection"
        },
        {
          "system" : "http://loinc.org",
          "code" : "94314-2",
          "display" : "SARS-CoV-2 (COVID-19) RdRp gene [Presence] in Specimen by NAA with probe detection"
        },
        {
          "system" : "http://loinc.org",
          "code" : "94745-7",
          "display" : "SARS-CoV-2 (COVID-19) RNA [Cycle Threshold #] in Respiratory specimen by NAA with probe detection"
        },
        {
          "system" : "http://loinc.org",
          "code" : "94746-5",
          "display" : "SARS-CoV-2 (COVID-19) RNA [Cycle Threshold #] in Specimen by NAA with probe detection"
        },
        {
          "system" : "http://loinc.org",
          "code" : "94819-0",
          "display" : "SARS-CoV-2 (COVID-19) RNA [Log #/volume] (viral load) in Specimen by NAA with probe detection"
        },
        {
          "system" : "http://loinc.org",
          "code" : "94565-9",
          "display" : "SARS-CoV-2 (COVID-19) RNA [Presence] in Nasopharynx by NAA with non-probe detection"
        },
        {
          "system" : "http://loinc.org",
          "code" : "94759-8",
          "display" : "SARS-CoV-2 (COVID-19) RNA [Presence] in Nasopharynx by NAA with probe detection"
        },
        {
          "system" : "http://loinc.org",
          "code" : "95406-5",
          "display" : "SARS-CoV-2 (COVID-19) RNA [Presence] in Nose by NAA with probe detection"
        },
        {
          "system" : "http://loinc.org",
          "code" : "94500-6",
          "display" : "SARS-CoV-2 (COVID-19) RNA [Presence] in Respiratory specimen by NAA with probe detection"
        },
        {
          "system" : "http://loinc.org",
          "code" : "94845-5",
          "display" : "SARS-CoV-2 (COVID-19) RNA [Presence] in Saliva (oral fluid) by NAA with probe detection"
        },
        {
          "system" : "http://loinc.org",
          "code" : "94822-4",
          "display" : "SARS-CoV-2 (COVID-19) RNA [Presence] in Saliva (oral fluid) by Sequencing"
        },
        {
          "system" : "http://loinc.org",
          "code" : "94660-8",
          "display" : "SARS-CoV-2 (COVID-19) RNA [Presence] in Serum or Plasma by NAA with probe detection"
        },
        {
          "system" : "http://loinc.org",
          "code" : "94309-2",
          "display" : "SARS-CoV-2 (COVID-19) RNA [Presence] in Specimen by NAA with probe detection"
        },
        {
          "system" : "http://loinc.org",
          "code" : "94531-1",
          "display" : "SARS-CoV-2 (COVID-19) RNA panel - Respiratory specimen by NAA with probe detection"
        },
        {
          "system" : "http://loinc.org",
          "code" : "94306-8",
          "display" : "SARS-CoV-2 (COVID-19) RNA panel - Specimen by NAA with probe detection"
        },
        {
          "system" : "http://loinc.org",
          "code" : "94642-6",
          "display" : "SARS-CoV-2 (COVID-19) S gene [Cycle Threshold #] in Respiratory specimen by NAA with probe detection"
        },
        {
          "system" : "http://loinc.org",
          "code" : "94643-4",
          "display" : "SARS-CoV-2 (COVID-19) S gene [Cycle Threshold #] in Specimen by NAA with probe detection"
        },
        {
          "system" : "http://loinc.org",
          "code" : "94640-0",
          "display" : "SARS-CoV-2 (COVID-19) S gene [Presence] in Respiratory specimen by NAA with probe detection"
        },
        {
          "system" : "http://loinc.org",
          "code" : "94767-1",
          "display" : "SARS-CoV-2 (COVID-19) S gene [Presence] in Serum or Plasma by NAA with probe detection"
        },
        {
          "system" : "http://loinc.org",
          "code" : "94641-8",
          "display" : "SARS-CoV-2 (COVID-19) S gene [Presence] in Specimen by NAA with probe detection"
        },
        {
          "system" : "http://loinc.org",
          "code" : "94764-8",
          "display" : "SARS-CoV-2 (COVID-19) whole genome [Nucleotide sequence] in Isolate or Specimen by Sequencing"
        },
        {
          "system" : "http://loinc.org",
          "code" : "94313-4",
          "display" : "SARS-like coronavirus N gene [Cycle Threshold #] in Specimen by NAA with probe detection"
        },
        {
          "system" : "http://loinc.org",
          "code" : "94310-0",
          "display" : "SARS-like coronavirus N gene [Presence] in Specimen by NAA with probe detection"
        },
        {
          "system" : "http://loinc.org",
          "code" : "94509-7",
          "display" : "SARS-related coronavirus E gene [Cycle Threshold #] in Specimen by NAA with probe detection"
        },
        {
          "system" : "http://loinc.org",
          "code" : "94758-0",
          "display" : "SARS-related coronavirus E gene [Presence] in Respiratory specimen by NAA with probe detection"
        },
        {
          "system" : "http://loinc.org",
          "code" : "94765-5",
          "display" : "SARS-related coronavirus E gene [Presence] in Serum or Plasma by NAA with probe detection"
        },
        {
          "system" : "http://loinc.org",
          "code" : "94315-9",
          "display" : "SARS-related coronavirus E gene [Presence] in Specimen by NAA with probe detection"
        },
        {
          "system" : "http://loinc.org",
          "code" : "94502-2",
          "display" : "SARS-related coronavirus RNA [Presence] in Respiratory specimen by NAA with probe detection"
        },
        {
          "system" : "http://loinc.org",
          "code" : "94647-5",
          "display" : "SARS-related coronavirus RNA [Presence] in Specimen by NAA with probe detection"
        },
        {
          "system" : "http://loinc.org",
          "code" : "94532-9",
          "display" : "SARS-related coronavirus+MERS coronavirus RNA [Presence] in Respiratory specimen by NAA with probe detection"
        },
        {
          "system" : "http://loinc.org",
          "code" : "95942-9",
          "display" : "Influenza virus A and B and SARS-CoV+SARS-CoV-2 (COVID-19) Ag panel - Upper respiratory specimen by Rapid immunoassay"
        },
        {
          "system" : "http://loinc.org",
          "code" : "95941-1",
          "display" : "Influenza virus A and B and SARS-CoV-2 (COVID-19) and Respiratory syncytial virus RNA panel - Respiratory specimen by NAA with probe detection"
        },
        {
          "system" : "http://loinc.org",
          "code" : "95380-2",
          "display" : "Influenza virus A and B and SARS-CoV-2 (COVID-19) and SARS-related CoV RNA panel - Respiratory specimen by NAA with probe detection"
        },
        {
          "system" : "http://loinc.org",
          "code" : "95423-0",
          "display" : "Influenza virus A and B and SARS-CoV-2 (COVID-19) identified in Respiratory specimen by NAA with probe detection"
        },
        {
          "system" : "http://loinc.org",
          "code" : "95422-2",
          "display" : "Influenza virus A and B and SARS-CoV-2 (COVID-19) RNA panel - Respiratory specimen by NAA with probe detection"
        },
        {
          "system" : "http://loinc.org",
          "code" : "95971-8",
          "display" : "SARS CoV-2 stimulated gamma interferon [Presence] in Blood"
        },
        {
          "system" : "http://loinc.org",
          "code" : "95974-2",
          "display" : "SARS CoV-2 stimulated gamma interferon panel - Blood"
        },
        {
          "system" : "http://loinc.org",
          "code" : "95972-6",
          "display" : "SARS CoV-2 stimulated gamma interferon release by T-cells [Units/volume] corrected for background in Blood"
        },
        {
          "system" : "http://loinc.org",
          "code" : "95973-4",
          "display" : "SARS CoV-2 stimulated gamma interferon release by T-cells [Units/volume] in Blood"
        },
        {
          "system" : "http://loinc.org",
          "code" : "95825-6",
          "display" : "SARS-CoV-2 (COVID-19) Ab [Presence] in DBS by Immunoassay"
        },
        {
          "system" : "http://loinc.org",
          "code" : "96118-5",
          "display" : "SARS-CoV-2 (COVID-19) Ab panel - DBS by Immunoassay"
        },
        {
          "system" : "http://loinc.org",
          "code" : "96119-3",
          "display" : "SARS-CoV-2 (COVID-19) Ag [Presence] in Upper respiratory specimen by Immunoassay"
        },
        {
          "system" : "http://loinc.org",
          "code" : "96094-8",
          "display" : "SARS-CoV-2 (COVID-19) and SARS-related CoV RNA panel - Respiratory specimen by NAA with probe detection"
        },
        {
          "system" : "http://loinc.org",
          "code" : "95427-1",
          "display" : "SARS-CoV-2 (COVID-19) IgA Ab [Titer] in Serum or Plasma by Immunofluorescence"
        },
        {
          "system" : "http://loinc.org",
          "code" : "95429-7",
          "display" : "SARS-CoV-2 (COVID-19) IgG Ab [Titer] in Serum or Plasma by Immunofluorescence"
        },
        {
          "system" : "http://loinc.org",
          "code" : "95542-7",
          "display" : "SARS-CoV-2 (COVID-19) IgG+IgM Ab [Presence] in Serum, Plasma or Blood by Rapid immunoassay"
        },
        {
          "system" : "http://loinc.org",
          "code" : "95428-9",
          "display" : "SARS-CoV-2 (COVID-19) IgM Ab [Titer] in Serum or Plasma by Immunofluorescence"
        },
        {
          "system" : "http://loinc.org",
          "code" : "95521-1",
          "display" : "SARS-CoV-2 (COVID-19) N gene [#/volume] (viral load) in Respiratory specimen by NAA with probe detection"
        },
        {
          "system" : "http://loinc.org",
          "code" : "95522-9",
          "display" : "SARS-CoV-2 (COVID-19) N gene [Log #/volume] (viral load) in Respiratory specimen by NAA with probe detection"
        },
        {
          "system" : "http://loinc.org",
          "code" : "95425-5",
          "display" : "SARS-CoV-2 (COVID-19) N gene [Presence] in Saliva (oral fluid) by NAA with probe detection"
        },
        {
          "system" : "http://loinc.org",
          "code" : "96448-6",
          "display" : "SARS-CoV-2 (COVID-19) N gene [Presence] in Saliva (oral fluid) by Nucleic acid amplification using CDC primer-probe set N1"
        },
        {
          "system" : "http://loinc.org",
          "code" : "95824-9",
          "display" : "SARS-CoV-2 (COVID-19) ORF1ab region [Presence] in Saliva (oral fluid) by NAA with probe detection"
        },
        {
          "system" : "http://loinc.org",
          "code" : "96120-1",
          "display" : "SARS-CoV-2 (COVID-19) RdRp gene [Presence] in Lower respiratory specimen by NAA with probe detection"
        },
        {
          "system" : "http://loinc.org",
          "code" : "96091-4",
          "display" : "SARS-CoV-2 (COVID-19) RdRp gene [Presence] in Saliva (oral fluid) by NAA with probe detection"
        },
        {
          "system" : "http://loinc.org",
          "code" : "96123-5",
          "display" : "SARS-CoV-2 (COVID-19) RdRp gene [Presence] in Upper respiratory specimen by NAA with probe detection"
        },
        {
          "system" : "http://loinc.org",
          "code" : "95608-6",
          "display" : "SARS-CoV-2 (COVID-19) RNA [Presence] in Respiratory specimen by NAA with non-probe detection"
        },
        {
          "system" : "http://loinc.org",
          "code" : "95424-8",
          "display" : "SARS-CoV-2 (COVID-19) RNA [Presence] in Respiratory specimen by Sequencing"
        },
        {
          "system" : "http://loinc.org",
          "code" : "95826-4",
          "display" : "SARS-CoV-2 (COVID-19) RNA panel - Saliva (oral fluid) by NAA with probe detection"
        },
        {
          "system" : "http://loinc.org",
          "code" : "95609-4",
          "display" : "SARS-CoV-2 (COVID-19) S gene [Presence] in Respiratory specimen by Sequencing"
        },
        {
          "system" : "http://loinc.org",
          "code" : "96603-6",
          "display" : "SARS-CoV-2 (COVID-19) S protein RBD neutralizing antibody [Presence] in Serum or Plasma by Immunoassay"
        },
        {
          "system" : "http://loinc.org",
          "code" : "95970-0",
          "display" : "SARS-CoV-2 (COVID-19) specific TCRB gene rearrangements [Presence] in Blood by Sequencing"
        },
        {
          "system" : "http://loinc.org",
          "code" : "96121-9",
          "display" : "SARS-related coronavirus E gene [Presence] in Lower respiratory specimen by NAA with probe detection"
        },
        {
          "system" : "http://loinc.org",
          "code" : "95823-1",
          "display" : "SARS-related coronavirus E gene [Presence] in Saliva (oral fluid) by NAA with probe detection"
        },
        {
          "system" : "http://loinc.org",
          "code" : "96122-7",
          "display" : "SARS-related coronavirus E gene [Presence] in Upper respiratory specimen by NAA with probe detection"
        }]
      }
    }
  },
  {
    "resource" : {
      "resourceType" : "ValueSet",
      "text" : {
        "status" : "generated",
        "div" : "<div xmlns=\"http://www.w3.org/1999/xhtml\"><p>This value set contains 1 concepts</p><p style=\"border: black 1px dotted; background-color: #EEEEEE; padding: 8px; margin-bottom: 8px\">Expansion based on SNOMED CT International edition 31-Jan 2021</p><p>All codes from system <a href=\"http://terminology.hl7.org/2.1.0/CodeSystem-v3-snomed-CT.html\"><code>http://snomed.info/sct</code></a></p><table class=\"codes\"><tr><td style=\"white-space:nowrap\"><b>Code</b></td><td><b>Display</b></td><td><b>Definition</b></td></tr><tr><td style=\"white-space:nowrap\"><a name=\"http---snomed.info-sct-840539006\"> </a><a href=\"http://browser.ihtsdotools.org/?perspective=full&amp;conceptId1=840539006\">840539006</a></td><td>COVID-19</td><td/></tr></table></div>"
      },
      "status" : "active",
      "expansion" : {
        "identifier" : "urn:uuid:87e5fa5e-016a-443c-b244-0ad23f2cb61b",
        "timestamp" : "2021-04-28T18:01:05.593Z",
        "parameter" : [{
          "name" : "limitedExpansion",
          "valueBoolean" : true
        },
        {
          "name" : "version",
          "valueString" : "http://snomed.info/sct|http://snomed.info/sct/900000000000207008/version/20210131"
        }],
        "contains" : [{
          "system" : "http://snomed.info/sct",
          "code" : "840539006",
          "display" : "COVID-19"
        }]
      }
    }
  },
  {
    "resource" : {
      "resourceType" : "ValueSet",
      "text" : {
        "status" : "generated",
        "div" : "<div xmlns=\"http://www.w3.org/1999/xhtml\"><p>This value set contains 0 concepts</p><table class=\"codes\"><tr><td style=\"white-space:nowrap\"><b>Code</b></td><td><b>System</b></td><td><b>Display</b></td></tr></table></div>"
      },
      "status" : "active",
      "expansion" : {
        "identifier" : "urn:uuid:c99bee12-215e-456a-8a49-2930d26fc7b0",
        "timestamp" : "2021-04-28T18:01:05.171Z",
        "parameter" : [{
          "name" : "limitedExpansion",
          "valueBoolean" : true
        }]
      }
    }
  },
  {
    "fullUrl" : "http://hl7.it/fhir/dgc/ValueSet/vaccines-covid-19",
    "resource" : {
      "resourceType" : "ValueSet",
      "id" : "vaccines-covid-19",
      "text" : {
        "status" : "generated",
        "div" : "<div xmlns=\"http://www.w3.org/1999/xhtml\"><p>This value set contains 2 concepts</p><p style=\"border: black 1px dotted; background-color: #EEEEEE; padding: 8px; margin-bottom: 8px\">Expansion based on SNOMED CT International edition 31-Jan 2021</p><p>All codes from system <a href=\"http://terminology.hl7.org/2.1.0/CodeSystem-v3-snomed-CT.html\"><code>http://snomed.info/sct</code></a></p><table class=\"codes\"><tr><td style=\"white-space:nowrap\"><b>Code</b></td><td><b>Display</b></td><td><b>Definition</b></td></tr><tr><td style=\"white-space:nowrap\"><a name=\"http---snomed.info-sct-1119349007\"> </a><a href=\"http://browser.ihtsdotools.org/?perspective=full&amp;conceptId1=1119349007\">1119349007</a></td><td>SARS-CoV-2 mRNA vaccine</td><td/></tr><tr><td style=\"white-space:nowrap\"><a name=\"http---snomed.info-sct-1119305005\"> </a><a href=\"http://browser.ihtsdotools.org/?perspective=full&amp;conceptId1=1119305005\">1119305005</a></td><td>SARS-CoV-2 antigen vaccine</td><td/></tr></table></div>"
      },
      "url" : "http://hl7.it/fhir/dgc/ValueSet/vaccines-covid-19",
      "version" : "0.1.1",
      "name" : "Covid19Vaccines",
      "title" : "Vaccine List (COVID-19)",
      "status" : "draft",
      "date" : "2021-05-02T16:08:48+00:00",
      "publisher" : "HL7 Italia",
      "contact" : [{
        "telecom" : [{
          "system" : "url",
          "value" : "http://hl7.it"
        }]
      }],
      "description" : "Vaccine List (COVID-19)",
      "jurisdiction" : [{
        "coding" : [{
          "system" : "urn:iso:std:iso:3166",
          "code" : "IT"
        }]
      }],
      "expansion" : {
        "identifier" : "urn:uuid:1d02cc0c-5f10-4500-8b14-891755beb43f",
        "timestamp" : "2021-05-02T16:09:10+00:00",
        "total" : 2,
        "parameter" : [{
          "name" : "excludeNested",
          "valueBoolean" : false
        },
        {
          "name" : "limitedExpansion",
          "valueBoolean" : true
        },
        {
          "name" : "version",
          "valueString" : "http://snomed.info/sct|http://snomed.info/sct/900000000000207008/version/20210131"
        },
        {
          "name" : "excludeNested",
          "valueBoolean" : true
        }],
        "contains" : [{
          "system" : "http://snomed.info/sct",
          "code" : "1119349007",
          "display" : "SARS-CoV-2 mRNA vaccine"
        },
        {
          "system" : "http://snomed.info/sct",
          "code" : "1119305005",
          "display" : "SARS-CoV-2 antigen vaccine"
        }]
      }
    }
  },
  {
    "resource" : {
      "resourceType" : "ValueSet",
      "text" : {
        "status" : "generated",
        "div" : "<div xmlns=\"http://www.w3.org/1999/xhtml\"><p>This value set contains 2 concepts</p><p style=\"border: black 1px dotted; background-color: #EEEEEE; padding: 8px; margin-bottom: 8px\">Expansion based on SNOMED CT International edition 31-Jan 2021</p><p>All codes from system <a href=\"http://terminology.hl7.org/2.1.0/CodeSystem-v3-snomed-CT.html\"><code>http://snomed.info/sct</code></a></p><table class=\"codes\"><tr><td style=\"white-space:nowrap\"><b>Code</b></td><td><b>Display</b></td><td><b>Definition</b></td></tr><tr><td style=\"white-space:nowrap\"><a name=\"http---snomed.info-sct-1240581000000104\"> </a><a href=\"http://browser.ihtsdotools.org/?perspective=full&amp;conceptId1=1240581000000104\">1240581000000104</a></td><td>Severe acute respiratory syndrome coronavirus 2 detected</td><td/></tr><tr><td style=\"white-space:nowrap\"><a name=\"http---snomed.info-sct-1240591000000102\"> </a><a href=\"http://browser.ihtsdotools.org/?perspective=full&amp;conceptId1=1240591000000102\">1240591000000102</a></td><td>Severe acute respiratory syndrome coronavirus 2 not detected</td><td/></tr></table></div>"
      },
      "status" : "active",
      "expansion" : {
        "identifier" : "urn:uuid:b1f72af7-307b-4d32-b098-3935e9884d09",
        "timestamp" : "2021-04-28T18:01:06.358Z",
        "parameter" : [{
          "name" : "limitedExpansion",
          "valueBoolean" : true
        },
        {
          "name" : "version",
          "valueString" : "http://snomed.info/sct|http://snomed.info/sct/900000000000207008/version/20210131"
        }],
        "contains" : [{
          "system" : "http://snomed.info/sct",
          "code" : "1240581000000104",
          "display" : "Severe acute respiratory syndrome coronavirus 2 detected"
        },
        {
          "system" : "http://snomed.info/sct",
          "code" : "1240591000000102",
          "display" : "Severe acute respiratory syndrome coronavirus 2 not detected"
        }]
      }
    }
  }]
}