<?xml version="1.0" encoding="UTF-8"?>

<ImplementationGuide xmlns="http://hl7.org/fhir">
  <id value="hl7.fhir.it.dgc"/>
  <text>
    <status value="extensions"/><div xmlns="http://www.w3.org/1999/xhtml"><h2>Hl7ItDgcIG</h2><p>The official URL for this implementation guide is: </p><pre>http://hl7.it/fhir/dgc/ImplementationGuide/hl7.fhir.it.dgc</pre><div><p>HL7 Italia Certificato Vaccinale (DGC) FHIR Implementation Guide, specifica come utilizzare lo standard HL7 FHIR per gestire le informazioni richiesta dal Digital Green Certificate</p>
</div></div>
  </text>
  <url value="http://hl7.it/fhir/dgc/ImplementationGuide/hl7.fhir.it.dgc"/>
  <version value="0.1.1"/>
  <name value="Hl7ItDgcIG"/>
  <title value="HL7 Italia Certificato Vaccinale (DGC) FHIR Implementation Guide"/>
  <status value="draft"/>
  <experimental value="true"/>
  <date value="2021-05-01T17:30:35+00:00"/>
  <publisher value="HL7 Italia"/>
  <contact>
    <telecom>
      <system value="url"/>
      <value value="http://hl7.it"/>
    </telecom>
  </contact>
  <description value="HL7 Italia Certificato Vaccinale (DGC) FHIR Implementation Guide, specifica come utilizzare lo standard HL7 FHIR per gestire le informazioni richiesta dal Digital Green Certificate"/>
  <jurisdiction>
    <coding>
      <system value="urn:iso:std:iso:3166"/>
      <code value="IT"/>
    </coding>
  </jurisdiction>
  <packageId value="hl7.fhir.it.dgc"/>
  <license value="CC-BY-SA-4.0"/>
  <fhirVersion value="4.0.1"/>
  <dependsOn>
    <uri value="http://hl7.org/fhir/uv/ips/ImplementationGuide/hl7.fhir.uv.ips"/>
    <packageId value="hl7.fhir.uv.ips"/>
    <version value="dev"/>
  </dependsOn>
  <definition>
    <extension url="http://hl7.org/fhir/tools/StructureDefinition/ig-parameter">
      <extension url="code">
        <valueString value="copyrightyear"/>
      </extension>
      <extension url="value">
        <valueString value="2021+"/>
      </extension>
    </extension>
    <extension url="http://hl7.org/fhir/tools/StructureDefinition/ig-parameter">
      <extension url="code">
        <valueString value="releaselabel"/>
      </extension>
      <extension url="value">
        <valueString value="CI Build"/>
      </extension>
    </extension>
    <extension url="http://hl7.org/fhir/tools/StructureDefinition/ig-parameter">
      <extension url="code">
        <valueString value="apply-jurisdiction"/>
      </extension>
      <extension url="value">
        <valueString value="true"/>
      </extension>
    </extension>
    <extension url="http://hl7.org/fhir/tools/StructureDefinition/ig-parameter">
      <extension url="code">
        <valueString value="autoload-resources"/>
      </extension>
      <extension url="value">
        <valueString value="true"/>
      </extension>
    </extension>
    <extension url="http://hl7.org/fhir/tools/StructureDefinition/ig-parameter">
      <extension url="code">
        <valueString value="path-liquid"/>
      </extension>
      <extension url="value">
        <valueString value="template/liquid"/>
      </extension>
    </extension>
    <extension url="http://hl7.org/fhir/tools/StructureDefinition/ig-parameter">
      <extension url="code">
        <valueString value="path-liquid"/>
      </extension>
      <extension url="value">
        <valueString value="input/liquid"/>
      </extension>
    </extension>
    <extension url="http://hl7.org/fhir/tools/StructureDefinition/ig-parameter">
      <extension url="code">
        <valueString value="path-qa"/>
      </extension>
      <extension url="value">
        <valueString value="temp/qa"/>
      </extension>
    </extension>
    <extension url="http://hl7.org/fhir/tools/StructureDefinition/ig-parameter">
      <extension url="code">
        <valueString value="path-temp"/>
      </extension>
      <extension url="value">
        <valueString value="temp/pages"/>
      </extension>
    </extension>
    <extension url="http://hl7.org/fhir/tools/StructureDefinition/ig-parameter">
      <extension url="code">
        <valueString value="path-output"/>
      </extension>
      <extension url="value">
        <valueString value="output"/>
      </extension>
    </extension>
    <extension url="http://hl7.org/fhir/tools/StructureDefinition/ig-parameter">
      <extension url="code">
        <valueString value="path-suppressed-warnings"/>
      </extension>
      <extension url="value">
        <valueString value="input/ignoreWarnings.txt"/>
      </extension>
    </extension>
    <extension url="http://hl7.org/fhir/tools/StructureDefinition/ig-parameter">
      <extension url="code">
        <valueString value="path-history"/>
      </extension>
      <extension url="value">
        <valueString value="http://hl7.it/fhir/dgc/history.html"/>
      </extension>
    </extension>
    <extension url="http://hl7.org/fhir/tools/StructureDefinition/ig-parameter">
      <extension url="code">
        <valueString value="template-html"/>
      </extension>
      <extension url="value">
        <valueString value="template-page.html"/>
      </extension>
    </extension>
    <extension url="http://hl7.org/fhir/tools/StructureDefinition/ig-parameter">
      <extension url="code">
        <valueString value="template-md"/>
      </extension>
      <extension url="value">
        <valueString value="template-page-md.html"/>
      </extension>
    </extension>
    <extension url="http://hl7.org/fhir/tools/StructureDefinition/ig-parameter">
      <extension url="code">
        <valueString value="apply-contact"/>
      </extension>
      <extension url="value">
        <valueString value="true"/>
      </extension>
    </extension>
    <extension url="http://hl7.org/fhir/tools/StructureDefinition/ig-parameter">
      <extension url="code">
        <valueString value="apply-context"/>
      </extension>
      <extension url="value">
        <valueString value="true"/>
      </extension>
    </extension>
    <extension url="http://hl7.org/fhir/tools/StructureDefinition/ig-parameter">
      <extension url="code">
        <valueString value="apply-copyright"/>
      </extension>
      <extension url="value">
        <valueString value="true"/>
      </extension>
    </extension>
    <extension url="http://hl7.org/fhir/tools/StructureDefinition/ig-parameter">
      <extension url="code">
        <valueString value="apply-license"/>
      </extension>
      <extension url="value">
        <valueString value="true"/>
      </extension>
    </extension>
    <extension url="http://hl7.org/fhir/tools/StructureDefinition/ig-parameter">
      <extension url="code">
        <valueString value="apply-publisher"/>
      </extension>
      <extension url="value">
        <valueString value="true"/>
      </extension>
    </extension>
    <extension url="http://hl7.org/fhir/tools/StructureDefinition/ig-parameter">
      <extension url="code">
        <valueString value="apply-version"/>
      </extension>
      <extension url="value">
        <valueString value="true"/>
      </extension>
    </extension>
    <extension url="http://hl7.org/fhir/tools/StructureDefinition/ig-parameter">
      <extension url="code">
        <valueString value="active-tables"/>
      </extension>
      <extension url="value">
        <valueString value="true"/>
      </extension>
    </extension>
    <resource>
      <extension url="http://hl7.org/fhir/tools/StructureDefinition/resource-information">
        <valueString value="Bundle"/>
      </extension>
      <reference>
        <reference value="Bundle/svc-Bundle-01"/>
      </reference>
      <name value="Two doses (Immunization)"/>
      <description value="Czech vaccination example: 2 doses"/>
      <exampleCanonical value="http://hl7.it/fhir/dgc/StructureDefinition/Bundle-dgc"/>
    </resource>
    <resource>
      <extension url="http://hl7.org/fhir/tools/StructureDefinition/resource-information">
        <valueString value="Bundle"/>
      </extension>
      <reference>
        <reference value="Bundle/svc-Bundle-02"/>
      </reference>
      <name value="Only first dose given (Immunization)"/>
      <description value="Czech vaccination example: 1 dose given, second dose planned"/>
      <exampleCanonical value="http://hl7.it/fhir/dgc/StructureDefinition/Bundle-dgc"/>
    </resource>
    <resource>
      <extension url="http://hl7.org/fhir/tools/StructureDefinition/resource-information">
        <valueString value="Bundle"/>
      </extension>
      <reference>
        <reference value="Bundle/svc-Bundle-03"/>
      </reference>
      <name value="Second dose not given (Immunization)"/>
      <description value="Vaccination example: second dose not given (only immunization events)"/>
      <exampleCanonical value="http://hl7.it/fhir/dgc/StructureDefinition/Bundle-dgc"/>
    </resource>
    <resource>
      <extension url="http://hl7.org/fhir/tools/StructureDefinition/resource-information">
        <valueString value="Bundle"/>
      </extension>
      <reference>
        <reference value="Bundle/svc-Bundle-04"/>
      </reference>
      <name value="Second dose not given (ImmunizationRecommendation)"/>
      <description value="Vaccination example: second dose not given (Immunization and ImmunizationRecommendation)"/>
      <exampleCanonical value="http://hl7.it/fhir/dgc/StructureDefinition/Bundle-dgc"/>
    </resource>
    <resource>
      <extension url="http://hl7.org/fhir/tools/StructureDefinition/resource-information">
        <valueString value="Bundle"/>
      </extension>
      <reference>
        <reference value="Bundle/svc-Bundle-05"/>
      </reference>
      <name value="Only planned vaccinations (ImmunizationRecommendation)"/>
      <description value="Vaccination example: only planned vaccinations"/>
      <exampleCanonical value="http://hl7.it/fhir/dgc/StructureDefinition/Bundle-dgc"/>
    </resource>
    <resource>
      <extension url="http://hl7.org/fhir/tools/StructureDefinition/resource-information">
        <valueString value="Bundle"/>
      </extension>
      <reference>
        <reference value="Bundle/svc-Bundle-06"/>
      </reference>
      <name value="Second dose not given due to adverse reaction"/>
      <description value="Vaccination example: second dose not given due to adverse reaction(Immunization and ImmunizationRecommendation)"/>
      <exampleCanonical value="http://hl7.it/fhir/dgc/StructureDefinition/Bundle-dgc"/>
    </resource>
    <resource>
      <extension url="http://hl7.org/fhir/tools/StructureDefinition/resource-information">
        <valueString value="Bundle"/>
      </extension>
      <reference>
        <reference value="Bundle/svc-Bundle-07"/>
      </reference>
      <name value="Only first dose given + QR (Immunization)"/>
      <description value="Czech vaccination example: 1 dose given, second dose planned with QR code"/>
      <exampleCanonical value="http://hl7.it/fhir/dgc/StructureDefinition/Bundle-dgc"/>
    </resource>
    <resource>
      <extension url="http://hl7.org/fhir/tools/StructureDefinition/resource-information">
        <valueString value="Bundle"/>
      </extension>
      <reference>
        <reference value="Bundle/svc-Bundle-08"/>
      </reference>
      <name value="Two doses given (Immunization)"/>
      <description value="Italian vaccination example: 2 dose given"/>
      <exampleCanonical value="http://hl7.it/fhir/dgc/StructureDefinition/Bundle-dgc"/>
    </resource>
    <resource>
      <extension url="http://hl7.org/fhir/tools/StructureDefinition/resource-information">
        <valueString value="Patient"/>
      </extension>
      <reference>
        <reference value="Patient/example-it-1"/>
      </reference>
      <name value="Patient"/>
      <description value="Example of Italian patient"/>
      <exampleCanonical value="http://hl7.it/fhir/dgc/StructureDefinition/Patient-dgc"/>
    </resource>
    <resource>
      <extension url="http://hl7.org/fhir/tools/StructureDefinition/resource-information">
        <valueString value="Organization"/>
      </extension>
      <reference>
        <reference value="Organization/org-example-it"/>
      </reference>
      <name value="Organization"/>
      <description value="Example of Italian Organization (azienda sanitaria)"/>
    </resource>
    <resource>
      <extension url="http://hl7.org/fhir/tools/StructureDefinition/resource-information">
        <valueString value="Immunization"/>
      </extension>
      <reference>
        <reference value="Immunization/example-it-1-1"/>
      </reference>
      <name value="Immunization"/>
      <description value="Example of Vaccination with COVID-19 mRNA vaccine"/>
      <exampleCanonical value="http://hl7.it/fhir/dgc/StructureDefinition/Immunization-dgc"/>
    </resource>
    <resource>
      <extension url="http://hl7.org/fhir/tools/StructureDefinition/resource-information">
        <valueString value="Immunization"/>
      </extension>
      <reference>
        <reference value="Immunization/example-it-1-2"/>
      </reference>
      <name value="Immunization"/>
      <description value="Example of Vaccination with COVID-19 mRNA vaccine"/>
      <exampleCanonical value="http://hl7.it/fhir/dgc/StructureDefinition/Immunization-dgc"/>
    </resource>
    <resource>
      <extension url="http://hl7.org/fhir/tools/StructureDefinition/resource-information">
        <valueString value="ValueSet"/>
      </extension>
      <reference>
        <reference value="ValueSet/vaccines-covid-19-auth-holders"/>
      </reference>
      <name value="Vaccine marketing authorization holder or Vaccine manufacturer (COVID-19)"/>
      <description value="Vaccine marketing authorization holder or Vaccine manufacturer (COVID-19)"/>
    </resource>
    <resource>
      <extension url="http://hl7.org/fhir/tools/StructureDefinition/resource-information">
        <valueString value="ValueSet"/>
      </extension>
      <reference>
        <reference value="ValueSet/npu-covid-19-non-rapid-tests"/>
      </reference>
      <name value="NPU Test List, Non-Rapid (COVID-19)"/>
      <description value="Test List, Non-Rapid (COVID-19) from [NPU]"/>
    </resource>
    <resource>
      <extension url="http://hl7.org/fhir/tools/StructureDefinition/resource-information">
        <valueString value="ValueSet"/>
      </extension>
      <reference>
        <reference value="ValueSet/covid-19-lab-test-manufacturer-and-name"/>
      </reference>
      <name value="COVID-19 Lab Test Manufacturer And Name"/>
      <description value="Examples of COVID-19 Lab Test Manufacturer And Name from http://covid-19-diagnostics.jrc.ec.europa.eu/devices?manufacturer&amp;text_name&amp;marking&amp;rapid_diag&amp;format&amp;target_type&amp;field-1=HSC%20mutual%20recognition%20%28RAT%29&amp;value-1=1&amp;search_method=AND#form_content"/>
    </resource>
    <resource>
      <extension url="http://hl7.org/fhir/tools/StructureDefinition/resource-information">
        <valueString value="ValueSet"/>
      </extension>
      <reference>
        <reference value="ValueSet/npu-covid-19-rapid-tests"/>
      </reference>
      <name value="NPU Rapid Test List (COVID-19)"/>
      <description value="Rapid Test List (COVID-19) from [NPU]"/>
    </resource>
    <resource>
      <extension url="http://hl7.org/fhir/tools/StructureDefinition/resource-information">
        <valueString value="ValueSet"/>
      </extension>
      <reference>
        <reference value="ValueSet/sct-vaccines-covid-19"/>
      </reference>
      <name value="SNOMED CT Vaccine List (COVID-19)"/>
      <description value="Vaccine List (COVID-19) from [SNOMED CT]"/>
    </resource>
    <resource>
      <extension url="http://hl7.org/fhir/tools/StructureDefinition/resource-information">
        <valueString value="StructureDefinition:resource"/>
      </extension>
      <reference>
        <reference value="StructureDefinition/Immunization-dgc"/>
      </reference>
      <name value="Immunization (Digital Green Certificate)"/>
      <description value="This profile defines how to represent Immunizations in FHIR for building a Smart vaccination Card."/>
    </resource>
    <resource>
      <extension url="http://hl7.org/fhir/tools/StructureDefinition/resource-information">
        <valueString value="StructureDefinition:resource"/>
      </extension>
      <reference>
        <reference value="StructureDefinition/Composition-dgc"/>
      </reference>
      <name value="Composition (Digital Green Certificate)"/>
      <description value="This profile defines how to represent a vaccination certificate in FHIR by using a Composition resource"/>
    </resource>
    <resource>
      <extension url="http://hl7.org/fhir/tools/StructureDefinition/resource-information">
        <valueString value="StructureDefinition:resource"/>
      </extension>
      <reference>
        <reference value="StructureDefinition/ImmunizationRecommendation-dgc"/>
      </reference>
      <name value="ImmunizationRecommendation (Digital Green Certificate)"/>
      <description value="This profile defines how to represent Immunization Recommandations in FHIR for building a Smart vaccination Card."/>
    </resource>
    <resource>
      <extension url="http://hl7.org/fhir/tools/StructureDefinition/resource-information">
        <valueString value="ConceptMap"/>
      </extension>
      <reference>
        <reference value="ConceptMap/Covid19LabTestsNPUToLOINCMap"/>
      </reference>
      <name value="COVID-19 Lab Tests NPU to LOINC Map"/>
      <description value="COVID-19 Lab Tests NPU to LOINC Map"/>
    </resource>
    <resource>
      <extension url="http://hl7.org/fhir/tools/StructureDefinition/resource-information">
        <valueString value="StructureDefinition:logical:abstract"/>
      </extension>
      <reference>
        <reference value="StructureDefinition/CertificatoVaccinale"/>
      </reference>
      <name value="Certificato Vaccinale"/>
      <description value="Data Set Certificato Vaccinale"/>
    </resource>
    <resource>
      <extension url="http://hl7.org/fhir/tools/StructureDefinition/resource-information">
        <valueString value="ValueSet"/>
      </extension>
      <reference>
        <reference value="ValueSet/covid-19-lab-methods"/>
      </reference>
      <name value="COVID-19 Lab Methods"/>
      <description value="COVID-19 Laboratory Methods"/>
    </resource>
    <resource>
      <extension url="http://hl7.org/fhir/tools/StructureDefinition/resource-information">
        <valueString value="ValueSet"/>
      </extension>
      <reference>
        <reference value="ValueSet/loinc-tests-covid-19"/>
      </reference>
      <name value="LOINC Test List (COVID-19)"/>
      <description value="Test List (COVID-19) from [LOINC]"/>
    </resource>
    <resource>
      <extension url="http://hl7.org/fhir/tools/StructureDefinition/resource-information">
        <valueString value="StructureDefinition:logical:abstract"/>
      </extension>
      <reference>
        <reference value="StructureDefinition/Soggetto"/>
      </reference>
      <name value="Soggetto "/>
      <description value="Soggetto vaccinato o da vaccinare"/>
    </resource>
    <resource>
      <extension url="http://hl7.org/fhir/tools/StructureDefinition/resource-information">
        <valueString value="ValueSet"/>
      </extension>
      <reference>
        <reference value="ValueSet/covid-19-diseases"/>
      </reference>
      <name value="COVID-19 Diseases"/>
      <description value="COVID-19 Diseases"/>
    </resource>
    <resource>
      <extension url="http://hl7.org/fhir/tools/StructureDefinition/resource-information">
        <valueString value="StructureDefinition:resource"/>
      </extension>
      <reference>
        <reference value="StructureDefinition/Bundle-dgc"/>
      </reference>
      <name value="Bundle (Digital Green Certificate)"/>
      <description value="This profile defines how to represent a vaccination certificate in FHIR by using a Bundle resource"/>
    </resource>
    <resource>
      <extension url="http://hl7.org/fhir/tools/StructureDefinition/resource-information">
        <valueString value="StructureDefinition:logical"/>
      </extension>
      <reference>
        <reference value="StructureDefinition/OperatoreSanitario"/>
      </reference>
      <name value="Operatore Sanitario"/>
      <description value="Operatore Sanitario"/>
    </resource>
    <resource>
      <extension url="http://hl7.org/fhir/tools/StructureDefinition/resource-information">
        <valueString value="ConceptMap"/>
      </extension>
      <reference>
        <reference value="ConceptMap/Covid19VaccinesSnomedToICD11Map"/>
      </reference>
      <name value="COVID-19 Vaccines SNOMED CT To ICD11 Map"/>
      <description value="COVID-19 Vaccines SNOMED CT To ICD11 Map"/>
    </resource>
    <resource>
      <extension url="http://hl7.org/fhir/tools/StructureDefinition/resource-information">
        <valueString value="StructureDefinition:resource"/>
      </extension>
      <reference>
        <reference value="StructureDefinition/Location-dgc"/>
      </reference>
      <name value="Location (Digital Green Certificate)"/>
      <description value="This profile defines how to represent Location in FHIR for building a Smart vaccination Card. This is used to describe optionally where the vaccination occured"/>
    </resource>
    <resource>
      <extension url="http://hl7.org/fhir/tools/StructureDefinition/resource-information">
        <valueString value="StructureDefinition:resource"/>
      </extension>
      <reference>
        <reference value="StructureDefinition/Observation-dgc"/>
      </reference>
      <name value="Observation - Test Result (Digital Green Certificate)"/>
      <description value="This profile defines how to represent Test Results in a Digital Green Certificate."/>
    </resource>
    <resource>
      <extension url="http://hl7.org/fhir/tools/StructureDefinition/resource-information">
        <valueString value="ValueSet"/>
      </extension>
      <reference>
        <reference value="ValueSet/atc-vaccines-covid-19"/>
      </reference>
      <name value="ATC Vaccine List (COVID-19)"/>
      <description value="Vaccine List (COVID-19) from [ATC]"/>
    </resource>
    <resource>
      <extension url="http://hl7.org/fhir/tools/StructureDefinition/resource-information">
        <valueString value="ValueSet"/>
      </extension>
      <reference>
        <reference value="ValueSet/vaccines-covid-19"/>
      </reference>
      <name value="Vaccine List (COVID-19)"/>
      <description value="Vaccine List (COVID-19)"/>
    </resource>
    <resource>
      <extension url="http://hl7.org/fhir/tools/StructureDefinition/resource-information">
        <valueString value="StructureDefinition:logical"/>
      </extension>
      <reference>
        <reference value="StructureDefinition/Vaccinazione"/>
      </reference>
      <name value="Vaccinazione"/>
      <description value="Dati Vaccinazione"/>
    </resource>
    <resource>
      <extension url="http://hl7.org/fhir/tools/StructureDefinition/resource-information">
        <valueString value="ValueSet"/>
      </extension>
      <reference>
        <reference value="ValueSet/covid-19-lab-result"/>
      </reference>
      <name value="COVID-19 Lab Result"/>
      <description value="COVID-19 Lab Result"/>
    </resource>
    <resource>
      <extension url="http://hl7.org/fhir/tools/StructureDefinition/resource-information">
        <valueString value="ValueSet"/>
      </extension>
      <reference>
        <reference value="ValueSet/vaccines-covid-19-names"/>
      </reference>
      <name value="Vaccine Name List (COVID-19)"/>
      <description value="Vaccine Name List (COVID-19)"/>
    </resource>
    <resource>
      <extension url="http://hl7.org/fhir/tools/StructureDefinition/resource-information">
        <valueString value="ValueSet"/>
      </extension>
      <reference>
        <reference value="ValueSet/icd11-vaccines-covid-19"/>
      </reference>
      <name value="ICD11 Vaccine List (COVID-19)"/>
      <description value="Vaccine List (COVID-19) from [ICD 11]"/>
    </resource>
    <resource>
      <extension url="http://hl7.org/fhir/tools/StructureDefinition/resource-information">
        <valueString value="StructureDefinition:logical"/>
      </extension>
      <reference>
        <reference value="StructureDefinition/Organizzazione"/>
      </reference>
      <name value="Organizzazione"/>
      <description value="Organizzazione"/>
    </resource>
    <resource>
      <extension url="http://hl7.org/fhir/tools/StructureDefinition/resource-information">
        <valueString value="StructureDefinition:resource"/>
      </extension>
      <reference>
        <reference value="StructureDefinition/Patient-dgc"/>
      </reference>
      <name value="Patient (Digital Green Certificate)"/>
      <description value="This profile defines how to represent Patient Data in a Digital Green Certificate."/>
    </resource>
    <page>
      <nameUrl value="toc.html"/>
      <title value="Table of Contents"/>
      <generation value="html"/>
      <page>
        <nameUrl value="index.html"/>
        <title value="EU Digital Green Certificate - Home Page"/>
        <generation value="markdown"/>
      </page>
      <page>
        <nameUrl value="models.html"/>
        <title value="Logical Models"/>
        <generation value="markdown"/>
      </page>
      <page>
        <nameUrl value="profiles.html"/>
        <title value="FHIR Profiles"/>
        <generation value="markdown"/>
      </page>
      <page>
        <nameUrl value="terminologies.html"/>
        <title value="Terminologies"/>
        <generation value="markdown"/>
      </page>
      <page>
        <nameUrl value="downloads.html"/>
        <title value="Useful Downloads"/>
        <generation value="html"/>
      </page>
      <page>
        <nameUrl value="changes.html"/>
        <title value="IG Change History"/>
        <generation value="html"/>
      </page>
    </page>
    <parameter>
      <code value="path-resource"/>
      <value value="input/capabilities"/>
    </parameter>
    <parameter>
      <code value="path-resource"/>
      <value value="input/examples"/>
    </parameter>
    <parameter>
      <code value="path-resource"/>
      <value value="input/extensions"/>
    </parameter>
    <parameter>
      <code value="path-resource"/>
      <value value="input/models"/>
    </parameter>
    <parameter>
      <code value="path-resource"/>
      <value value="input/operations"/>
    </parameter>
    <parameter>
      <code value="path-resource"/>
      <value value="input/profiles"/>
    </parameter>
    <parameter>
      <code value="path-resource"/>
      <value value="input/resources"/>
    </parameter>
    <parameter>
      <code value="path-resource"/>
      <value value="input/vocabulary"/>
    </parameter>
    <parameter>
      <code value="path-resource"/>
      <value value="input/maps"/>
    </parameter>
    <parameter>
      <code value="path-resource"/>
      <value value="input/testing"/>
    </parameter>
    <parameter>
      <code value="path-resource"/>
      <value value="input/history"/>
    </parameter>
    <parameter>
      <code value="path-resource"/>
      <value value="fsh-generated/resources"/>
    </parameter>
    <parameter>
      <code value="path-pages"/>
      <value value="template/config"/>
    </parameter>
    <parameter>
      <code value="path-pages"/>
      <value value="input/images"/>
    </parameter>
    <parameter>
      <code value="path-tx-cache"/>
      <value value="input-cache/txcache"/>
    </parameter>
  </definition>
</ImplementationGuide>