{
  "resourceType": "StructureDefinition",
  "id": "vaccinationCertificate",
  "text": {
    "status": "extensions",
    "div": "<div xmlns=\"http://www.w3.org/1999/xhtml\"><table border=\"0\" cellpadding=\"0\" cellspacing=\"0\" style=\"border: 0px #F0F0F0 solid; font-size: 11px; font-family: verdana; vertical-align: top;\"><tr style=\"border: 1px #F0F0F0 solid; font-size: 11px; font-family: verdana; vertical-align: top\"><th style=\"vertical-align: top; text-align : left; background-color: white; border: 0px #F0F0F0 solid; padding:0px 4px 0px 4px\" class=\"hierarchy\"><a href=\"http://hl7.org/fhir/R4/formats.html#table\" title=\"The logical name of the element\">Name</a></th><th style=\"vertical-align: top; text-align : left; background-color: white; border: 0px #F0F0F0 solid; padding:0px 4px 0px 4px\" class=\"hierarchy\"><a href=\"http://hl7.org/fhir/R4/formats.html#table\" title=\"Information about the use of the element\">Flags</a></th><th style=\"vertical-align: top; text-align : left; background-color: white; border: 0px #F0F0F0 solid; padding:0px 4px 0px 4px\" class=\"hierarchy\"><a href=\"http://hl7.org/fhir/R4/formats.html#table\" title=\"Minimum and Maximum # of times the the element can appear in the instance\">Card.</a></th><th style=\"width: 100px\" class=\"hierarchy\"><a href=\"http://hl7.org/fhir/R4/formats.html#table\" title=\"Reference to the type of the element\">Type</a></th><th style=\"vertical-align: top; text-align : left; background-color: white; border: 0px #F0F0F0 solid; padding:0px 4px 0px 4px\" class=\"hierarchy\"><a href=\"http://hl7.org/fhir/R4/formats.html#table\" title=\"Additional information about the element\">Description &amp; Constraints</a><span style=\"float: right\"><a href=\"http://hl7.org/fhir/R4/formats.html#table\" title=\"Legend for this format\"><img src=\"http://hl7.org/fhir/R4/help16.png\" alt=\"doco\" style=\"background-color: inherit\"/></a></span></th></tr><tr style=\"border: 0px #F0F0F0 solid; padding:0px; vertical-align: top; background-color: white\"><td style=\"vertical-align: top; text-align : left; background-color: white; border: 0px #F0F0F0 solid; padding:0px 4px 0px 4px; white-space: nowrap; background-image: url(tbl_bck1.png)\" class=\"hierarchy\"><img src=\"tbl_spacer.png\" alt=\".\" style=\"background-color: inherit\" class=\"hierarchy\"/><img src=\"icon_element.gif\" alt=\".\" style=\"background-color: white; background-color: inherit\" title=\"Element\" class=\"hierarchy\"/> <a href=\"StructureDefinition-vaccinationCertificate-definitions.html#vaccinationCertificate\" title=\"EU Vaccination Certificate content\">vaccinationCertificate</a><a name=\"vaccinationCertificate\"> </a></td><td style=\"vertical-align: top; text-align : left; background-color: white; border: 0px #F0F0F0 solid; padding:0px 4px 0px 4px\" class=\"hierarchy\"><span style=\"padding-left: 3px; padding-right: 3px; color: black; null\" title=\"This element has or is affected by some invariants (eu-dgc-1)\">I</span></td><td style=\"vertical-align: top; text-align : left; background-color: white; border: 0px #F0F0F0 solid; padding:0px 4px 0px 4px\" class=\"hierarchy\">1..1</td><td style=\"vertical-align: top; text-align : left; background-color: white; border: 0px #F0F0F0 solid; padding:0px 4px 0px 4px\" class=\"hierarchy\"><a href=\"http://hl7.org/fhir/R4/datatypes.html#Element\">Element</a></td><td style=\"vertical-align: top; text-align : left; background-color: white; border: 0px #F0F0F0 solid; padding:0px 4px 0px 4px\" class=\"hierarchy\">EU Vaccination Certificate<br/><span style=\"font-weight:bold\">eu-dgc-1: </span>If no Person identifier is provided then the date of birth shall be valued</td></tr>\r\n<tr style=\"border: 0px #F0F0F0 solid; padding:0px; vertical-align: top; background-color: #F7F7F7\"><td style=\"vertical-align: top; text-align : left; background-color: #F7F7F7; border: 0px #F0F0F0 solid; padding:0px 4px 0px 4px; white-space: nowrap; background-image: url(tbl_bck11.png)\" class=\"hierarchy\"><img src=\"tbl_spacer.png\" alt=\".\" style=\"background-color: inherit\" class=\"hierarchy\"/><img src=\"tbl_vjoin.png\" alt=\".\" style=\"background-color: inherit\" class=\"hierarchy\"/><img src=\"icon_datatype.gif\" alt=\".\" style=\"background-color: #F7F7F7; background-color: inherit\" title=\"Data Type\" class=\"hierarchy\"/> <a href=\"StructureDefinition-vaccinationCertificate-definitions.html#vaccinationCertificate.subject\" title=\"Person identification\">subject</a><a name=\"vaccinationCertificate.subject\"> </a></td><td style=\"vertical-align: top; text-align : left; background-color: #F7F7F7; border: 0px #F0F0F0 solid; padding:0px 4px 0px 4px\" class=\"hierarchy\"/><td style=\"vertical-align: top; text-align : left; background-color: #F7F7F7; border: 0px #F0F0F0 solid; padding:0px 4px 0px 4px\" class=\"hierarchy\">1..1</td><td style=\"vertical-align: top; text-align : left; background-color: #F7F7F7; border: 0px #F0F0F0 solid; padding:0px 4px 0px 4px\" class=\"hierarchy\"><a href=\"http://hl7.org/fhir/R4/datatypes.html#BackboneElement\">BackboneElement</a></td><td style=\"vertical-align: top; text-align : left; background-color: #F7F7F7; border: 0px #F0F0F0 solid; padding:0px 4px 0px 4px\" class=\"hierarchy\">Person identification</td></tr>\r\n<tr style=\"border: 0px #F0F0F0 solid; padding:0px; vertical-align: top; background-color: white\"><td style=\"vertical-align: top; text-align : left; background-color: white; border: 0px #F0F0F0 solid; padding:0px 4px 0px 4px; white-space: nowrap; background-image: url(tbl_bck110.png)\" class=\"hierarchy\"><img src=\"tbl_spacer.png\" alt=\".\" style=\"background-color: inherit\" class=\"hierarchy\"/><img src=\"tbl_vline.png\" alt=\".\" style=\"background-color: inherit\" class=\"hierarchy\"/><img src=\"tbl_vjoin.png\" alt=\".\" style=\"background-color: inherit\" class=\"hierarchy\"/><img src=\"icon_datatype.gif\" alt=\".\" style=\"background-color: white; background-color: inherit\" title=\"Data Type\" class=\"hierarchy\"/> <a href=\"StructureDefinition-vaccinationCertificate-definitions.html#vaccinationCertificate.subject.name\" title=\"The legal name of the vaccinated person\">name</a><a name=\"vaccinationCertificate.subject.name\"> </a></td><td style=\"vertical-align: top; text-align : left; background-color: white; border: 0px #F0F0F0 solid; padding:0px 4px 0px 4px\" class=\"hierarchy\"/><td style=\"vertical-align: top; text-align : left; background-color: white; border: 0px #F0F0F0 solid; padding:0px 4px 0px 4px\" class=\"hierarchy\">1..*</td><td style=\"vertical-align: top; text-align : left; background-color: white; border: 0px #F0F0F0 solid; padding:0px 4px 0px 4px\" class=\"hierarchy\"><a href=\"http://hl7.org/fhir/R4/datatypes.html#HumanName\">HumanName</a></td><td style=\"vertical-align: top; text-align : left; background-color: white; border: 0px #F0F0F0 solid; padding:0px 4px 0px 4px\" class=\"hierarchy\">Person name<br/></td></tr>\r\n<tr style=\"border: 0px #F0F0F0 solid; padding:0px; vertical-align: top; background-color: #F7F7F7\"><td style=\"vertical-align: top; text-align : left; background-color: #F7F7F7; border: 0px #F0F0F0 solid; padding:0px 4px 0px 4px; white-space: nowrap; background-image: url(tbl_bck110.png)\" class=\"hierarchy\"><img src=\"tbl_spacer.png\" alt=\".\" style=\"background-color: inherit\" class=\"hierarchy\"/><img src=\"tbl_vline.png\" alt=\".\" style=\"background-color: inherit\" class=\"hierarchy\"/><img src=\"tbl_vjoin.png\" alt=\".\" style=\"background-color: inherit\" class=\"hierarchy\"/><img src=\"icon_datatype.gif\" alt=\".\" style=\"background-color: #F7F7F7; background-color: inherit\" title=\"Data Type\" class=\"hierarchy\"/> <a href=\"StructureDefinition-vaccinationCertificate-definitions.html#vaccinationCertificate.subject.identifier\" title=\"An identifier of the vaccinated person, according to the policies applicable in each country. It should be captured what type of identifier is used. Examples: citizen ID card or identifier within the health system/IIS/e-registry.\">identifier</a><a name=\"vaccinationCertificate.subject.identifier\"> </a></td><td style=\"vertical-align: top; text-align : left; background-color: #F7F7F7; border: 0px #F0F0F0 solid; padding:0px 4px 0px 4px\" class=\"hierarchy\"/><td style=\"vertical-align: top; text-align : left; background-color: #F7F7F7; border: 0px #F0F0F0 solid; padding:0px 4px 0px 4px\" class=\"hierarchy\">0..*</td><td style=\"vertical-align: top; text-align : left; background-color: #F7F7F7; border: 0px #F0F0F0 solid; padding:0px 4px 0px 4px\" class=\"hierarchy\"><a href=\"http://hl7.org/fhir/R4/datatypes.html#Identifier\">Identifier</a></td><td style=\"vertical-align: top; text-align : left; background-color: #F7F7F7; border: 0px #F0F0F0 solid; padding:0px 4px 0px 4px\" class=\"hierarchy\">Person identifier<br/></td></tr>\r\n<tr style=\"border: 0px #F0F0F0 solid; padding:0px; vertical-align: top; background-color: white\"><td style=\"vertical-align: top; text-align : left; background-color: white; border: 0px #F0F0F0 solid; padding:0px 4px 0px 4px; white-space: nowrap; background-image: url(tbl_bck110.png)\" class=\"hierarchy\"><img src=\"tbl_spacer.png\" alt=\".\" style=\"background-color: inherit\" class=\"hierarchy\"/><img src=\"tbl_vline.png\" alt=\".\" style=\"background-color: inherit\" class=\"hierarchy\"/><img src=\"tbl_vjoin.png\" alt=\".\" style=\"background-color: inherit\" class=\"hierarchy\"/><img src=\"icon_datatype.gif\" alt=\".\" style=\"background-color: white; background-color: inherit\" title=\"Data Type\" class=\"hierarchy\"/> <a href=\"StructureDefinition-vaccinationCertificate-definitions.html#vaccinationCertificate.subject.sex\" title=\"Administrative gender\">sex</a><a name=\"vaccinationCertificate.subject.sex\"> </a></td><td style=\"vertical-align: top; text-align : left; background-color: white; border: 0px #F0F0F0 solid; padding:0px 4px 0px 4px\" class=\"hierarchy\"/><td style=\"vertical-align: top; text-align : left; background-color: white; border: 0px #F0F0F0 solid; padding:0px 4px 0px 4px\" class=\"hierarchy\">0..1</td><td style=\"vertical-align: top; text-align : left; background-color: white; border: 0px #F0F0F0 solid; padding:0px 4px 0px 4px\" class=\"hierarchy\"><a href=\"http://hl7.org/fhir/R4/datatypes.html#CodeableConcept\">CodeableConcept</a></td><td style=\"vertical-align: top; text-align : left; background-color: white; border: 0px #F0F0F0 solid; padding:0px 4px 0px 4px\" class=\"hierarchy\">Sex</td></tr>\r\n<tr style=\"border: 0px #F0F0F0 solid; padding:0px; vertical-align: top; background-color: #F7F7F7\"><td style=\"vertical-align: top; text-align : left; background-color: #F7F7F7; border: 0px #F0F0F0 solid; padding:0px 4px 0px 4px; white-space: nowrap; background-image: url(tbl_bck100.png)\" class=\"hierarchy\"><img src=\"tbl_spacer.png\" alt=\".\" style=\"background-color: inherit\" class=\"hierarchy\"/><img src=\"tbl_vline.png\" alt=\".\" style=\"background-color: inherit\" class=\"hierarchy\"/><img src=\"tbl_vjoin_end.png\" alt=\".\" style=\"background-color: inherit\" class=\"hierarchy\"/><img src=\"icon_primitive.png\" alt=\".\" style=\"background-color: #F7F7F7; background-color: inherit\" title=\"Primitive Data Type\" class=\"hierarchy\"/> <a href=\"StructureDefinition-vaccinationCertificate-definitions.html#vaccinationCertificate.subject.birthDate\" title=\"Vaccinated person’s date of birth. Mandatory if no Person identifier is provided.\">birthDate</a><a name=\"vaccinationCertificate.subject.birthDate\"> </a></td><td style=\"vertical-align: top; text-align : left; background-color: #F7F7F7; border: 0px #F0F0F0 solid; padding:0px 4px 0px 4px\" class=\"hierarchy\"/><td style=\"vertical-align: top; text-align : left; background-color: #F7F7F7; border: 0px #F0F0F0 solid; padding:0px 4px 0px 4px\" class=\"hierarchy\">0..1</td><td style=\"vertical-align: top; text-align : left; background-color: #F7F7F7; border: 0px #F0F0F0 solid; padding:0px 4px 0px 4px\" class=\"hierarchy\"><a href=\"http://hl7.org/fhir/R4/datatypes.html#dateTime\">dateTime</a></td><td style=\"vertical-align: top; text-align : left; background-color: #F7F7F7; border: 0px #F0F0F0 solid; padding:0px 4px 0px 4px\" class=\"hierarchy\">Person date of birth</td></tr>\r\n<tr style=\"border: 0px #F0F0F0 solid; padding:0px; vertical-align: top; background-color: white\"><td style=\"vertical-align: top; text-align : left; background-color: white; border: 0px #F0F0F0 solid; padding:0px 4px 0px 4px; white-space: nowrap; background-image: url(tbl_bck11.png)\" class=\"hierarchy\"><img src=\"tbl_spacer.png\" alt=\".\" style=\"background-color: inherit\" class=\"hierarchy\"/><img src=\"tbl_vjoin.png\" alt=\".\" style=\"background-color: inherit\" class=\"hierarchy\"/><img src=\"icon_datatype.gif\" alt=\".\" style=\"background-color: white; background-color: inherit\" title=\"Data Type\" class=\"hierarchy\"/> <a href=\"StructureDefinition-vaccinationCertificate-definitions.html#vaccinationCertificate.vaccination\" title=\"Vaccination / prophylaxis information\">vaccination</a><a name=\"vaccinationCertificate.vaccination\"> </a></td><td style=\"vertical-align: top; text-align : left; background-color: white; border: 0px #F0F0F0 solid; padding:0px 4px 0px 4px\" class=\"hierarchy\"/><td style=\"vertical-align: top; text-align : left; background-color: white; border: 0px #F0F0F0 solid; padding:0px 4px 0px 4px\" class=\"hierarchy\">1..*</td><td style=\"vertical-align: top; text-align : left; background-color: white; border: 0px #F0F0F0 solid; padding:0px 4px 0px 4px\" class=\"hierarchy\"><a href=\"http://hl7.org/fhir/R4/datatypes.html#BackboneElement\">BackboneElement</a></td><td style=\"vertical-align: top; text-align : left; background-color: white; border: 0px #F0F0F0 solid; padding:0px 4px 0px 4px\" class=\"hierarchy\">Vaccination / prophylaxis information<br/></td></tr>\r\n<tr style=\"border: 0px #F0F0F0 solid; padding:0px; vertical-align: top; background-color: #F7F7F7\"><td style=\"vertical-align: top; text-align : left; background-color: #F7F7F7; border: 0px #F0F0F0 solid; padding:0px 4px 0px 4px; white-space: nowrap; background-image: url(tbl_bck110.png)\" class=\"hierarchy\"><img src=\"tbl_spacer.png\" alt=\".\" style=\"background-color: inherit\" class=\"hierarchy\"/><img src=\"tbl_vline.png\" alt=\".\" style=\"background-color: inherit\" class=\"hierarchy\"/><img src=\"tbl_vjoin.png\" alt=\".\" style=\"background-color: inherit\" class=\"hierarchy\"/><img src=\"icon_datatype.gif\" alt=\".\" style=\"background-color: #F7F7F7; background-color: inherit\" title=\"Data Type\" class=\"hierarchy\"/> <a href=\"StructureDefinition-vaccinationCertificate-definitions.html#vaccinationCertificate.vaccination.targetDisease\" title=\"Disease or agent that the vaccination provides protection against\">targetDisease</a><a name=\"vaccinationCertificate.vaccination.targetDisease\"> </a></td><td style=\"vertical-align: top; text-align : left; background-color: #F7F7F7; border: 0px #F0F0F0 solid; padding:0px 4px 0px 4px\" class=\"hierarchy\"/><td style=\"vertical-align: top; text-align : left; background-color: #F7F7F7; border: 0px #F0F0F0 solid; padding:0px 4px 0px 4px\" class=\"hierarchy\">0..*</td><td style=\"vertical-align: top; text-align : left; background-color: #F7F7F7; border: 0px #F0F0F0 solid; padding:0px 4px 0px 4px\" class=\"hierarchy\"><a href=\"http://hl7.org/fhir/R4/datatypes.html#CodeableConcept\">CodeableConcept</a></td><td style=\"vertical-align: top; text-align : left; background-color: #F7F7F7; border: 0px #F0F0F0 solid; padding:0px 4px 0px 4px\" class=\"hierarchy\">Disease or agent targeted<br/></td></tr>\r\n<tr style=\"border: 0px #F0F0F0 solid; padding:0px; vertical-align: top; background-color: white\"><td style=\"vertical-align: top; text-align : left; background-color: white; border: 0px #F0F0F0 solid; padding:0px 4px 0px 4px; white-space: nowrap; background-image: url(tbl_bck110.png)\" class=\"hierarchy\"><img src=\"tbl_spacer.png\" alt=\".\" style=\"background-color: inherit\" class=\"hierarchy\"/><img src=\"tbl_vline.png\" alt=\".\" style=\"background-color: inherit\" class=\"hierarchy\"/><img src=\"tbl_vjoin.png\" alt=\".\" style=\"background-color: inherit\" class=\"hierarchy\"/><img src=\"icon_datatype.gif\" alt=\".\" style=\"background-color: white; background-color: inherit\" title=\"Data Type\" class=\"hierarchy\"/> <a href=\"StructureDefinition-vaccinationCertificate-definitions.html#vaccinationCertificate.vaccination.vaccineCode\" title=\"Generic description of the vaccine/Vaccine component(s).\nExample:\nJ07BX03 covid-19 vaccines (temporary code, to be implemented in ATC 2022)\n1119349007 | COVID-19 mRNA vaccine |\n1119305005 | COVID-19 antigen vaccine |\">vaccineCode</a><a name=\"vaccinationCertificate.vaccination.vaccineCode\"> </a></td><td style=\"vertical-align: top; text-align : left; background-color: white; border: 0px #F0F0F0 solid; padding:0px 4px 0px 4px\" class=\"hierarchy\"/><td style=\"vertical-align: top; text-align : left; background-color: white; border: 0px #F0F0F0 solid; padding:0px 4px 0px 4px\" class=\"hierarchy\">0..*</td><td style=\"vertical-align: top; text-align : left; background-color: white; border: 0px #F0F0F0 solid; padding:0px 4px 0px 4px\" class=\"hierarchy\"><a href=\"http://hl7.org/fhir/R4/datatypes.html#CodeableConcept\">CodeableConcept</a></td><td style=\"vertical-align: top; text-align : left; background-color: white; border: 0px #F0F0F0 solid; padding:0px 4px 0px 4px\" class=\"hierarchy\">Vaccine or prophylaxis<br/></td></tr>\r\n<tr style=\"border: 0px #F0F0F0 solid; padding:0px; vertical-align: top; background-color: #F7F7F7\"><td style=\"vertical-align: top; text-align : left; background-color: #F7F7F7; border: 0px #F0F0F0 solid; padding:0px 4px 0px 4px; white-space: nowrap; background-image: url(tbl_bck110.png)\" class=\"hierarchy\"><img src=\"tbl_spacer.png\" alt=\".\" style=\"background-color: inherit\" class=\"hierarchy\"/><img src=\"tbl_vline.png\" alt=\".\" style=\"background-color: inherit\" class=\"hierarchy\"/><img src=\"tbl_vjoin.png\" alt=\".\" style=\"background-color: inherit\" class=\"hierarchy\"/><img src=\"icon_primitive.png\" alt=\".\" style=\"background-color: #F7F7F7; background-color: inherit\" title=\"Primitive Data Type\" class=\"hierarchy\"/> <a href=\"StructureDefinition-vaccinationCertificate-definitions.html#vaccinationCertificate.vaccination.vaccineProductName\" title=\"Medicinal product name\nExample: \nCOMIRNATY concentrate for dispersion for injection  \">vaccineProductName</a><a name=\"vaccinationCertificate.vaccination.vaccineProductName\"> </a></td><td style=\"vertical-align: top; text-align : left; background-color: #F7F7F7; border: 0px #F0F0F0 solid; padding:0px 4px 0px 4px\" class=\"hierarchy\"/><td style=\"vertical-align: top; text-align : left; background-color: #F7F7F7; border: 0px #F0F0F0 solid; padding:0px 4px 0px 4px\" class=\"hierarchy\">0..*</td><td style=\"vertical-align: top; text-align : left; background-color: #F7F7F7; border: 0px #F0F0F0 solid; padding:0px 4px 0px 4px\" class=\"hierarchy\"><a href=\"http://hl7.org/fhir/R4/datatypes.html#string\">string</a></td><td style=\"vertical-align: top; text-align : left; background-color: #F7F7F7; border: 0px #F0F0F0 solid; padding:0px 4px 0px 4px\" class=\"hierarchy\">Vaccine medicinal product  <br/></td></tr>\r\n<tr style=\"border: 0px #F0F0F0 solid; padding:0px; vertical-align: top; background-color: white\"><td style=\"vertical-align: top; text-align : left; background-color: white; border: 0px #F0F0F0 solid; padding:0px 4px 0px 4px; white-space: nowrap; background-image: url(tbl_bck110.png)\" class=\"hierarchy\"><img src=\"tbl_spacer.png\" alt=\".\" style=\"background-color: inherit\" class=\"hierarchy\"/><img src=\"tbl_vline.png\" alt=\".\" style=\"background-color: inherit\" class=\"hierarchy\"/><img src=\"tbl_vjoin.png\" alt=\".\" style=\"background-color: inherit\" class=\"hierarchy\"/><img src=\"icon_primitive.png\" alt=\".\" style=\"background-color: white; background-color: inherit\" title=\"Primitive Data Type\" class=\"hierarchy\"/> <a href=\"StructureDefinition-vaccinationCertificate-definitions.html#vaccinationCertificate.vaccination.vaccineMarketingAuthorizationHolder\" title=\"Marketing Authorisation Holder\">vaccineMarketingAuthorizationHolder</a><a name=\"vaccinationCertificate.vaccination.vaccineMarketingAuthorizationHolder\"> </a></td><td style=\"vertical-align: top; text-align : left; background-color: white; border: 0px #F0F0F0 solid; padding:0px 4px 0px 4px\" class=\"hierarchy\"/><td style=\"vertical-align: top; text-align : left; background-color: white; border: 0px #F0F0F0 solid; padding:0px 4px 0px 4px\" class=\"hierarchy\">0..1</td><td style=\"vertical-align: top; text-align : left; background-color: white; border: 0px #F0F0F0 solid; padding:0px 4px 0px 4px\" class=\"hierarchy\"><a href=\"http://hl7.org/fhir/R4/datatypes.html#string\">string</a></td><td style=\"vertical-align: top; text-align : left; background-color: white; border: 0px #F0F0F0 solid; padding:0px 4px 0px 4px\" class=\"hierarchy\">Marketing Authorization Holder</td></tr>\r\n<tr style=\"border: 0px #F0F0F0 solid; padding:0px; vertical-align: top; background-color: #F7F7F7\"><td style=\"vertical-align: top; text-align : left; background-color: #F7F7F7; border: 0px #F0F0F0 solid; padding:0px 4px 0px 4px; white-space: nowrap; background-image: url(tbl_bck110.png)\" class=\"hierarchy\"><img src=\"tbl_spacer.png\" alt=\".\" style=\"background-color: inherit\" class=\"hierarchy\"/><img src=\"tbl_vline.png\" alt=\".\" style=\"background-color: inherit\" class=\"hierarchy\"/><img src=\"tbl_vjoin.png\" alt=\".\" style=\"background-color: inherit\" class=\"hierarchy\"/><img src=\"icon_datatype.gif\" alt=\".\" style=\"background-color: #F7F7F7; background-color: inherit\" title=\"Data Type\" class=\"hierarchy\"/> <a href=\"StructureDefinition-vaccinationCertificate-definitions.html#vaccinationCertificate.vaccination.doseNumber\" title=\"Order in the vaccination course\">doseNumber</a><a name=\"vaccinationCertificate.vaccination.doseNumber\"> </a></td><td style=\"vertical-align: top; text-align : left; background-color: #F7F7F7; border: 0px #F0F0F0 solid; padding:0px 4px 0px 4px\" class=\"hierarchy\"/><td style=\"vertical-align: top; text-align : left; background-color: #F7F7F7; border: 0px #F0F0F0 solid; padding:0px 4px 0px 4px\" class=\"hierarchy\">1..1</td><td style=\"vertical-align: top; text-align : left; background-color: #F7F7F7; border: 0px #F0F0F0 solid; padding:0px 4px 0px 4px\" class=\"hierarchy\"><a href=\"http://hl7.org/fhir/R4/datatypes.html#BackboneElement\">BackboneElement</a></td><td style=\"vertical-align: top; text-align : left; background-color: #F7F7F7; border: 0px #F0F0F0 solid; padding:0px 4px 0px 4px\" class=\"hierarchy\">Number in a series of vaccinations / doses</td></tr>\r\n<tr style=\"border: 0px #F0F0F0 solid; padding:0px; vertical-align: top; background-color: white\"><td style=\"vertical-align: top; text-align : left; background-color: white; border: 0px #F0F0F0 solid; padding:0px 4px 0px 4px; white-space: nowrap; background-image: url(tbl_bck110.png)\" class=\"hierarchy\"><img src=\"tbl_spacer.png\" alt=\".\" style=\"background-color: inherit\" class=\"hierarchy\"/><img src=\"tbl_vline.png\" alt=\".\" style=\"background-color: inherit\" class=\"hierarchy\"/><img src=\"tbl_vjoin.png\" alt=\".\" style=\"background-color: inherit\" class=\"hierarchy\"/><img src=\"icon_primitive.png\" alt=\".\" style=\"background-color: white; background-color: inherit\" title=\"Primitive Data Type\" class=\"hierarchy\"/> <a href=\"StructureDefinition-vaccinationCertificate-definitions.html#vaccinationCertificate.vaccination.vaccineBatchNumber\" title=\"A distinctive combination of numbers and/or letters which specifically identifies a batch\">vaccineBatchNumber</a><a name=\"vaccinationCertificate.vaccination.vaccineBatchNumber\"> </a></td><td style=\"vertical-align: top; text-align : left; background-color: white; border: 0px #F0F0F0 solid; padding:0px 4px 0px 4px\" class=\"hierarchy\"/><td style=\"vertical-align: top; text-align : left; background-color: white; border: 0px #F0F0F0 solid; padding:0px 4px 0px 4px\" class=\"hierarchy\">0..1</td><td style=\"vertical-align: top; text-align : left; background-color: white; border: 0px #F0F0F0 solid; padding:0px 4px 0px 4px\" class=\"hierarchy\"><a href=\"http://hl7.org/fhir/R4/datatypes.html#string\">string</a></td><td style=\"vertical-align: top; text-align : left; background-color: white; border: 0px #F0F0F0 solid; padding:0px 4px 0px 4px\" class=\"hierarchy\">Batch/lot number</td></tr>\r\n<tr style=\"border: 0px #F0F0F0 solid; padding:0px; vertical-align: top; background-color: #F7F7F7\"><td style=\"vertical-align: top; text-align : left; background-color: #F7F7F7; border: 0px #F0F0F0 solid; padding:0px 4px 0px 4px; white-space: nowrap; background-image: url(tbl_bck110.png)\" class=\"hierarchy\"><img src=\"tbl_spacer.png\" alt=\".\" style=\"background-color: inherit\" class=\"hierarchy\"/><img src=\"tbl_vline.png\" alt=\".\" style=\"background-color: inherit\" class=\"hierarchy\"/><img src=\"tbl_vjoin.png\" alt=\".\" style=\"background-color: inherit\" class=\"hierarchy\"/><img src=\"icon_primitive.png\" alt=\".\" style=\"background-color: #F7F7F7; background-color: inherit\" title=\"Primitive Data Type\" class=\"hierarchy\"/> <a href=\"StructureDefinition-vaccinationCertificate-definitions.html#vaccinationCertificate.vaccination.dateOfVaccination\" title=\"Date of vaccination\">dateOfVaccination</a><a name=\"vaccinationCertificate.vaccination.dateOfVaccination\"> </a></td><td style=\"vertical-align: top; text-align : left; background-color: #F7F7F7; border: 0px #F0F0F0 solid; padding:0px 4px 0px 4px\" class=\"hierarchy\"/><td style=\"vertical-align: top; text-align : left; background-color: #F7F7F7; border: 0px #F0F0F0 solid; padding:0px 4px 0px 4px\" class=\"hierarchy\">0..1</td><td style=\"vertical-align: top; text-align : left; background-color: #F7F7F7; border: 0px #F0F0F0 solid; padding:0px 4px 0px 4px\" class=\"hierarchy\"><a href=\"http://hl7.org/fhir/R4/datatypes.html#dateTime\">dateTime</a></td><td style=\"vertical-align: top; text-align : left; background-color: #F7F7F7; border: 0px #F0F0F0 solid; padding:0px 4px 0px 4px\" class=\"hierarchy\">Date of vaccination</td></tr>\r\n<tr style=\"border: 0px #F0F0F0 solid; padding:0px; vertical-align: top; background-color: white\"><td style=\"vertical-align: top; text-align : left; background-color: white; border: 0px #F0F0F0 solid; padding:0px 4px 0px 4px; white-space: nowrap; background-image: url(tbl_bck110.png)\" class=\"hierarchy\"><img src=\"tbl_spacer.png\" alt=\".\" style=\"background-color: inherit\" class=\"hierarchy\"/><img src=\"tbl_vline.png\" alt=\".\" style=\"background-color: inherit\" class=\"hierarchy\"/><img src=\"tbl_vjoin.png\" alt=\".\" style=\"background-color: inherit\" class=\"hierarchy\"/><img src=\"icon_resource.png\" alt=\".\" style=\"background-color: white; background-color: inherit\" title=\"Resource\" class=\"hierarchy\"/> <a href=\"StructureDefinition-vaccinationCertificate-definitions.html#vaccinationCertificate.vaccination.administeringCentre\" title=\"Name/code of administering centre or a health authority responsible for the vaccination event\">administeringCentre</a><a name=\"vaccinationCertificate.vaccination.administeringCentre\"> </a></td><td style=\"vertical-align: top; text-align : left; background-color: white; border: 0px #F0F0F0 solid; padding:0px 4px 0px 4px\" class=\"hierarchy\"/><td style=\"vertical-align: top; text-align : left; background-color: white; border: 0px #F0F0F0 solid; padding:0px 4px 0px 4px\" class=\"hierarchy\">0..1</td><td style=\"vertical-align: top; text-align : left; background-color: white; border: 0px #F0F0F0 solid; padding:0px 4px 0px 4px\" class=\"hierarchy\"><a href=\"http://hl7.org/fhir/R4/organization.html\">Organization</a></td><td style=\"vertical-align: top; text-align : left; background-color: white; border: 0px #F0F0F0 solid; padding:0px 4px 0px 4px\" class=\"hierarchy\">Administering centre</td></tr>\r\n<tr style=\"border: 0px #F0F0F0 solid; padding:0px; vertical-align: top; background-color: #F7F7F7\"><td style=\"vertical-align: top; text-align : left; background-color: #F7F7F7; border: 0px #F0F0F0 solid; padding:0px 4px 0px 4px; white-space: nowrap; background-image: url(tbl_bck110.png)\" class=\"hierarchy\"><img src=\"tbl_spacer.png\" alt=\".\" style=\"background-color: inherit\" class=\"hierarchy\"/><img src=\"tbl_vline.png\" alt=\".\" style=\"background-color: inherit\" class=\"hierarchy\"/><img src=\"tbl_vjoin.png\" alt=\".\" style=\"background-color: inherit\" class=\"hierarchy\"/><img src=\"icon_resource.png\" alt=\".\" style=\"background-color: #F7F7F7; background-color: inherit\" title=\"Resource\" class=\"hierarchy\"/> <a href=\"StructureDefinition-vaccinationCertificate-definitions.html#vaccinationCertificate.vaccination.healthProfessionalIdentification\" title=\"Name or health professional code responsible for administering the vaccine or prophylaxis\">healthProfessionalIdentification</a><a name=\"vaccinationCertificate.vaccination.healthProfessionalIdentification\"> </a></td><td style=\"vertical-align: top; text-align : left; background-color: #F7F7F7; border: 0px #F0F0F0 solid; padding:0px 4px 0px 4px\" class=\"hierarchy\"/><td style=\"vertical-align: top; text-align : left; background-color: #F7F7F7; border: 0px #F0F0F0 solid; padding:0px 4px 0px 4px\" class=\"hierarchy\">0..*</td><td style=\"vertical-align: top; text-align : left; background-color: #F7F7F7; border: 0px #F0F0F0 solid; padding:0px 4px 0px 4px\" class=\"hierarchy\"><a href=\"http://hl7.org/fhir/R4/practitioner.html\">Practitioner</a></td><td style=\"vertical-align: top; text-align : left; background-color: #F7F7F7; border: 0px #F0F0F0 solid; padding:0px 4px 0px 4px\" class=\"hierarchy\">Health Professional identification<br/></td></tr>\r\n<tr style=\"border: 0px #F0F0F0 solid; padding:0px; vertical-align: top; background-color: white\"><td style=\"vertical-align: top; text-align : left; background-color: white; border: 0px #F0F0F0 solid; padding:0px 4px 0px 4px; white-space: nowrap; background-image: url(tbl_bck110.png)\" class=\"hierarchy\"><img src=\"tbl_spacer.png\" alt=\".\" style=\"background-color: inherit\" class=\"hierarchy\"/><img src=\"tbl_vline.png\" alt=\".\" style=\"background-color: inherit\" class=\"hierarchy\"/><img src=\"tbl_vjoin.png\" alt=\".\" style=\"background-color: inherit\" class=\"hierarchy\"/><img src=\"icon_datatype.gif\" alt=\".\" style=\"background-color: white; background-color: inherit\" title=\"Data Type\" class=\"hierarchy\"/> <a href=\"StructureDefinition-vaccinationCertificate-definitions.html#vaccinationCertificate.vaccination.countryOfVaccination\" title=\"The country in which the individual has been vaccinated\">countryOfVaccination</a><a name=\"vaccinationCertificate.vaccination.countryOfVaccination\"> </a></td><td style=\"vertical-align: top; text-align : left; background-color: white; border: 0px #F0F0F0 solid; padding:0px 4px 0px 4px\" class=\"hierarchy\"/><td style=\"vertical-align: top; text-align : left; background-color: white; border: 0px #F0F0F0 solid; padding:0px 4px 0px 4px\" class=\"hierarchy\">0..1</td><td style=\"vertical-align: top; text-align : left; background-color: white; border: 0px #F0F0F0 solid; padding:0px 4px 0px 4px\" class=\"hierarchy\"><a href=\"http://hl7.org/fhir/R4/datatypes.html#CodeableConcept\">CodeableConcept</a></td><td style=\"vertical-align: top; text-align : left; background-color: white; border: 0px #F0F0F0 solid; padding:0px 4px 0px 4px\" class=\"hierarchy\">Country of vaccination</td></tr>\r\n<tr style=\"border: 0px #F0F0F0 solid; padding:0px; vertical-align: top; background-color: #F7F7F7\"><td style=\"vertical-align: top; text-align : left; background-color: #F7F7F7; border: 0px #F0F0F0 solid; padding:0px 4px 0px 4px; white-space: nowrap; background-image: url(tbl_bck100.png)\" class=\"hierarchy\"><img src=\"tbl_spacer.png\" alt=\".\" style=\"background-color: inherit\" class=\"hierarchy\"/><img src=\"tbl_vline.png\" alt=\".\" style=\"background-color: inherit\" class=\"hierarchy\"/><img src=\"tbl_vjoin_end.png\" alt=\".\" style=\"background-color: inherit\" class=\"hierarchy\"/><img src=\"icon_primitive.png\" alt=\".\" style=\"background-color: #F7F7F7; background-color: inherit\" title=\"Primitive Data Type\" class=\"hierarchy\"/> <a href=\"StructureDefinition-vaccinationCertificate-definitions.html#vaccinationCertificate.vaccination.dateNextDose\" title=\"Date on which the next vaccination should be administered\">dateNextDose</a><a name=\"vaccinationCertificate.vaccination.dateNextDose\"> </a></td><td style=\"vertical-align: top; text-align : left; background-color: #F7F7F7; border: 0px #F0F0F0 solid; padding:0px 4px 0px 4px\" class=\"hierarchy\"/><td style=\"vertical-align: top; text-align : left; background-color: #F7F7F7; border: 0px #F0F0F0 solid; padding:0px 4px 0px 4px\" class=\"hierarchy\">0..1</td><td style=\"vertical-align: top; text-align : left; background-color: #F7F7F7; border: 0px #F0F0F0 solid; padding:0px 4px 0px 4px\" class=\"hierarchy\"><a href=\"http://hl7.org/fhir/R4/datatypes.html#dateTime\">dateTime</a></td><td style=\"vertical-align: top; text-align : left; background-color: #F7F7F7; border: 0px #F0F0F0 solid; padding:0px 4px 0px 4px\" class=\"hierarchy\">Next vaccination date</td></tr>\r\n<tr style=\"border: 0px #F0F0F0 solid; padding:0px; vertical-align: top; background-color: white\"><td style=\"vertical-align: top; text-align : left; background-color: white; border: 0px #F0F0F0 solid; padding:0px 4px 0px 4px; white-space: nowrap; background-image: url(tbl_bck01.png)\" class=\"hierarchy\"><img src=\"tbl_spacer.png\" alt=\".\" style=\"background-color: inherit\" class=\"hierarchy\"/><img src=\"tbl_vjoin_end.png\" alt=\".\" style=\"background-color: inherit\" class=\"hierarchy\"/><img src=\"icon_datatype.gif\" alt=\".\" style=\"background-color: white; background-color: inherit\" title=\"Data Type\" class=\"hierarchy\"/> <a href=\"StructureDefinition-vaccinationCertificate-definitions.html#vaccinationCertificate.metaData\" title=\"Certificate metadata\">metaData</a><a name=\"vaccinationCertificate.metaData\"> </a></td><td style=\"vertical-align: top; text-align : left; background-color: white; border: 0px #F0F0F0 solid; padding:0px 4px 0px 4px\" class=\"hierarchy\"/><td style=\"vertical-align: top; text-align : left; background-color: white; border: 0px #F0F0F0 solid; padding:0px 4px 0px 4px\" class=\"hierarchy\">1..1</td><td style=\"vertical-align: top; text-align : left; background-color: white; border: 0px #F0F0F0 solid; padding:0px 4px 0px 4px\" class=\"hierarchy\"><a href=\"http://hl7.org/fhir/R4/datatypes.html#BackboneElement\">BackboneElement</a></td><td style=\"vertical-align: top; text-align : left; background-color: white; border: 0px #F0F0F0 solid; padding:0px 4px 0px 4px\" class=\"hierarchy\">Certificate metadata</td></tr>\r\n<tr style=\"border: 0px #F0F0F0 solid; padding:0px; vertical-align: top; background-color: #F7F7F7\"><td style=\"vertical-align: top; text-align : left; background-color: #F7F7F7; border: 0px #F0F0F0 solid; padding:0px 4px 0px 4px; white-space: nowrap; background-image: url(tbl_bck010.png)\" class=\"hierarchy\"><img src=\"tbl_spacer.png\" alt=\".\" style=\"background-color: inherit\" class=\"hierarchy\"/><img src=\"tbl_blank.png\" alt=\".\" style=\"background-color: inherit\" class=\"hierarchy\"/><img src=\"tbl_vjoin.png\" alt=\".\" style=\"background-color: inherit\" class=\"hierarchy\"/><img src=\"icon_datatype.gif\" alt=\".\" style=\"background-color: #F7F7F7; background-color: inherit\" title=\"Data Type\" class=\"hierarchy\"/> <a href=\"StructureDefinition-vaccinationCertificate-definitions.html#vaccinationCertificate.metaData.issuer\" title=\"Entity that has issued the certificate (allowing to check the certificate)\">issuer</a><a name=\"vaccinationCertificate.metaData.issuer\"> </a></td><td style=\"vertical-align: top; text-align : left; background-color: #F7F7F7; border: 0px #F0F0F0 solid; padding:0px 4px 0px 4px\" class=\"hierarchy\"/><td style=\"vertical-align: top; text-align : left; background-color: #F7F7F7; border: 0px #F0F0F0 solid; padding:0px 4px 0px 4px\" class=\"hierarchy\">1..1</td><td style=\"vertical-align: top; text-align : left; background-color: #F7F7F7; border: 0px #F0F0F0 solid; padding:0px 4px 0px 4px\" class=\"hierarchy\"><a href=\"http://hl7.org/fhir/R4/datatypes.html#CodeableConcept\">CodeableConcept</a></td><td style=\"vertical-align: top; text-align : left; background-color: #F7F7F7; border: 0px #F0F0F0 solid; padding:0px 4px 0px 4px\" class=\"hierarchy\">Certificate Issuer</td></tr>\r\n<tr style=\"border: 0px #F0F0F0 solid; padding:0px; vertical-align: top; background-color: white\"><td style=\"vertical-align: top; text-align : left; background-color: white; border: 0px #F0F0F0 solid; padding:0px 4px 0px 4px; white-space: nowrap; background-image: url(tbl_bck010.png)\" class=\"hierarchy\"><img src=\"tbl_spacer.png\" alt=\".\" style=\"background-color: inherit\" class=\"hierarchy\"/><img src=\"tbl_blank.png\" alt=\".\" style=\"background-color: inherit\" class=\"hierarchy\"/><img src=\"tbl_vjoin.png\" alt=\".\" style=\"background-color: inherit\" class=\"hierarchy\"/><img src=\"icon_datatype.gif\" alt=\".\" style=\"background-color: white; background-color: inherit\" title=\"Data Type\" class=\"hierarchy\"/> <a href=\"StructureDefinition-vaccinationCertificate-definitions.html#vaccinationCertificate.metaData.certificateId\" title=\"Unique identifier of the certificate (UVCI), to be printed (human readable) into the certificate; the unique identifier can be included in the IIS\">certificateId</a><a name=\"vaccinationCertificate.metaData.certificateId\"> </a></td><td style=\"vertical-align: top; text-align : left; background-color: white; border: 0px #F0F0F0 solid; padding:0px 4px 0px 4px\" class=\"hierarchy\"/><td style=\"vertical-align: top; text-align : left; background-color: white; border: 0px #F0F0F0 solid; padding:0px 4px 0px 4px\" class=\"hierarchy\">1..1</td><td style=\"vertical-align: top; text-align : left; background-color: white; border: 0px #F0F0F0 solid; padding:0px 4px 0px 4px\" class=\"hierarchy\"><a href=\"http://hl7.org/fhir/R4/datatypes.html#Identifier\">Identifier</a></td><td style=\"vertical-align: top; text-align : left; background-color: white; border: 0px #F0F0F0 solid; padding:0px 4px 0px 4px\" class=\"hierarchy\">Certificate identifier</td></tr>\r\n<tr style=\"border: 0px #F0F0F0 solid; padding:0px; vertical-align: top; background-color: #F7F7F7\"><td style=\"vertical-align: top; text-align : left; background-color: #F7F7F7; border: 0px #F0F0F0 solid; padding:0px 4px 0px 4px; white-space: nowrap; background-image: url(tbl_bck010.png)\" class=\"hierarchy\"><img src=\"tbl_spacer.png\" alt=\".\" style=\"background-color: inherit\" class=\"hierarchy\"/><img src=\"tbl_blank.png\" alt=\".\" style=\"background-color: inherit\" class=\"hierarchy\"/><img src=\"tbl_vjoin.png\" alt=\".\" style=\"background-color: inherit\" class=\"hierarchy\"/><img src=\"icon_primitive.png\" alt=\".\" style=\"background-color: #F7F7F7; background-color: inherit\" title=\"Primitive Data Type\" class=\"hierarchy\"/> <a href=\"StructureDefinition-vaccinationCertificate-definitions.html#vaccinationCertificate.metaData.startValidity\" title=\"Certificate valid from (required if known)\">startValidity</a><a name=\"vaccinationCertificate.metaData.startValidity\"> </a></td><td style=\"vertical-align: top; text-align : left; background-color: #F7F7F7; border: 0px #F0F0F0 solid; padding:0px 4px 0px 4px\" class=\"hierarchy\"/><td style=\"vertical-align: top; text-align : left; background-color: #F7F7F7; border: 0px #F0F0F0 solid; padding:0px 4px 0px 4px\" class=\"hierarchy\">0..1</td><td style=\"vertical-align: top; text-align : left; background-color: #F7F7F7; border: 0px #F0F0F0 solid; padding:0px 4px 0px 4px\" class=\"hierarchy\"><a href=\"http://hl7.org/fhir/R4/datatypes.html#dateTime\">dateTime</a></td><td style=\"vertical-align: top; text-align : left; background-color: #F7F7F7; border: 0px #F0F0F0 solid; padding:0px 4px 0px 4px\" class=\"hierarchy\">Certificate valid from</td></tr>\r\n<tr style=\"border: 0px #F0F0F0 solid; padding:0px; vertical-align: top; background-color: white\"><td style=\"vertical-align: top; text-align : left; background-color: white; border: 0px #F0F0F0 solid; padding:0px 4px 0px 4px; white-space: nowrap; background-image: url(tbl_bck010.png)\" class=\"hierarchy\"><img src=\"tbl_spacer.png\" alt=\".\" style=\"background-color: inherit\" class=\"hierarchy\"/><img src=\"tbl_blank.png\" alt=\".\" style=\"background-color: inherit\" class=\"hierarchy\"/><img src=\"tbl_vjoin.png\" alt=\".\" style=\"background-color: inherit\" class=\"hierarchy\"/><img src=\"icon_primitive.png\" alt=\".\" style=\"background-color: white; background-color: inherit\" title=\"Primitive Data Type\" class=\"hierarchy\"/> <a href=\"StructureDefinition-vaccinationCertificate-definitions.html#vaccinationCertificate.metaData.endValidity\" title=\"Certificate valid until (validity can differ from the expected immunisation period)\">endValidity</a><a name=\"vaccinationCertificate.metaData.endValidity\"> </a></td><td style=\"vertical-align: top; text-align : left; background-color: white; border: 0px #F0F0F0 solid; padding:0px 4px 0px 4px\" class=\"hierarchy\"/><td style=\"vertical-align: top; text-align : left; background-color: white; border: 0px #F0F0F0 solid; padding:0px 4px 0px 4px\" class=\"hierarchy\">0..1</td><td style=\"vertical-align: top; text-align : left; background-color: white; border: 0px #F0F0F0 solid; padding:0px 4px 0px 4px\" class=\"hierarchy\"><a href=\"http://hl7.org/fhir/R4/datatypes.html#dateTime\">dateTime</a></td><td style=\"vertical-align: top; text-align : left; background-color: white; border: 0px #F0F0F0 solid; padding:0px 4px 0px 4px\" class=\"hierarchy\">Certificate valid until</td></tr>\r\n<tr style=\"border: 0px #F0F0F0 solid; padding:0px; vertical-align: top; background-color: #F7F7F7\"><td style=\"vertical-align: top; text-align : left; background-color: #F7F7F7; border: 0px #F0F0F0 solid; padding:0px 4px 0px 4px; white-space: nowrap; background-image: url(tbl_bck000.png)\" class=\"hierarchy\"><img src=\"tbl_spacer.png\" alt=\".\" style=\"background-color: inherit\" class=\"hierarchy\"/><img src=\"tbl_blank.png\" alt=\".\" style=\"background-color: inherit\" class=\"hierarchy\"/><img src=\"tbl_vjoin_end.png\" alt=\".\" style=\"background-color: inherit\" class=\"hierarchy\"/><img src=\"icon_datatype.gif\" alt=\".\" style=\"background-color: #F7F7F7; background-color: inherit\" title=\"Data Type\" class=\"hierarchy\"/> <a href=\"StructureDefinition-vaccinationCertificate-definitions.html#vaccinationCertificate.metaData.certificateSchemaVersion\" title=\"Version of this minimum dataset definition - currently set at 1.0.0\">certificateSchemaVersion</a><a name=\"vaccinationCertificate.metaData.certificateSchemaVersion\"> </a></td><td style=\"vertical-align: top; text-align : left; background-color: #F7F7F7; border: 0px #F0F0F0 solid; padding:0px 4px 0px 4px\" class=\"hierarchy\"/><td style=\"vertical-align: top; text-align : left; background-color: #F7F7F7; border: 0px #F0F0F0 solid; padding:0px 4px 0px 4px\" class=\"hierarchy\">1..1</td><td style=\"vertical-align: top; text-align : left; background-color: #F7F7F7; border: 0px #F0F0F0 solid; padding:0px 4px 0px 4px\" class=\"hierarchy\"><a href=\"http://hl7.org/fhir/R4/datatypes.html#Identifier\">Identifier</a></td><td style=\"vertical-align: top; text-align : left; background-color: #F7F7F7; border: 0px #F0F0F0 solid; padding:0px 4px 0px 4px\" class=\"hierarchy\">Certificate schema version</td></tr>\r\n<tr><td colspan=\"5\" class=\"hierarchy\"><br/><a href=\"http://hl7.org/fhir/R4/formats.html#table\" title=\"Legend for this format\"><img src=\"http://hl7.org/fhir/R4/help16.png\" alt=\"doco\" style=\"background-color: inherit\"/> Documentation for this format</a></td></tr></table></div>"
  },
  "url": "http://hl7.eu/fhir/ig/dgc/StructureDefinition/vaccinationCertificate",
  "version": "0.1.1",
  "name": "vaccinationCertificate",
  "title": "EU Digital Green Certificate",
  "status": "draft",
  "experimental": true,
  "date": "2021-05-02T16:08:48+00:00",
  "publisher": "HL7 Italia",
  "contact": [
    {
      "telecom": [
        {
          "system": "url",
          "value": "http://hl7.it"
        }
      ]
    }
  ],
  "description": "Logical Model representing the EU Digital Green Certificate",
  "jurisdiction": [
    {
      "coding": [
        {
          "system": "urn:iso:std:iso:3166",
          "code": "IT"
        }
      ]
    }
  ],
  "fhirVersion": "4.0.1",
  "mapping": [
    {
      "identity": "fhir",
      "uri": "hl7.org/fhir/r4",
      "name": "FHIR"
    },
    {
      "identity": "rim",
      "uri": "http://hl7.org/v3",
      "name": "RIM Mapping"
    }
  ],
  "kind": "logical",
  "abstract": false,
  "type": "vaccinationCertificate",
  "baseDefinition": "http://hl7.org/fhir/StructureDefinition/Element",
  "derivation": "specialization",
  "snapshot": {
    "element": [
      {
        "id": "vaccinationCertificate",
        "path": "vaccinationCertificate",
        "short": "EU Vaccination Certificate",
        "definition": "EU Vaccination Certificate content",
        "min": 1,
        "max": "1",
        "base": {
          "path": "Element",
          "min": 0,
          "max": "*"
        },
        "condition": [
          "ele-1"
        ],
        "constraint": [
          {
            "key": "ele-1",
            "severity": "error",
            "human": "All FHIR elements must have a @value or children",
            "expression": "hasValue() or (children().count() > id.count())",
            "xpath": "@value|f:*|h:div",
            "source": "http://hl7.org/fhir/StructureDefinition/Element"
          },
          {
            "key": "eu-dgc-1",
            "severity": "error",
            "human": "If no Person identifier is provided then the date of birth shall be valued",
            "expression": "identifier.exists() or birthDate.exists()"
          }
        ],
        "isModifier": false,
        "mapping": [
          {
            "identity": "rim",
            "map": "n/a"
          }
        ]
      },
      {
        "id": "vaccinationCertificate.id",
        "path": "vaccinationCertificate.id",
        "representation": [
          "xmlAttr"
        ],
        "short": "Unique id for inter-element referencing",
        "definition": "Unique id for the element within a resource (for internal references). This may be any string value that does not contain spaces.",
        "min": 0,
        "max": "1",
        "base": {
          "path": "Element.id",
          "min": 0,
          "max": "1"
        },
        "type": [
          {
            "extension": [
              {
                "url": "http://hl7.org/fhir/StructureDefinition/structuredefinition-fhir-type",
                "valueUrl": "string"
              }
            ],
            "code": "http://hl7.org/fhirpath/System.String"
          }
        ],
        "isModifier": false,
        "isSummary": false,
        "mapping": [
          {
            "identity": "rim",
            "map": "n/a"
          }
        ]
      },
      {
        "id": "vaccinationCertificate.extension",
        "path": "vaccinationCertificate.extension",
        "slicing": {
          "discriminator": [
            {
              "type": "value",
              "path": "url"
            }
          ],
          "description": "Extensions are always sliced by (at least) url",
          "rules": "open"
        },
        "short": "Additional content defined by implementations",
        "definition": "May be used to represent additional information that is not part of the basic definition of the element. To make the use of extensions safe and manageable, there is a strict set of governance  applied to the definition and use of extensions. Though any implementer can define an extension, there is a set of requirements that SHALL be met as part of the definition of the extension.",
        "comment": "There can be no stigma associated with the use of extensions by any application, project, or standard - regardless of the institution or jurisdiction that uses or defines the extensions.  The use of extensions is what allows the FHIR specification to retain a core level of simplicity for everyone.",
        "alias": [
          "extensions",
          "user content"
        ],
        "min": 0,
        "max": "*",
        "base": {
          "path": "Element.extension",
          "min": 0,
          "max": "*"
        },
        "type": [
          {
            "code": "Extension"
          }
        ],
        "constraint": [
          {
            "key": "ele-1",
            "severity": "error",
            "human": "All FHIR elements must have a @value or children",
            "expression": "hasValue() or (children().count() > id.count())",
            "xpath": "@value|f:*|h:div",
            "source": "http://hl7.org/fhir/StructureDefinition/Element"
          },
          {
            "key": "ext-1",
            "severity": "error",
            "human": "Must have either extensions or value[x], not both",
            "expression": "extension.exists() != value.exists()",
            "xpath": "exists(f:extension)!=exists(f:*[starts-with(local-name(.), \"value\")])",
            "source": "http://hl7.org/fhir/StructureDefinition/Extension"
          }
        ],
        "isModifier": false,
        "isSummary": false,
        "mapping": [
          {
            "identity": "rim",
            "map": "n/a"
          }
        ]
      },
      {
        "id": "vaccinationCertificate.subject",
        "path": "vaccinationCertificate.subject",
        "short": "Person identification",
        "definition": "Person identification",
        "min": 1,
        "max": "1",
        "base": {
          "path": "vaccinationCertificate.subject",
          "min": 1,
          "max": "1"
        },
        "type": [
          {
            "code": "BackboneElement"
          }
        ],
        "mapping": [
          {
            "identity": "fhir",
            "map": "Composition.conformsTo('http://hl7.eu/fhir/ig/dgc/StructureDefinition/Composition-svc').subject"
          },
          {
            "identity": "fhir",
            "map": "Immunization.conformsTo('http://hl7.eu/fhir/ig/dgc/StructureDefinition/Immunization-svc').patient"
          }
        ]
      },
      {
        "id": "vaccinationCertificate.subject.name",
        "path": "vaccinationCertificate.subject.name",
        "short": "Person name",
        "definition": "The legal name of the vaccinated person",
        "min": 1,
        "max": "*",
        "base": {
          "path": "vaccinationCertificate.subject.name",
          "min": 1,
          "max": "*"
        },
        "type": [
          {
            "code": "HumanName"
          }
        ],
        "mapping": [
          {
            "identity": "fhir",
            "map": "Patient.conformsTo('http://hl7.org/fhir/uv/ips/StructureDefinition/Patient-uv-ips').name"
          }
        ]
      },
      {
        "id": "vaccinationCertificate.subject.identifier",
        "path": "vaccinationCertificate.subject.identifier",
        "short": "Person identifier",
        "definition": "An identifier of the vaccinated person, according to the policies applicable in each country. It should be captured what type of identifier is used. Examples: citizen ID card or identifier within the health system/IIS/e-registry.",
        "min": 0,
        "max": "*",
        "base": {
          "path": "vaccinationCertificate.subject.identifier",
          "min": 0,
          "max": "*"
        },
        "type": [
          {
            "code": "Identifier"
          }
        ],
        "mapping": [
          {
            "identity": "fhir",
            "map": "Patient.conformsTo('http://hl7.org/fhir/uv/ips/StructureDefinition/Patient-uv-ips').identifier"
          }
        ]
      },
      {
        "id": "vaccinationCertificate.subject.sex",
        "path": "vaccinationCertificate.subject.sex",
        "short": "Sex",
        "definition": "Administrative gender",
        "min": 0,
        "max": "1",
        "base": {
          "path": "vaccinationCertificate.subject.sex",
          "min": 0,
          "max": "1"
        },
        "type": [
          {
            "code": "CodeableConcept"
          }
        ],
        "mapping": [
          {
            "identity": "fhir",
            "map": "Patient.conformsTo('http://hl7.org/fhir/uv/ips/StructureDefinition/Patient-uv-ips').gender"
          }
        ]
      },
      {
        "id": "vaccinationCertificate.subject.birthDate",
        "path": "vaccinationCertificate.subject.birthDate",
        "short": "Person date of birth",
        "definition": "Vaccinated person’s date of birth. Mandatory if no Person identifier is provided.",
        "min": 0,
        "max": "1",
        "base": {
          "path": "vaccinationCertificate.subject.birthDate",
          "min": 0,
          "max": "1"
        },
        "type": [
          {
            "code": "dateTime"
          }
        ],
        "mapping": [
          {
            "identity": "fhir",
            "map": "Patient.conformsTo('http://hl7.org/fhir/uv/ips/StructureDefinition/Patient-uv-ips').birthDate"
          }
        ]
      },
      {
        "id": "vaccinationCertificate.vaccination",
        "path": "vaccinationCertificate.vaccination",
        "short": "Vaccination / prophylaxis information",
        "definition": "Vaccination / prophylaxis information",
        "min": 1,
        "max": "*",
        "base": {
          "path": "vaccinationCertificate.vaccination",
          "min": 1,
          "max": "*"
        },
        "type": [
          {
            "code": "BackboneElement"
          }
        ],
        "mapping": [
          {
            "identity": "fhir",
            "map": "Immunization.conformsTo('http://hl7.eu/fhir/ig/dgc/StructureDefinition/Immunization-svc')"
          }
        ]
      },
      {
        "id": "vaccinationCertificate.vaccination.targetDisease",
        "path": "vaccinationCertificate.vaccination.targetDisease",
        "short": "Disease or agent targeted",
        "definition": "Disease or agent that the vaccination provides protection against",
        "min": 0,
        "max": "*",
        "base": {
          "path": "vaccinationCertificate.vaccination.targetDisease",
          "min": 0,
          "max": "*"
        },
        "type": [
          {
            "code": "CodeableConcept"
          }
        ],
        "mapping": [
          {
            "identity": "fhir",
            "map": "Immunization.conformsTo('http://hl7.eu/fhir/ig/dgc/StructureDefinition/Immunization-svc').protocolApplied.targetDisease"
          }
        ]
      },
      {
        "id": "vaccinationCertificate.vaccination.vaccineCode",
        "path": "vaccinationCertificate.vaccination.vaccineCode",
        "short": "Vaccine or prophylaxis",
        "definition": "Generic description of the vaccine/Vaccine component(s).\nExample:\nJ07BX03 covid-19 vaccines (temporary code, to be implemented in ATC 2022)\n1119349007 | COVID-19 mRNA vaccine |\n1119305005 | COVID-19 antigen vaccine |",
        "min": 0,
        "max": "*",
        "base": {
          "path": "vaccinationCertificate.vaccination.vaccineCode",
          "min": 0,
          "max": "*"
        },
        "type": [
          {
            "code": "CodeableConcept"
          }
        ],
        "mapping": [
          {
            "identity": "fhir",
            "map": "Immunization.conformsTo('http://hl7.eu/fhir/ig/dgc/StructureDefinition/Immunization-svc').vaccineCode"
          }
        ]
      },
      {
        "id": "vaccinationCertificate.vaccination.vaccineProductName",
        "path": "vaccinationCertificate.vaccination.vaccineProductName",
        "short": "Vaccine medicinal product  ",
        "definition": "Medicinal product name\nExample: \nCOMIRNATY concentrate for dispersion for injection  ",
        "min": 0,
        "max": "*",
        "base": {
          "path": "vaccinationCertificate.vaccination.vaccineProductName",
          "min": 0,
          "max": "*"
        },
        "type": [
          {
            "code": "string"
          }
        ],
        "mapping": [
          {
            "identity": "fhir",
            "map": "Immunization.conformsTo('http://hl7.eu/fhir/ig/dgc/StructureDefinition/Immunization-svc').vaccineCode.text"
          }
        ]
      },
      {
        "id": "vaccinationCertificate.vaccination.vaccineMarketingAuthorizationHolder",
        "path": "vaccinationCertificate.vaccination.vaccineMarketingAuthorizationHolder",
        "short": "Marketing Authorization Holder",
        "definition": "Marketing Authorisation Holder",
        "min": 0,
        "max": "1",
        "base": {
          "path": "vaccinationCertificate.vaccination.vaccineMarketingAuthorizationHolder",
          "min": 0,
          "max": "1"
        },
        "type": [
          {
            "code": "string"
          }
        ],
        "mapping": [
          {
            "identity": "fhir",
            "map": "Immunization.conformsTo('http://hl7.eu/fhir/ig/dgc/StructureDefinition/Immunization-svc').manufacturer"
          }
        ]
      },
      {
        "id": "vaccinationCertificate.vaccination.doseNumber",
        "path": "vaccinationCertificate.vaccination.doseNumber",
        "short": "Number in a series of vaccinations / doses",
        "definition": "Order in the vaccination course",
        "min": 1,
        "max": "1",
        "base": {
          "path": "vaccinationCertificate.vaccination.doseNumber",
          "min": 1,
          "max": "1"
        },
        "type": [
          {
            "code": "BackboneElement"
          }
        ],
        "mapping": [
          {
            "identity": "fhir",
            "map": "Immunization.conformsTo('http://hl7.eu/fhir/ig/dgc/StructureDefinition/Immunization-svc').protocolApplied.doseNumber[x], Immunization.conformsTo('http://hl7.eu/fhir/ig/dgc/StructureDefinition/Immunization-svc').protocolApplied.seriesDoses[x]"
          }
        ]
      },
      {
        "id": "vaccinationCertificate.vaccination.vaccineBatchNumber",
        "path": "vaccinationCertificate.vaccination.vaccineBatchNumber",
        "short": "Batch/lot number",
        "definition": "A distinctive combination of numbers and/or letters which specifically identifies a batch",
        "min": 0,
        "max": "1",
        "base": {
          "path": "vaccinationCertificate.vaccination.vaccineBatchNumber",
          "min": 0,
          "max": "1"
        },
        "type": [
          {
            "code": "string"
          }
        ],
        "mapping": [
          {
            "identity": "fhir",
            "map": "Immunization.conformsTo('http://hl7.eu/fhir/ig/dgc/StructureDefinition/Immunization-svc').lotNumber"
          }
        ]
      },
      {
        "id": "vaccinationCertificate.vaccination.dateOfVaccination",
        "path": "vaccinationCertificate.vaccination.dateOfVaccination",
        "short": "Date of vaccination",
        "definition": "Date of vaccination",
        "min": 0,
        "max": "1",
        "base": {
          "path": "vaccinationCertificate.vaccination.dateOfVaccination",
          "min": 0,
          "max": "1"
        },
        "type": [
          {
            "code": "dateTime"
          }
        ],
        "mapping": [
          {
            "identity": "fhir",
            "map": "Immunization.conformsTo('http://hl7.eu/fhir/ig/dgc/StructureDefinition/Immunization-svc').occurrenceDateTime"
          }
        ]
      },
      {
        "id": "vaccinationCertificate.vaccination.administeringCentre",
        "path": "vaccinationCertificate.vaccination.administeringCentre",
        "short": "Administering centre",
        "definition": "Name/code of administering centre or a health authority responsible for the vaccination event",
        "min": 0,
        "max": "1",
        "base": {
          "path": "vaccinationCertificate.vaccination.administeringCentre",
          "min": 0,
          "max": "1"
        },
        "type": [
          {
            "code": "Organization"
          }
        ],
        "mapping": [
          {
            "identity": "fhir",
            "map": "Immunization.conformsTo('http://hl7.eu/fhir/ig/dgc/StructureDefinition/Immunization-svc').performer, Immunization.conformsTo('http://hl7.eu/fhir/ig/dgc/StructureDefinition/Immunization-svc').location"
          }
        ]
      },
      {
        "id": "vaccinationCertificate.vaccination.healthProfessionalIdentification",
        "path": "vaccinationCertificate.vaccination.healthProfessionalIdentification",
        "short": "Health Professional identification",
        "definition": "Name or health professional code responsible for administering the vaccine or prophylaxis",
        "min": 0,
        "max": "*",
        "base": {
          "path": "vaccinationCertificate.vaccination.healthProfessionalIdentification",
          "min": 0,
          "max": "*"
        },
        "type": [
          {
            "code": "Practitioner"
          }
        ],
        "mapping": [
          {
            "identity": "fhir",
            "map": "Immunization.conformsTo('http://hl7.eu/fhir/ig/dgc/StructureDefinition/Immunization-svc').performer"
          }
        ]
      },
      {
        "id": "vaccinationCertificate.vaccination.countryOfVaccination",
        "path": "vaccinationCertificate.vaccination.countryOfVaccination",
        "short": "Country of vaccination",
        "definition": "The country in which the individual has been vaccinated",
        "min": 0,
        "max": "1",
        "base": {
          "path": "vaccinationCertificate.vaccination.countryOfVaccination",
          "min": 0,
          "max": "1"
        },
        "type": [
          {
            "code": "CodeableConcept"
          }
        ],
        "mapping": [
          {
            "identity": "fhir",
            "map": "Immunization.conformsTo('http://hl7.eu/fhir/ig/dgc/StructureDefinition/Immunization-svc').location.address.country"
          }
        ]
      },
      {
        "id": "vaccinationCertificate.vaccination.dateNextDose",
        "path": "vaccinationCertificate.vaccination.dateNextDose",
        "short": "Next vaccination date",
        "definition": "Date on which the next vaccination should be administered",
        "min": 0,
        "max": "1",
        "base": {
          "path": "vaccinationCertificate.vaccination.dateNextDose",
          "min": 0,
          "max": "1"
        },
        "type": [
          {
            "code": "dateTime"
          }
        ],
        "mapping": [
          {
            "identity": "fhir",
            "map": "ImmunizationRecommendation.recommendation.where(dateCriterion='http://loinc.org#30980-7').value"
          }
        ]
      },
      {
        "id": "vaccinationCertificate.metaData",
        "path": "vaccinationCertificate.metaData",
        "short": "Certificate metadata",
        "definition": "Certificate metadata",
        "min": 1,
        "max": "1",
        "base": {
          "path": "vaccinationCertificate.metaData",
          "min": 1,
          "max": "1"
        },
        "type": [
          {
            "code": "BackboneElement"
          }
        ]
      },
      {
        "id": "vaccinationCertificate.metaData.issuer",
        "path": "vaccinationCertificate.metaData.issuer",
        "short": "Certificate Issuer",
        "definition": "Entity that has issued the certificate (allowing to check the certificate)",
        "min": 1,
        "max": "1",
        "base": {
          "path": "vaccinationCertificate.metaData.issuer",
          "min": 1,
          "max": "1"
        },
        "type": [
          {
            "code": "CodeableConcept"
          }
        ],
        "mapping": [
          {
            "identity": "fhir",
            "map": "Composition.conformsTo('http://hl7.eu/fhir/ig/dgc/StructureDefinition/Composition-svc').attester.party"
          }
        ]
      },
      {
        "id": "vaccinationCertificate.metaData.certificateId",
        "path": "vaccinationCertificate.metaData.certificateId",
        "short": "Certificate identifier",
        "definition": "Unique identifier of the certificate (UVCI), to be printed (human readable) into the certificate; the unique identifier can be included in the IIS",
        "min": 1,
        "max": "1",
        "base": {
          "path": "vaccinationCertificate.metaData.certificateId",
          "min": 1,
          "max": "1"
        },
        "type": [
          {
            "code": "Identifier"
          }
        ],
        "mapping": [
          {
            "identity": "fhir",
            "map": "Build.conformsTo('http://hl7.eu/fhir/ig/dgc/StructureDefinition/Build-svc').identifier"
          },
          {
            "identity": "fhir",
            "map": "Composition.conformsTo('http://hl7.eu/fhir/ig/dgc/StructureDefinition/Composition-svc').identifier"
          }
        ]
      },
      {
        "id": "vaccinationCertificate.metaData.startValidity",
        "path": "vaccinationCertificate.metaData.startValidity",
        "short": "Certificate valid from",
        "definition": "Certificate valid from (required if known)",
        "min": 0,
        "max": "1",
        "base": {
          "path": "vaccinationCertificate.metaData.startValidity",
          "min": 0,
          "max": "1"
        },
        "type": [
          {
            "code": "dateTime"
          }
        ],
        "mapping": [
          {
            "identity": "fhir",
            "map": "Composition.attester.time, Build.conformsTo('http://hl7.eu/fhir/ig/dgc/StructureDefinition/Build-svc').identifier.period.start"
          }
        ]
      },
      {
        "id": "vaccinationCertificate.metaData.endValidity",
        "path": "vaccinationCertificate.metaData.endValidity",
        "short": "Certificate valid until",
        "definition": "Certificate valid until (validity can differ from the expected immunisation period)",
        "min": 0,
        "max": "1",
        "base": {
          "path": "vaccinationCertificate.metaData.endValidity",
          "min": 0,
          "max": "1"
        },
        "type": [
          {
            "code": "dateTime"
          }
        ],
        "mapping": [
          {
            "identity": "fhir",
            "map": "Build.conformsTo('http://hl7.eu/fhir/ig/dgc/StructureDefinition/Build-svc').identifier.period.end"
          }
        ]
      },
      {
        "id": "vaccinationCertificate.metaData.certificateSchemaVersion",
        "path": "vaccinationCertificate.metaData.certificateSchemaVersion",
        "short": "Certificate schema version",
        "definition": "Version of this minimum dataset definition - currently set at 1.0.0",
        "min": 1,
        "max": "1",
        "base": {
          "path": "vaccinationCertificate.metaData.certificateSchemaVersion",
          "min": 1,
          "max": "1"
        },
        "type": [
          {
            "code": "Identifier"
          }
        ]
      }
    ]
  },
  "differential": {
    "element": [
      {
        "id": "vaccinationCertificate",
        "path": "vaccinationCertificate",
        "short": "EU Vaccination Certificate",
        "definition": "EU Vaccination Certificate content",
        "min": 1,
        "max": "1",
        "constraint": [
          {
            "key": "eu-dgc-1",
            "severity": "error",
            "human": "If no Person identifier is provided then the date of birth shall be valued",
            "expression": "identifier.exists() or birthDate.exists()"
          }
        ]
      },
      {
        "id": "vaccinationCertificate.subject",
        "path": "vaccinationCertificate.subject",
        "short": "Person identification",
        "definition": "Person identification",
        "min": 1,
        "max": "1",
        "type": [
          {
            "code": "BackboneElement"
          }
        ],
        "mapping": [
          {
            "identity": "fhir",
            "map": "Composition.conformsTo('http://hl7.eu/fhir/ig/dgc/StructureDefinition/Composition-svc').subject"
          },
          {
            "identity": "fhir",
            "map": "Immunization.conformsTo('http://hl7.eu/fhir/ig/dgc/StructureDefinition/Immunization-svc').patient"
          }
        ]
      },
      {
        "id": "vaccinationCertificate.subject.name",
        "path": "vaccinationCertificate.subject.name",
        "short": "Person name",
        "definition": "The legal name of the vaccinated person",
        "min": 1,
        "max": "*",
        "type": [
          {
            "code": "HumanName"
          }
        ],
        "mapping": [
          {
            "identity": "fhir",
            "map": "Patient.conformsTo('http://hl7.org/fhir/uv/ips/StructureDefinition/Patient-uv-ips').name"
          }
        ]
      },
      {
        "id": "vaccinationCertificate.subject.identifier",
        "path": "vaccinationCertificate.subject.identifier",
        "short": "Person identifier",
        "definition": "An identifier of the vaccinated person, according to the policies applicable in each country. It should be captured what type of identifier is used. Examples: citizen ID card or identifier within the health system/IIS/e-registry.",
        "min": 0,
        "max": "*",
        "type": [
          {
            "code": "Identifier"
          }
        ],
        "mapping": [
          {
            "identity": "fhir",
            "map": "Patient.conformsTo('http://hl7.org/fhir/uv/ips/StructureDefinition/Patient-uv-ips').identifier"
          }
        ]
      },
      {
        "id": "vaccinationCertificate.subject.sex",
        "path": "vaccinationCertificate.subject.sex",
        "short": "Sex",
        "definition": "Administrative gender",
        "min": 0,
        "max": "1",
        "type": [
          {
            "code": "CodeableConcept"
          }
        ],
        "mapping": [
          {
            "identity": "fhir",
            "map": "Patient.conformsTo('http://hl7.org/fhir/uv/ips/StructureDefinition/Patient-uv-ips').gender"
          }
        ]
      },
      {
        "id": "vaccinationCertificate.subject.birthDate",
        "path": "vaccinationCertificate.subject.birthDate",
        "short": "Person date of birth",
        "definition": "Vaccinated person’s date of birth. Mandatory if no Person identifier is provided.",
        "min": 0,
        "max": "1",
        "type": [
          {
            "code": "dateTime"
          }
        ],
        "mapping": [
          {
            "identity": "fhir",
            "map": "Patient.conformsTo('http://hl7.org/fhir/uv/ips/StructureDefinition/Patient-uv-ips').birthDate"
          }
        ]
      },
      {
        "id": "vaccinationCertificate.vaccination",
        "path": "vaccinationCertificate.vaccination",
        "short": "Vaccination / prophylaxis information",
        "definition": "Vaccination / prophylaxis information",
        "min": 1,
        "max": "*",
        "type": [
          {
            "code": "BackboneElement"
          }
        ],
        "mapping": [
          {
            "identity": "fhir",
            "map": "Immunization.conformsTo('http://hl7.eu/fhir/ig/dgc/StructureDefinition/Immunization-svc')"
          }
        ]
      },
      {
        "id": "vaccinationCertificate.vaccination.targetDisease",
        "path": "vaccinationCertificate.vaccination.targetDisease",
        "short": "Disease or agent targeted",
        "definition": "Disease or agent that the vaccination provides protection against",
        "min": 0,
        "max": "*",
        "type": [
          {
            "code": "CodeableConcept"
          }
        ],
        "mapping": [
          {
            "identity": "fhir",
            "map": "Immunization.conformsTo('http://hl7.eu/fhir/ig/dgc/StructureDefinition/Immunization-svc').protocolApplied.targetDisease"
          }
        ]
      },
      {
        "id": "vaccinationCertificate.vaccination.vaccineCode",
        "path": "vaccinationCertificate.vaccination.vaccineCode",
        "short": "Vaccine or prophylaxis",
        "definition": "Generic description of the vaccine/Vaccine component(s).\nExample:\nJ07BX03 covid-19 vaccines (temporary code, to be implemented in ATC 2022)\n1119349007 | COVID-19 mRNA vaccine |\n1119305005 | COVID-19 antigen vaccine |",
        "min": 0,
        "max": "*",
        "type": [
          {
            "code": "CodeableConcept"
          }
        ],
        "mapping": [
          {
            "identity": "fhir",
            "map": "Immunization.conformsTo('http://hl7.eu/fhir/ig/dgc/StructureDefinition/Immunization-svc').vaccineCode"
          }
        ]
      },
      {
        "id": "vaccinationCertificate.vaccination.vaccineProductName",
        "path": "vaccinationCertificate.vaccination.vaccineProductName",
        "short": "Vaccine medicinal product  ",
        "definition": "Medicinal product name\nExample: \nCOMIRNATY concentrate for dispersion for injection  ",
        "min": 0,
        "max": "*",
        "type": [
          {
            "code": "string"
          }
        ],
        "mapping": [
          {
            "identity": "fhir",
            "map": "Immunization.conformsTo('http://hl7.eu/fhir/ig/dgc/StructureDefinition/Immunization-svc').vaccineCode.text"
          }
        ]
      },
      {
        "id": "vaccinationCertificate.vaccination.vaccineMarketingAuthorizationHolder",
        "path": "vaccinationCertificate.vaccination.vaccineMarketingAuthorizationHolder",
        "short": "Marketing Authorization Holder",
        "definition": "Marketing Authorisation Holder",
        "min": 0,
        "max": "1",
        "type": [
          {
            "code": "string"
          }
        ],
        "mapping": [
          {
            "identity": "fhir",
            "map": "Immunization.conformsTo('http://hl7.eu/fhir/ig/dgc/StructureDefinition/Immunization-svc').manufacturer"
          }
        ]
      },
      {
        "id": "vaccinationCertificate.vaccination.doseNumber",
        "path": "vaccinationCertificate.vaccination.doseNumber",
        "short": "Number in a series of vaccinations / doses",
        "definition": "Order in the vaccination course",
        "min": 1,
        "max": "1",
        "type": [
          {
            "code": "BackboneElement"
          }
        ],
        "mapping": [
          {
            "identity": "fhir",
            "map": "Immunization.conformsTo('http://hl7.eu/fhir/ig/dgc/StructureDefinition/Immunization-svc').protocolApplied.doseNumber[x], Immunization.conformsTo('http://hl7.eu/fhir/ig/dgc/StructureDefinition/Immunization-svc').protocolApplied.seriesDoses[x]"
          }
        ]
      },
      {
        "id": "vaccinationCertificate.vaccination.vaccineBatchNumber",
        "path": "vaccinationCertificate.vaccination.vaccineBatchNumber",
        "short": "Batch/lot number",
        "definition": "A distinctive combination of numbers and/or letters which specifically identifies a batch",
        "min": 0,
        "max": "1",
        "type": [
          {
            "code": "string"
          }
        ],
        "mapping": [
          {
            "identity": "fhir",
            "map": "Immunization.conformsTo('http://hl7.eu/fhir/ig/dgc/StructureDefinition/Immunization-svc').lotNumber"
          }
        ]
      },
      {
        "id": "vaccinationCertificate.vaccination.dateOfVaccination",
        "path": "vaccinationCertificate.vaccination.dateOfVaccination",
        "short": "Date of vaccination",
        "definition": "Date of vaccination",
        "min": 0,
        "max": "1",
        "type": [
          {
            "code": "dateTime"
          }
        ],
        "mapping": [
          {
            "identity": "fhir",
            "map": "Immunization.conformsTo('http://hl7.eu/fhir/ig/dgc/StructureDefinition/Immunization-svc').occurrenceDateTime"
          }
        ]
      },
      {
        "id": "vaccinationCertificate.vaccination.administeringCentre",
        "path": "vaccinationCertificate.vaccination.administeringCentre",
        "short": "Administering centre",
        "definition": "Name/code of administering centre or a health authority responsible for the vaccination event",
        "min": 0,
        "max": "1",
        "type": [
          {
            "code": "Organization"
          }
        ],
        "mapping": [
          {
            "identity": "fhir",
            "map": "Immunization.conformsTo('http://hl7.eu/fhir/ig/dgc/StructureDefinition/Immunization-svc').performer, Immunization.conformsTo('http://hl7.eu/fhir/ig/dgc/StructureDefinition/Immunization-svc').location"
          }
        ]
      },
      {
        "id": "vaccinationCertificate.vaccination.healthProfessionalIdentification",
        "path": "vaccinationCertificate.vaccination.healthProfessionalIdentification",
        "short": "Health Professional identification",
        "definition": "Name or health professional code responsible for administering the vaccine or prophylaxis",
        "min": 0,
        "max": "*",
        "type": [
          {
            "code": "Practitioner"
          }
        ],
        "mapping": [
          {
            "identity": "fhir",
            "map": "Immunization.conformsTo('http://hl7.eu/fhir/ig/dgc/StructureDefinition/Immunization-svc').performer"
          }
        ]
      },
      {
        "id": "vaccinationCertificate.vaccination.countryOfVaccination",
        "path": "vaccinationCertificate.vaccination.countryOfVaccination",
        "short": "Country of vaccination",
        "definition": "The country in which the individual has been vaccinated",
        "min": 0,
        "max": "1",
        "type": [
          {
            "code": "CodeableConcept"
          }
        ],
        "mapping": [
          {
            "identity": "fhir",
            "map": "Immunization.conformsTo('http://hl7.eu/fhir/ig/dgc/StructureDefinition/Immunization-svc').location.address.country"
          }
        ]
      },
      {
        "id": "vaccinationCertificate.vaccination.dateNextDose",
        "path": "vaccinationCertificate.vaccination.dateNextDose",
        "short": "Next vaccination date",
        "definition": "Date on which the next vaccination should be administered",
        "min": 0,
        "max": "1",
        "type": [
          {
            "code": "dateTime"
          }
        ],
        "mapping": [
          {
            "identity": "fhir",
            "map": "ImmunizationRecommendation.recommendation.where(dateCriterion='http://loinc.org#30980-7').value"
          }
        ]
      },
      {
        "id": "vaccinationCertificate.metaData",
        "path": "vaccinationCertificate.metaData",
        "short": "Certificate metadata",
        "definition": "Certificate metadata",
        "min": 1,
        "max": "1",
        "type": [
          {
            "code": "BackboneElement"
          }
        ]
      },
      {
        "id": "vaccinationCertificate.metaData.issuer",
        "path": "vaccinationCertificate.metaData.issuer",
        "short": "Certificate Issuer",
        "definition": "Entity that has issued the certificate (allowing to check the certificate)",
        "min": 1,
        "max": "1",
        "type": [
          {
            "code": "CodeableConcept"
          }
        ],
        "mapping": [
          {
            "identity": "fhir",
            "map": "Composition.conformsTo('http://hl7.eu/fhir/ig/dgc/StructureDefinition/Composition-svc').attester.party"
          }
        ]
      },
      {
        "id": "vaccinationCertificate.metaData.certificateId",
        "path": "vaccinationCertificate.metaData.certificateId",
        "short": "Certificate identifier",
        "definition": "Unique identifier of the certificate (UVCI), to be printed (human readable) into the certificate; the unique identifier can be included in the IIS",
        "min": 1,
        "max": "1",
        "type": [
          {
            "code": "Identifier"
          }
        ],
        "mapping": [
          {
            "identity": "fhir",
            "map": "Build.conformsTo('http://hl7.eu/fhir/ig/dgc/StructureDefinition/Build-svc').identifier"
          },
          {
            "identity": "fhir",
            "map": "Composition.conformsTo('http://hl7.eu/fhir/ig/dgc/StructureDefinition/Composition-svc').identifier"
          }
        ]
      },
      {
        "id": "vaccinationCertificate.metaData.startValidity",
        "path": "vaccinationCertificate.metaData.startValidity",
        "short": "Certificate valid from",
        "definition": "Certificate valid from (required if known)",
        "min": 0,
        "max": "1",
        "type": [
          {
            "code": "dateTime"
          }
        ],
        "mapping": [
          {
            "identity": "fhir",
            "map": "Composition.attester.time, Build.conformsTo('http://hl7.eu/fhir/ig/dgc/StructureDefinition/Build-svc').identifier.period.start"
          }
        ]
      },
      {
        "id": "vaccinationCertificate.metaData.endValidity",
        "path": "vaccinationCertificate.metaData.endValidity",
        "short": "Certificate valid until",
        "definition": "Certificate valid until (validity can differ from the expected immunisation period)",
        "min": 0,
        "max": "1",
        "type": [
          {
            "code": "dateTime"
          }
        ],
        "mapping": [
          {
            "identity": "fhir",
            "map": "Build.conformsTo('http://hl7.eu/fhir/ig/dgc/StructureDefinition/Build-svc').identifier.period.end"
          }
        ]
      },
      {
        "id": "vaccinationCertificate.metaData.certificateSchemaVersion",
        "path": "vaccinationCertificate.metaData.certificateSchemaVersion",
        "short": "Certificate schema version",
        "definition": "Version of this minimum dataset definition - currently set at 1.0.0",
        "min": 1,
        "max": "1",
        "type": [
          {
            "code": "Identifier"
          }
        ]
      }
    ]
  }
}