<?xml version="1.0" encoding="UTF-8"?>

<ValueSet xmlns="http://hl7.org/fhir">
  <id value="atc-vaccines-covid-19"/>
  <text>
    <status value="generated"/><div xmlns="http://www.w3.org/1999/xhtml"><ul><li>Include these codes as defined in <a href="http://www.whocc.no/atc"><code>http://www.whocc.no/atc</code></a><table class="none"><tr><td style="white-space:nowrap"><b>Code</b></td><td><b>Display</b></td></tr><tr><td>J07BX03</td><td>covid-19 vaccines</td></tr></table></li></ul></div>
  </text>
  <url value="http://hl7.it/fhir/dgc/ValueSet/atc-vaccines-covid-19"/>
  <version value="0.1.1"/>
  <name value="AtcCovid19Vaccines"/>
  <title value="ATC Vaccine List (COVID-19)"/>
  <status value="draft"/>
  <date value="2021-05-01T22:01:09+00:00"/>
  <publisher value="HL7 Italia"/>
  <contact>
    <telecom>
      <system value="url"/>
      <value value="http://hl7.it"/>
    </telecom>
  </contact>
  <description value="Vaccine List (COVID-19) from [ATC]"/>
  <jurisdiction>
    <coding>
      <system value="urn:iso:std:iso:3166"/>
      <code value="IT"/>
    </coding>
  </jurisdiction>
  <compose>
    <include>
      <system value="http://www.whocc.no/atc"/>
      <concept>
        <code value="J07BX03"/>
        <display value="covid-19 vaccines"/>
      </concept>
    </include>
  </compose>
</ValueSet>