{
  "resourceType": "ValueSet",
  "id": "loinc-disease-immunity",
  "text": {
    "status": "generated",
    "div": "<div xmlns=\"http://www.w3.org/1999/xhtml\"><ul><li>Include these codes as defined in <a href=\"http://loinc.org\"><code>http://loinc.org</code></a><table class=\"none\"><tr><td style=\"white-space:nowrap\"><b>Code</b></td><td><b>Display</b></td></tr><tr><td><a href=\"http://details.loinc.org/LOINC/75505-8.html\">75505-8</a></td><td>Diseases with serologic evidence of immunity</td></tr><tr><td><a href=\"http://details.loinc.org/LOINC/59784-9.html\">59784-9</a></td><td>Disease with presumed immunity</td></tr></table></li></ul></div>"
  },
  "url": "http://hl7.it/fhir/dgc/ValueSet/loinc-disease-immunity",
  "version": "0.1.1",
  "name": "LoincDiseaseWithImmunity",
  "title": "LOINC Disease with Immunity",
  "status": "draft",
  "date": "2021-05-02T19:49:34+00:00",
  "publisher": "HL7 Italia",
  "contact": [
    {
      "telecom": [
        {
          "system": "url",
          "value": "http://hl7.it"
        }
      ]
    }
  ],
  "description": "Disease with Immunity [LOINC]",
  "jurisdiction": [
    {
      "coding": [
        {
          "system": "urn:iso:std:iso:3166",
          "code": "IT"
        }
      ]
    }
  ],
  "compose": {
    "include": [
      {
        "system": "http://loinc.org",
        "concept": [
          {
            "code": "75505-8",
            "display": "Diseases with serologic evidence of immunity"
          },
          {
            "code": "59784-9",
            "display": "Disease with presumed immunity"
          }
        ]
      }
    ]
  }
}