<?xml version="1.0" encoding="UTF-8"?>

<ValueSet xmlns="http://hl7.org/fhir">
  <id value="covid-19-diseases"/>
  <text>
    <status value="generated"/><div xmlns="http://www.w3.org/1999/xhtml"><ul><li>Include these codes as defined in <a href="http://www.snomed.org/"><code>http://snomed.info/sct</code></a><table class="none"><tr><td style="white-space:nowrap"><b>Code</b></td><td><b>Display</b></td></tr><tr><td><a href="http://browser.ihtsdotools.org/?perspective=full&amp;conceptId1=840539006">840539006</a></td><td>COVID-19</td></tr></table></li></ul></div>
  </text>
  <url value="http://hl7.it/fhir/dgc/ValueSet/covid-19-diseases"/>
  <version value="0.1.1"/>
  <name value="Covid19Diseases"/>
  <title value="COVID-19 Diseases"/>
  <status value="draft"/>
  <date value="2021-05-01T22:01:09+00:00"/>
  <publisher value="HL7 Italia"/>
  <contact>
    <telecom>
      <system value="url"/>
      <value value="http://hl7.it"/>
    </telecom>
  </contact>
  <description value="COVID-19 Diseases"/>
  <jurisdiction>
    <coding>
      <system value="urn:iso:std:iso:3166"/>
      <code value="IT"/>
    </coding>
  </jurisdiction>
  <compose>
    <include>
      <system value="http://snomed.info/sct"/>
      <concept>
        <code value="840539006"/>
        <display value="COVID-19"/>
      </concept>
    </include>
  </compose>
</ValueSet>