{"resourceType":"ConceptMap","id":"Covid19LabTestsNPUToLOINCMap","text":{"status":"extensions","div":"<div xmlns=\"http://www.w3.org/1999/xhtml\"><h2>Covid19LabTestsNPUToLOINCMap (http://hl7.it/fhir/dgc/ConceptMap/Covid19LabTestsNPUToLOINCMap)</h2><p>Mapping from http://npu-terminology.org to <a href=\"http://terminology.hl7.org/2.1.0/CodeSystem-v3-loinc.html\">http://loinc.org</a></p><p>DRAFT. Published on May 2, 2021, 4:08:48 PM by HL7 Italia (<a href=\"http://hl7.it\">http://hl7.it</a>). </p><div><p>COVID-19 Lab Tests NPU to LOINC Map</p>\n</div><br/><table class=\"grid\"><tr><td><b>Source Code</b></td><td><b>Relationship</b></td><td><b>Destination Code</b></td></tr><tr><td>NPU59310</td><td><a href=\"http://hl7.org/fhir/R4/codesystem-concept-map-equivalence.html#wider\">maps to wider concept</a></td><td>94558-4</td></tr></table></div>"},"url":"http://hl7.it/fhir/dgc/ConceptMap/Covid19LabTestsNPUToLOINCMap","version":"0.1.1","name":"Covid19LabTestsNPUToLOINCMap","title":"COVID-19 Lab Tests NPU to LOINC Map","status":"draft","experimental":false,"date":"2021-05-02T16:08:48+00:00","publisher":"HL7 Italia","contact":[{"telecom":[{"system":"url","value":"http://hl7.it"}]}],"description":"COVID-19 Lab Tests NPU to LOINC Map","jurisdiction":[{"coding":[{"system":"urn:iso:std:iso:3166","code":"IT"}]}],"sourceUri":"http://npu-terminology.org","targetUri":"http://loinc.org","group":[{"element":[{"code":"NPU59310","target":[{"code":"94558-4","equivalence":"wider"}]}]}]}