{"resourceType":"ImplementationGuide","id":"hl7.fhir.it.dgc","text":{"status":"extensions","div":"<div xmlns=\"http://www.w3.org/1999/xhtml\"><h2>Hl7ItDgcIG</h2><p>The official URL for this implementation guide is: </p><pre>http://hl7.it/fhir/dgc/ImplementationGuide/hl7.fhir.it.dgc</pre><div><p>HL7 Italia Certificato Vaccinale (DGC) FHIR Implementation Guide, specifica come utilizzare lo standard HL7 FHIR per gestire le informazioni richiesta dal Digital Green Certificate</p>\n</div></div>"},"url":"http://hl7.it/fhir/dgc/ImplementationGuide/hl7.fhir.it.dgc","version":"0.1.1","name":"Hl7ItDgcIG","title":"HL7 Italia Certificato Vaccinale (DGC) FHIR Implementation Guide","status":"draft","experimental":true,"date":"2021-05-02T16:08:48+00:00","publisher":"HL7 Italia","contact":[{"telecom":[{"system":"url","value":"http://hl7.it"}]}],"description":"HL7 Italia Certificato Vaccinale (DGC) FHIR Implementation Guide, specifica come utilizzare lo standard HL7 FHIR per gestire le informazioni richiesta dal Digital Green Certificate","jurisdiction":[{"coding":[{"system":"urn:iso:std:iso:3166","code":"IT"}]}],"packageId":"hl7.fhir.it.dgc","license":"CC-BY-SA-4.0","fhirVersion":["4.0.1"],"dependsOn":[{"uri":"http://hl7.org/fhir/uv/ips/ImplementationGuide/hl7.fhir.uv.ips","packageId":"hl7.fhir.uv.ips","version":"dev"}],"definition":{"extension":[{"extension":[{"url":"code","valueString":"copyrightyear"},{"url":"value","valueString":"2021+"}],"url":"http://hl7.org/fhir/tools/StructureDefinition/ig-parameter"},{"extension":[{"url":"code","valueString":"releaselabel"},{"url":"value","valueString":"CI Build"}],"url":"http://hl7.org/fhir/tools/StructureDefinition/ig-parameter"},{"extension":[{"url":"code","valueString":"special-url"},{"url":"value","valueString":"http://hl7.eu/fhir/ig/dgc/StructureDefinition/vaccinationCertificate"}],"url":"http://hl7.org/fhir/tools/StructureDefinition/ig-parameter"},{"extension":[{"url":"code","valueString":"special-url"},{"url":"value","valueString":"http://hl7.eu/fhir/ig/dgc/StructureDefinition/vaccinationCertificatePV"}],"url":"http://hl7.org/fhir/tools/StructureDefinition/ig-parameter"},{"extension":[{"url":"code","valueString":"special-url"},{"url":"value","valueString":"http://hl7.eu/fhir/ig/dgc/StructureDefinition/vaccinationCertificateBC"}],"url":"http://hl7.org/fhir/tools/StructureDefinition/ig-parameter"},{"extension":[{"url":"code","valueString":"special-url"},{"url":"value","valueString":"http://hl7.eu/fhir/ig/dgc/StructureDefinition/vaccinationCertificateMD"}],"url":"http://hl7.org/fhir/tools/StructureDefinition/ig-parameter"},{"extension":[{"url":"code","valueString":"apply-jurisdiction"},{"url":"value","valueString":"true"}],"url":"http://hl7.org/fhir/tools/StructureDefinition/ig-parameter"},{"extension":[{"url":"code","valueString":"autoload-resources"},{"url":"value","valueString":"true"}],"url":"http://hl7.org/fhir/tools/StructureDefinition/ig-parameter"},{"extension":[{"url":"code","valueString":"path-liquid"},{"url":"value","valueString":"template/liquid"}],"url":"http://hl7.org/fhir/tools/StructureDefinition/ig-parameter"},{"extension":[{"url":"code","valueString":"path-liquid"},{"url":"value","valueString":"input/liquid"}],"url":"http://hl7.org/fhir/tools/StructureDefinition/ig-parameter"},{"extension":[{"url":"code","valueString":"path-qa"},{"url":"value","valueString":"temp/qa"}],"url":"http://hl7.org/fhir/tools/StructureDefinition/ig-parameter"},{"extension":[{"url":"code","valueString":"path-temp"},{"url":"value","valueString":"temp/pages"}],"url":"http://hl7.org/fhir/tools/StructureDefinition/ig-parameter"},{"extension":[{"url":"code","valueString":"path-output"},{"url":"value","valueString":"output"}],"url":"http://hl7.org/fhir/tools/StructureDefinition/ig-parameter"},{"extension":[{"url":"code","valueString":"path-suppressed-warnings"},{"url":"value","valueString":"input/ignoreWarnings.txt"}],"url":"http://hl7.org/fhir/tools/StructureDefinition/ig-parameter"},{"extension":[{"url":"code","valueString":"path-history"},{"url":"value","valueString":"http://hl7.it/fhir/dgc/history.html"}],"url":"http://hl7.org/fhir/tools/StructureDefinition/ig-parameter"},{"extension":[{"url":"code","valueString":"template-html"},{"url":"value","valueString":"template-page.html"}],"url":"http://hl7.org/fhir/tools/StructureDefinition/ig-parameter"},{"extension":[{"url":"code","valueString":"template-md"},{"url":"value","valueString":"template-page-md.html"}],"url":"http://hl7.org/fhir/tools/StructureDefinition/ig-parameter"},{"extension":[{"url":"code","valueString":"apply-contact"},{"url":"value","valueString":"true"}],"url":"http://hl7.org/fhir/tools/StructureDefinition/ig-parameter"},{"extension":[{"url":"code","valueString":"apply-context"},{"url":"value","valueString":"true"}],"url":"http://hl7.org/fhir/tools/StructureDefinition/ig-parameter"},{"extension":[{"url":"code","valueString":"apply-copyright"},{"url":"value","valueString":"true"}],"url":"http://hl7.org/fhir/tools/StructureDefinition/ig-parameter"},{"extension":[{"url":"code","valueString":"apply-license"},{"url":"value","valueString":"true"}],"url":"http://hl7.org/fhir/tools/StructureDefinition/ig-parameter"},{"extension":[{"url":"code","valueString":"apply-publisher"},{"url":"value","valueString":"true"}],"url":"http://hl7.org/fhir/tools/StructureDefinition/ig-parameter"},{"extension":[{"url":"code","valueString":"apply-version"},{"url":"value","valueString":"true"}],"url":"http://hl7.org/fhir/tools/StructureDefinition/ig-parameter"},{"extension":[{"url":"code","valueString":"active-tables"},{"url":"value","valueString":"true"}],"url":"http://hl7.org/fhir/tools/StructureDefinition/ig-parameter"}],"grouping":[{"id":"_str_logicalmodel","name":"Structures: Logical Models","description":"These define data models that represent the domain covered by this implementation guide in more business-friendly terms than the underlying FHIR resources."},{"id":"_str_profile","name":"Structures: Resource Profiles","description":"These define constraints on FHIR resources for systems conforming to this implementation guide"},{"id":"_term_valueset","name":"Terminology: Value Sets","description":"These define sets of codes used by systems conforming to this implementation guide"},{"id":"_map_conceptmap","name":"Terminology: Concept Maps","description":"These define transformations to convert between codes by systems conforming with this implementation guide"},{"id":"_ex_example","name":"Example: Example Instances","description":"These are example instances that show what data produced and consumed by systems conforming with this implementation guide might look like"},{"id":"_other","name":"Other","description":"These are resources that are used within this implementation guide that do not fit into one of the other categories"}],"resource":[{"extension":[{"url":"http://hl7.org/fhir/StructureDefinition/implementationguide-page","valueUri":"Bundle-svc-Bundle-01.html"}],"reference":{"reference":"Bundle/svc-Bundle-01"},"name":"Two doses (Immunization)","description":"Czech vaccination example: 2 doses","exampleCanonical":"http://hl7.it/fhir/dgc/StructureDefinition/Bundle-dgc","groupingId":"_ex_example"},{"extension":[{"url":"http://hl7.org/fhir/StructureDefinition/implementationguide-page","valueUri":"Bundle-svc-Bundle-02.html"}],"reference":{"reference":"Bundle/svc-Bundle-02"},"name":"Only first dose given (Immunization)","description":"Czech vaccination example: 1 dose given, second dose planned","exampleCanonical":"http://hl7.it/fhir/dgc/StructureDefinition/Bundle-dgc","groupingId":"_ex_example"},{"extension":[{"url":"http://hl7.org/fhir/StructureDefinition/implementationguide-page","valueUri":"Bundle-svc-Bundle-03.html"}],"reference":{"reference":"Bundle/svc-Bundle-03"},"name":"Second dose not given (Immunization)","description":"Vaccination example: second dose not given (only immunization events)","exampleCanonical":"http://hl7.it/fhir/dgc/StructureDefinition/Bundle-dgc","groupingId":"_ex_example"},{"extension":[{"url":"http://hl7.org/fhir/StructureDefinition/implementationguide-page","valueUri":"Bundle-svc-Bundle-04.html"}],"reference":{"reference":"Bundle/svc-Bundle-04"},"name":"Second dose not given (ImmunizationRecommendation)","description":"Vaccination example: second dose not given (Immunization and ImmunizationRecommendation)","exampleCanonical":"http://hl7.it/fhir/dgc/StructureDefinition/Bundle-dgc","groupingId":"_ex_example"},{"extension":[{"url":"http://hl7.org/fhir/StructureDefinition/implementationguide-page","valueUri":"Bundle-svc-Bundle-05.html"}],"reference":{"reference":"Bundle/svc-Bundle-05"},"name":"Only planned vaccinations (ImmunizationRecommendation)","description":"Vaccination example: only planned vaccinations","exampleCanonical":"http://hl7.it/fhir/dgc/StructureDefinition/Bundle-dgc","groupingId":"_ex_example"},{"extension":[{"url":"http://hl7.org/fhir/StructureDefinition/implementationguide-page","valueUri":"Bundle-svc-Bundle-06.html"}],"reference":{"reference":"Bundle/svc-Bundle-06"},"name":"Second dose not given due to adverse reaction","description":"Vaccination example: second dose not given due to adverse reaction(Immunization and ImmunizationRecommendation)","exampleCanonical":"http://hl7.it/fhir/dgc/StructureDefinition/Bundle-dgc","groupingId":"_ex_example"},{"extension":[{"url":"http://hl7.org/fhir/StructureDefinition/implementationguide-page","valueUri":"Bundle-svc-Bundle-07.html"}],"reference":{"reference":"Bundle/svc-Bundle-07"},"name":"Only first dose given + QR (Immunization)","description":"Czech vaccination example: 1 dose given, second dose planned with QR code","exampleCanonical":"http://hl7.it/fhir/dgc/StructureDefinition/Bundle-dgc","groupingId":"_ex_example"},{"extension":[{"url":"http://hl7.org/fhir/StructureDefinition/implementationguide-page","valueUri":"Bundle-svc-Bundle-08.html"}],"reference":{"reference":"Bundle/svc-Bundle-08"},"name":"Two doses given (Immunization)","description":"Italian vaccination example: 2 dose given","exampleCanonical":"http://hl7.it/fhir/dgc/StructureDefinition/Bundle-dgc","groupingId":"_ex_example"},{"extension":[{"url":"http://hl7.org/fhir/StructureDefinition/implementationguide-page","valueUri":"Patient-example-it-1.html"}],"reference":{"reference":"Patient/example-it-1"},"name":"Patient","description":"Example of Italian patient","exampleCanonical":"http://hl7.it/fhir/dgc/StructureDefinition/Patient-dgc","groupingId":"_ex_example"},{"extension":[{"url":"http://hl7.org/fhir/StructureDefinition/implementationguide-page","valueUri":"Organization-org-example-it.html"}],"reference":{"reference":"Organization/org-example-it"},"name":"Organization","description":"Example of Italian Organization (azienda sanitaria)","groupingId":"_other"},{"extension":[{"url":"http://hl7.org/fhir/StructureDefinition/implementationguide-page","valueUri":"Immunization-example-it-1-1.html"}],"reference":{"reference":"Immunization/example-it-1-1"},"name":"Immunization","description":"Example of Vaccination with COVID-19 mRNA vaccine","exampleCanonical":"http://hl7.it/fhir/dgc/StructureDefinition/Immunization-dgc","groupingId":"_ex_example"},{"extension":[{"url":"http://hl7.org/fhir/StructureDefinition/implementationguide-page","valueUri":"Immunization-example-it-1-2.html"}],"reference":{"reference":"Immunization/example-it-1-2"},"name":"Immunization","description":"Example of Vaccination with COVID-19 mRNA vaccine","exampleCanonical":"http://hl7.it/fhir/dgc/StructureDefinition/Immunization-dgc","groupingId":"_ex_example"},{"extension":[{"url":"http://hl7.org/fhir/StructureDefinition/implementationguide-page","valueUri":"ValueSet-vaccines-covid-19-auth-holders.html"}],"reference":{"reference":"ValueSet/vaccines-covid-19-auth-holders"},"name":"Vaccine marketing authorization holder or Vaccine manufacturer (COVID-19)","description":"Vaccine marketing authorization holder or Vaccine manufacturer (COVID-19)","groupingId":"_term_valueset"},{"extension":[{"url":"http://hl7.org/fhir/StructureDefinition/implementationguide-page","valueUri":"StructureDefinition-vaccinationCertificateBC.html"}],"reference":{"reference":"StructureDefinition/vaccinationCertificateBC"},"name":"EU Digital Green Certificate - Border Control","description":"Logical Model representing the EU Digital Green Certificate for Border Control","groupingId":"_str_logicalmodel"},{"extension":[{"url":"http://hl7.org/fhir/StructureDefinition/implementationguide-page","valueUri":"ValueSet-npu-covid-19-non-rapid-tests.html"}],"reference":{"reference":"ValueSet/npu-covid-19-non-rapid-tests"},"name":"NPU Test List, Non-Rapid (COVID-19)","description":"Test List, Non-Rapid (COVID-19) from [NPU]","groupingId":"_term_valueset"},{"extension":[{"url":"http://hl7.org/fhir/StructureDefinition/implementationguide-page","valueUri":"ValueSet-covid-19-lab-test-manufacturer-and-name.html"}],"reference":{"reference":"ValueSet/covid-19-lab-test-manufacturer-and-name"},"name":"COVID-19 Lab Test Manufacturer And Name","description":"Examples of COVID-19 Lab Test Manufacturer And Name from http://covid-19-diagnostics.jrc.ec.europa.eu/devices?manufacturer&text_name&marking&rapid_diag&format&target_type&field-1=HSC%20mutual%20recognition%20%28RAT%29&value-1=1&search_method=AND#form_content","groupingId":"_term_valueset"},{"extension":[{"url":"http://hl7.org/fhir/StructureDefinition/implementationguide-page","valueUri":"ValueSet-npu-covid-19-rapid-tests.html"}],"reference":{"reference":"ValueSet/npu-covid-19-rapid-tests"},"name":"NPU Rapid Test List (COVID-19)","description":"Rapid Test List (COVID-19) from [NPU]","groupingId":"_term_valueset"},{"extension":[{"url":"http://hl7.org/fhir/StructureDefinition/implementationguide-page","valueUri":"ValueSet-sct-vaccines-covid-19.html"}],"reference":{"reference":"ValueSet/sct-vaccines-covid-19"},"name":"SNOMED CT Vaccine List (COVID-19)","description":"Vaccine List (COVID-19) from [SNOMED CT]","groupingId":"_term_valueset"},{"extension":[{"url":"http://hl7.org/fhir/StructureDefinition/implementationguide-page","valueUri":"StructureDefinition-Immunization-dgc.html"}],"reference":{"reference":"StructureDefinition/Immunization-dgc"},"name":"Immunization (Digital Green Certificate)","description":"This profile defines how to represent Immunizations in FHIR for building a Smart vaccination Card.","groupingId":"_str_profile"},{"extension":[{"url":"http://hl7.org/fhir/StructureDefinition/implementationguide-page","valueUri":"StructureDefinition-Composition-dgc.html"}],"reference":{"reference":"StructureDefinition/Composition-dgc"},"name":"Composition (Digital Green Certificate)","description":"This profile defines how to represent a vaccination certificate in FHIR by using a Composition resource","groupingId":"_str_profile"},{"extension":[{"url":"http://hl7.org/fhir/StructureDefinition/implementationguide-page","valueUri":"StructureDefinition-ImmunizationRecommendation-dgc.html"}],"reference":{"reference":"StructureDefinition/ImmunizationRecommendation-dgc"},"name":"ImmunizationRecommendation (Digital Green Certificate)","description":"This profile defines how to represent Immunization Recommandations in FHIR for building a Smart vaccination Card.","groupingId":"_str_profile"},{"extension":[{"url":"http://hl7.org/fhir/StructureDefinition/implementationguide-page","valueUri":"ConceptMap-Covid19LabTestsNPUToLOINCMap.html"}],"reference":{"reference":"ConceptMap/Covid19LabTestsNPUToLOINCMap"},"name":"COVID-19 Lab Tests NPU to LOINC Map","description":"COVID-19 Lab Tests NPU to LOINC Map","groupingId":"_map_conceptmap"},{"extension":[{"url":"http://hl7.org/fhir/StructureDefinition/implementationguide-page","valueUri":"StructureDefinition-CertificatoVaccinale.html"}],"reference":{"reference":"StructureDefinition/CertificatoVaccinale"},"name":"Certificato Vaccinale","description":"Data Set Certificato Vaccinale","groupingId":"_str_logicalmodel"},{"extension":[{"url":"http://hl7.org/fhir/StructureDefinition/implementationguide-page","valueUri":"ValueSet-covid-19-lab-methods.html"}],"reference":{"reference":"ValueSet/covid-19-lab-methods"},"name":"COVID-19 Lab Methods","description":"COVID-19 Laboratory Methods","groupingId":"_term_valueset"},{"extension":[{"url":"http://hl7.org/fhir/StructureDefinition/implementationguide-page","valueUri":"ValueSet-loinc-tests-covid-19.html"}],"reference":{"reference":"ValueSet/loinc-tests-covid-19"},"name":"LOINC Test List (COVID-19)","description":"Test List (COVID-19) from [LOINC]","groupingId":"_term_valueset"},{"extension":[{"url":"http://hl7.org/fhir/StructureDefinition/implementationguide-page","valueUri":"StructureDefinition-Soggetto.html"}],"reference":{"reference":"StructureDefinition/Soggetto"},"name":"Soggetto ","description":"Soggetto vaccinato o da vaccinare","groupingId":"_str_logicalmodel"},{"extension":[{"url":"http://hl7.org/fhir/StructureDefinition/implementationguide-page","valueUri":"ValueSet-covid-19-diseases.html"}],"reference":{"reference":"ValueSet/covid-19-diseases"},"name":"COVID-19 Diseases","description":"COVID-19 Diseases","groupingId":"_term_valueset"},{"extension":[{"url":"http://hl7.org/fhir/StructureDefinition/implementationguide-page","valueUri":"StructureDefinition-Bundle-dgc.html"}],"reference":{"reference":"StructureDefinition/Bundle-dgc"},"name":"Bundle (Digital Green Certificate)","description":"This profile defines how to represent a vaccination certificate in FHIR by using a Bundle resource","groupingId":"_str_profile"},{"extension":[{"url":"http://hl7.org/fhir/StructureDefinition/implementationguide-page","valueUri":"StructureDefinition-OperatoreSanitario.html"}],"reference":{"reference":"StructureDefinition/OperatoreSanitario"},"name":"Operatore Sanitario","description":"Operatore Sanitario","groupingId":"_str_logicalmodel"},{"extension":[{"url":"http://hl7.org/fhir/StructureDefinition/implementationguide-page","valueUri":"ConceptMap-Covid19VaccinesSnomedToICD11Map.html"}],"reference":{"reference":"ConceptMap/Covid19VaccinesSnomedToICD11Map"},"name":"COVID-19 Vaccines SNOMED CT To ICD11 Map","description":"COVID-19 Vaccines SNOMED CT To ICD11 Map","groupingId":"_map_conceptmap"},{"extension":[{"url":"http://hl7.org/fhir/StructureDefinition/implementationguide-page","valueUri":"StructureDefinition-vaccinationCertificateMD.html"}],"reference":{"reference":"StructureDefinition/vaccinationCertificateMD"},"name":"EU Digital Green Certificate - Medical Use","description":"Logical Model representing the EU Digital Green Certificate for Medical Use","groupingId":"_str_logicalmodel"},{"extension":[{"url":"http://hl7.org/fhir/StructureDefinition/implementationguide-page","valueUri":"StructureDefinition-vaccinationCertificate.html"}],"reference":{"reference":"StructureDefinition/vaccinationCertificate"},"name":"EU Digital Green Certificate","description":"Logical Model representing the EU Digital Green Certificate","groupingId":"_str_logicalmodel"},{"extension":[{"url":"http://hl7.org/fhir/StructureDefinition/implementationguide-page","valueUri":"StructureDefinition-Location-dgc.html"}],"reference":{"reference":"StructureDefinition/Location-dgc"},"name":"Location (Digital Green Certificate)","description":"This profile defines how to represent Location in FHIR for building a Smart vaccination Card. This is used to describe optionally where the vaccination occured","groupingId":"_str_profile"},{"extension":[{"url":"http://hl7.org/fhir/StructureDefinition/implementationguide-page","valueUri":"StructureDefinition-Observation-dgc.html"}],"reference":{"reference":"StructureDefinition/Observation-dgc"},"name":"Observation - Test Result (Digital Green Certificate)","description":"This profile defines how to represent Test Results in a Digital Green Certificate.","groupingId":"_str_profile"},{"extension":[{"url":"http://hl7.org/fhir/StructureDefinition/implementationguide-page","valueUri":"ValueSet-atc-vaccines-covid-19.html"}],"reference":{"reference":"ValueSet/atc-vaccines-covid-19"},"name":"ATC Vaccine List (COVID-19)","description":"Vaccine List (COVID-19) from [ATC]","groupingId":"_term_valueset"},{"extension":[{"url":"http://hl7.org/fhir/StructureDefinition/implementationguide-page","valueUri":"ValueSet-vaccines-covid-19.html"}],"reference":{"reference":"ValueSet/vaccines-covid-19"},"name":"Vaccine List (COVID-19)","description":"Vaccine List (COVID-19)","groupingId":"_term_valueset"},{"extension":[{"url":"http://hl7.org/fhir/StructureDefinition/implementationguide-page","valueUri":"StructureDefinition-Vaccinazione.html"}],"reference":{"reference":"StructureDefinition/Vaccinazione"},"name":"Vaccinazione","description":"Dati Vaccinazione","groupingId":"_str_logicalmodel"},{"extension":[{"url":"http://hl7.org/fhir/StructureDefinition/implementationguide-page","valueUri":"ValueSet-covid-19-lab-result.html"}],"reference":{"reference":"ValueSet/covid-19-lab-result"},"name":"COVID-19 Lab Result","description":"COVID-19 Lab Result","groupingId":"_term_valueset"},{"extension":[{"url":"http://hl7.org/fhir/StructureDefinition/implementationguide-page","valueUri":"ValueSet-vaccines-covid-19-names.html"}],"reference":{"reference":"ValueSet/vaccines-covid-19-names"},"name":"Vaccine Name List (COVID-19)","description":"Vaccine Name List (COVID-19)","groupingId":"_term_valueset"},{"extension":[{"url":"http://hl7.org/fhir/StructureDefinition/implementationguide-page","valueUri":"ValueSet-icd11-vaccines-covid-19.html"}],"reference":{"reference":"ValueSet/icd11-vaccines-covid-19"},"name":"ICD11 Vaccine List (COVID-19)","description":"Vaccine List (COVID-19) from [ICD 11]","groupingId":"_term_valueset"},{"extension":[{"url":"http://hl7.org/fhir/StructureDefinition/implementationguide-page","valueUri":"StructureDefinition-Organizzazione.html"}],"reference":{"reference":"StructureDefinition/Organizzazione"},"name":"Organizzazione","description":"Organizzazione","groupingId":"_str_logicalmodel"},{"extension":[{"url":"http://hl7.org/fhir/StructureDefinition/implementationguide-page","valueUri":"StructureDefinition-vaccinationCertificatePV.html"}],"reference":{"reference":"StructureDefinition/vaccinationCertificatePV"},"name":"EU Digital Green Certificate - Private Venue","description":"Logical Model representing the EU Digital Green Certificate for Private Venue","groupingId":"_str_logicalmodel"},{"extension":[{"url":"http://hl7.org/fhir/StructureDefinition/implementationguide-page","valueUri":"StructureDefinition-Patient-dgc.html"}],"reference":{"reference":"StructureDefinition/Patient-dgc"},"name":"Patient (Digital Green Certificate)","description":"This profile defines how to represent Patient Data in a Digital Green Certificate.","groupingId":"_str_profile"}],"page":{"nameUrl":"toc.html","title":"Table of Contents","generation":"html","page":[{"nameUrl":"index.html","title":"Digital Green Certificate - Home Page","generation":"markdown"},{"nameUrl":"models.html","title":"Modelli Logici","generation":"markdown"},{"nameUrl":"profiles.html","title":"Profili FHIR","generation":"markdown"},{"nameUrl":"terminologies.html","title":"Terminologie","generation":"markdown"},{"nameUrl":"downloads.html","title":"Useful Downloads","generation":"html"},{"nameUrl":"changes.html","title":"IG Change History","generation":"html"},{"nameUrl":"artifacts.html","title":"Artifacts Summary","generation":"html","page":[{"nameUrl":"StructureDefinition-vaccinationCertificateBC.html","title":"EU Digital Green Certificate - Border Control","generation":"generated"},{"nameUrl":"StructureDefinition-CertificatoVaccinale.html","title":"Certificato Vaccinale","generation":"generated"},{"nameUrl":"StructureDefinition-Soggetto.html","title":"Soggetto ","generation":"generated"},{"nameUrl":"StructureDefinition-OperatoreSanitario.html","title":"Operatore Sanitario","generation":"generated"},{"nameUrl":"StructureDefinition-vaccinationCertificateMD.html","title":"EU Digital Green Certificate - Medical Use","generation":"generated"},{"nameUrl":"StructureDefinition-vaccinationCertificate.html","title":"EU Digital Green Certificate","generation":"generated"},{"nameUrl":"StructureDefinition-Vaccinazione.html","title":"Vaccinazione","generation":"generated"},{"nameUrl":"StructureDefinition-Organizzazione.html","title":"Organizzazione","generation":"generated"},{"nameUrl":"StructureDefinition-vaccinationCertificatePV.html","title":"EU Digital Green Certificate - Private Venue","generation":"generated"},{"nameUrl":"StructureDefinition-Immunization-dgc.html","title":"Immunization (Digital Green Certificate)","generation":"generated"},{"nameUrl":"StructureDefinition-Composition-dgc.html","title":"Composition (Digital Green Certificate)","generation":"generated"},{"nameUrl":"StructureDefinition-ImmunizationRecommendation-dgc.html","title":"ImmunizationRecommendation (Digital Green Certificate)","generation":"generated"},{"nameUrl":"StructureDefinition-Bundle-dgc.html","title":"Bundle (Digital Green Certificate)","generation":"generated"},{"nameUrl":"StructureDefinition-Location-dgc.html","title":"Location (Digital Green Certificate)","generation":"generated"},{"nameUrl":"StructureDefinition-Observation-dgc.html","title":"Observation - Test Result (Digital Green Certificate)","generation":"generated"},{"nameUrl":"StructureDefinition-Patient-dgc.html","title":"Patient (Digital Green Certificate)","generation":"generated"},{"nameUrl":"ValueSet-vaccines-covid-19-auth-holders.html","title":"Vaccine marketing authorization holder or Vaccine manufacturer (COVID-19)","generation":"generated"},{"nameUrl":"ValueSet-npu-covid-19-non-rapid-tests.html","title":"NPU Test List, Non-Rapid (COVID-19)","generation":"generated"},{"nameUrl":"ValueSet-covid-19-lab-test-manufacturer-and-name.html","title":"COVID-19 Lab Test Manufacturer And Name","generation":"generated"},{"nameUrl":"ValueSet-npu-covid-19-rapid-tests.html","title":"NPU Rapid Test List (COVID-19)","generation":"generated"},{"nameUrl":"ValueSet-sct-vaccines-covid-19.html","title":"SNOMED CT Vaccine List (COVID-19)","generation":"generated"},{"nameUrl":"ValueSet-covid-19-lab-methods.html","title":"COVID-19 Lab Methods","generation":"generated"},{"nameUrl":"ValueSet-loinc-tests-covid-19.html","title":"LOINC Test List (COVID-19)","generation":"generated"},{"nameUrl":"ValueSet-covid-19-diseases.html","title":"COVID-19 Diseases","generation":"generated"},{"nameUrl":"ValueSet-atc-vaccines-covid-19.html","title":"ATC Vaccine List (COVID-19)","generation":"generated"},{"nameUrl":"ValueSet-vaccines-covid-19.html","title":"Vaccine List (COVID-19)","generation":"generated"},{"nameUrl":"ValueSet-covid-19-lab-result.html","title":"COVID-19 Lab Result","generation":"generated"},{"nameUrl":"ValueSet-vaccines-covid-19-names.html","title":"Vaccine Name List (COVID-19)","generation":"generated"},{"nameUrl":"ValueSet-icd11-vaccines-covid-19.html","title":"ICD11 Vaccine List (COVID-19)","generation":"generated"},{"nameUrl":"ConceptMap-Covid19LabTestsNPUToLOINCMap.html","title":"COVID-19 Lab Tests NPU to LOINC Map","generation":"generated"},{"nameUrl":"ConceptMap-Covid19VaccinesSnomedToICD11Map.html","title":"COVID-19 Vaccines SNOMED CT To ICD11 Map","generation":"generated"},{"nameUrl":"Bundle-svc-Bundle-01.html","title":"Two doses (Immunization)","generation":"generated"},{"nameUrl":"Bundle-svc-Bundle-02.html","title":"Only first dose given (Immunization)","generation":"generated"},{"nameUrl":"Bundle-svc-Bundle-03.html","title":"Second dose not given (Immunization)","generation":"generated"},{"nameUrl":"Bundle-svc-Bundle-04.html","title":"Second dose not given (ImmunizationRecommendation)","generation":"generated"},{"nameUrl":"Bundle-svc-Bundle-05.html","title":"Only planned vaccinations (ImmunizationRecommendation)","generation":"generated"},{"nameUrl":"Bundle-svc-Bundle-06.html","title":"Second dose not given due to adverse reaction","generation":"generated"},{"nameUrl":"Bundle-svc-Bundle-07.html","title":"Only first dose given + QR (Immunization)","generation":"generated"},{"nameUrl":"Bundle-svc-Bundle-08.html","title":"Two doses given (Immunization)","generation":"generated"},{"nameUrl":"Patient-example-it-1.html","title":"Patient","generation":"generated"},{"nameUrl":"Immunization-example-it-1-1.html","title":"Immunization","generation":"generated"},{"nameUrl":"Immunization-example-it-1-2.html","title":"Immunization","generation":"generated"},{"nameUrl":"Organization-org-example-it.html","title":"Organization","generation":"generated"}]}]},"parameter":[{"code":"path-resource","value":"input/capabilities"},{"code":"path-resource","value":"input/examples"},{"code":"path-resource","value":"input/extensions"},{"code":"path-resource","value":"input/models"},{"code":"path-resource","value":"input/operations"},{"code":"path-resource","value":"input/profiles"},{"code":"path-resource","value":"input/resources"},{"code":"path-resource","value":"input/vocabulary"},{"code":"path-resource","value":"input/maps"},{"code":"path-resource","value":"input/testing"},{"code":"path-resource","value":"input/history"},{"code":"path-resource","value":"fsh-generated/resources"},{"code":"path-pages","value":"template/config"},{"code":"path-pages","value":"input/images"},{"code":"path-tx-cache","value":"input-cache/txcache"}]}}