{"resourceType":"StructureDefinition","id":"Vaccinazione","text":{"status":"extensions","div":"<div xmlns=\"http://www.w3.org/1999/xhtml\"><table border=\"0\" cellpadding=\"0\" cellspacing=\"0\" style=\"border: 0px #F0F0F0 solid; font-size: 11px; font-family: verdana; vertical-align: top;\"><tr style=\"border: 1px #F0F0F0 solid; font-size: 11px; font-family: verdana; vertical-align: top\"><th style=\"vertical-align: top; text-align : left; background-color: white; border: 0px #F0F0F0 solid; padding:0px 4px 0px 4px\" class=\"hierarchy\"><a href=\"http://hl7.org/fhir/R4/formats.html#table\" title=\"The logical name of the element\">Name</a></th><th style=\"vertical-align: top; text-align : left; background-color: white; border: 0px #F0F0F0 solid; padding:0px 4px 0px 4px\" class=\"hierarchy\"><a href=\"http://hl7.org/fhir/R4/formats.html#table\" title=\"Information about the use of the element\">Flags</a></th><th style=\"vertical-align: top; text-align : left; background-color: white; border: 0px #F0F0F0 solid; padding:0px 4px 0px 4px\" class=\"hierarchy\"><a href=\"http://hl7.org/fhir/R4/formats.html#table\" title=\"Minimum and Maximum # of times the the element can appear in the instance\">Card.</a></th><th style=\"width: 100px\" class=\"hierarchy\"><a href=\"http://hl7.org/fhir/R4/formats.html#table\" title=\"Reference to the type of the element\">Type</a></th><th style=\"vertical-align: top; text-align : left; background-color: white; border: 0px #F0F0F0 solid; padding:0px 4px 0px 4px\" class=\"hierarchy\"><a href=\"http://hl7.org/fhir/R4/formats.html#table\" title=\"Additional information about the element\">Description &amp; Constraints</a><span style=\"float: right\"><a href=\"http://hl7.org/fhir/R4/formats.html#table\" title=\"Legend for this format\"><img src=\"http://hl7.org/fhir/R4/help16.png\" alt=\"doco\" style=\"background-color: inherit\"/></a></span></th></tr><tr style=\"border: 0px #F0F0F0 solid; padding:0px; vertical-align: top; background-color: white\"><td style=\"vertical-align: top; text-align : left; background-color: white; border: 0px #F0F0F0 solid; padding:0px 4px 0px 4px; white-space: nowrap; background-image: url(tbl_bck1.png)\" class=\"hierarchy\"><img src=\"tbl_spacer.png\" alt=\".\" style=\"background-color: inherit\" class=\"hierarchy\"/><img src=\"icon_element.gif\" alt=\".\" style=\"background-color: white; background-color: inherit\" title=\"Element\" class=\"hierarchy\"/> <a href=\"StructureDefinition-Vaccinazione-definitions.html#Vaccinazione\" title=\"Dati Vaccinazione\">Vaccinazione</a><a name=\"Vaccinazione\"> </a></td><td style=\"vertical-align: top; text-align : left; background-color: white; border: 0px #F0F0F0 solid; padding:0px 4px 0px 4px\" class=\"hierarchy\"/><td style=\"vertical-align: top; text-align : left; background-color: white; border: 0px #F0F0F0 solid; padding:0px 4px 0px 4px\" class=\"hierarchy\">1..1</td><td style=\"vertical-align: top; text-align : left; background-color: white; border: 0px #F0F0F0 solid; padding:0px 4px 0px 4px\" class=\"hierarchy\"><a href=\"http://hl7.org/fhir/R4/datatypes.html#Element\">Element</a></td><td style=\"vertical-align: top; text-align : left; background-color: white; border: 0px #F0F0F0 solid; padding:0px 4px 0px 4px\" class=\"hierarchy\">Vaccinazione</td></tr>\r\n<tr style=\"border: 0px #F0F0F0 solid; padding:0px; vertical-align: top; background-color: #F7F7F7\"><td style=\"vertical-align: top; text-align : left; background-color: #F7F7F7; border: 0px #F0F0F0 solid; padding:0px 4px 0px 4px; white-space: nowrap; background-image: url(tbl_bck10.png)\" class=\"hierarchy\"><img src=\"tbl_spacer.png\" alt=\".\" style=\"background-color: inherit\" class=\"hierarchy\"/><img src=\"tbl_vjoin.png\" alt=\".\" style=\"background-color: inherit\" class=\"hierarchy\"/><img src=\"icon_datatype.gif\" alt=\".\" style=\"background-color: #F7F7F7; background-color: inherit\" title=\"Data Type\" class=\"hierarchy\"/> <a href=\"StructureDefinition-Vaccinazione-definitions.html#Vaccinazione.malattiaTarget\" title=\"Malattia per la quale è stata programmata la vaccinazione\">malattiaTarget</a><a name=\"Vaccinazione.malattiaTarget\"> </a></td><td style=\"vertical-align: top; text-align : left; background-color: #F7F7F7; border: 0px #F0F0F0 solid; padding:0px 4px 0px 4px\" class=\"hierarchy\"/><td style=\"vertical-align: top; text-align : left; background-color: #F7F7F7; border: 0px #F0F0F0 solid; padding:0px 4px 0px 4px\" class=\"hierarchy\">0..*</td><td style=\"vertical-align: top; text-align : left; background-color: #F7F7F7; border: 0px #F0F0F0 solid; padding:0px 4px 0px 4px\" class=\"hierarchy\"><a href=\"http://hl7.org/fhir/R4/datatypes.html#CodeableConcept\">CodeableConcept</a></td><td style=\"vertical-align: top; text-align : left; background-color: #F7F7F7; border: 0px #F0F0F0 solid; padding:0px 4px 0px 4px\" class=\"hierarchy\">Malattia per la quale è stata programmata la vaccinazione<br/></td></tr>\r\n<tr style=\"border: 0px #F0F0F0 solid; padding:0px; vertical-align: top; background-color: white\"><td style=\"vertical-align: top; text-align : left; background-color: white; border: 0px #F0F0F0 solid; padding:0px 4px 0px 4px; white-space: nowrap; background-image: url(tbl_bck11.png)\" class=\"hierarchy\"><img src=\"tbl_spacer.png\" alt=\".\" style=\"background-color: inherit\" class=\"hierarchy\"/><img src=\"tbl_vjoin.png\" alt=\".\" style=\"background-color: inherit\" class=\"hierarchy\"/><img src=\"icon_datatype.gif\" alt=\".\" style=\"background-color: white; background-color: inherit\" title=\"Data Type\" class=\"hierarchy\"/> <a href=\"StructureDefinition-Vaccinazione-definitions.html#Vaccinazione.somministrazione\" title=\"Dati relativi alla somministrazione del vaccino\">somministrazione</a><a name=\"Vaccinazione.somministrazione\"> </a></td><td style=\"vertical-align: top; text-align : left; background-color: white; border: 0px #F0F0F0 solid; padding:0px 4px 0px 4px\" class=\"hierarchy\"/><td style=\"vertical-align: top; text-align : left; background-color: white; border: 0px #F0F0F0 solid; padding:0px 4px 0px 4px\" class=\"hierarchy\">0..1</td><td style=\"vertical-align: top; text-align : left; background-color: white; border: 0px #F0F0F0 solid; padding:0px 4px 0px 4px\" class=\"hierarchy\"><a href=\"http://hl7.org/fhir/R4/datatypes.html#BackboneElement\">BackboneElement</a></td><td style=\"vertical-align: top; text-align : left; background-color: white; border: 0px #F0F0F0 solid; padding:0px 4px 0px 4px\" class=\"hierarchy\">Dati Somministrazione</td></tr>\r\n<tr style=\"border: 0px #F0F0F0 solid; padding:0px; vertical-align: top; background-color: #F7F7F7\"><td style=\"vertical-align: top; text-align : left; background-color: #F7F7F7; border: 0px #F0F0F0 solid; padding:0px 4px 0px 4px; white-space: nowrap; background-image: url(tbl_bck111.png)\" class=\"hierarchy\"><img src=\"tbl_spacer.png\" alt=\".\" style=\"background-color: inherit\" class=\"hierarchy\"/><img src=\"tbl_vline.png\" alt=\".\" style=\"background-color: inherit\" class=\"hierarchy\"/><img src=\"tbl_vjoin.png\" alt=\".\" style=\"background-color: inherit\" class=\"hierarchy\"/><img src=\"icon_datatype.gif\" alt=\".\" style=\"background-color: #F7F7F7; background-color: inherit\" title=\"Data Type\" class=\"hierarchy\"/> <a href=\"StructureDefinition-Vaccinazione-definitions.html#Vaccinazione.somministrazione.vaccino\" title=\"Dati reativi al prodotto somministrato\">vaccino</a><a name=\"Vaccinazione.somministrazione.vaccino\"> </a></td><td style=\"vertical-align: top; text-align : left; background-color: #F7F7F7; border: 0px #F0F0F0 solid; padding:0px 4px 0px 4px\" class=\"hierarchy\"/><td style=\"vertical-align: top; text-align : left; background-color: #F7F7F7; border: 0px #F0F0F0 solid; padding:0px 4px 0px 4px\" class=\"hierarchy\">0..1</td><td style=\"vertical-align: top; text-align : left; background-color: #F7F7F7; border: 0px #F0F0F0 solid; padding:0px 4px 0px 4px\" class=\"hierarchy\"><a href=\"http://hl7.org/fhir/R4/datatypes.html#BackboneElement\">BackboneElement</a></td><td style=\"vertical-align: top; text-align : left; background-color: #F7F7F7; border: 0px #F0F0F0 solid; padding:0px 4px 0px 4px\" class=\"hierarchy\">Vaccino somminstrato</td></tr>\r\n<tr style=\"border: 0px #F0F0F0 solid; padding:0px; vertical-align: top; background-color: white\"><td style=\"vertical-align: top; text-align : left; background-color: white; border: 0px #F0F0F0 solid; padding:0px 4px 0px 4px; white-space: nowrap; background-image: url(tbl_bck1110.png)\" class=\"hierarchy\"><img src=\"tbl_spacer.png\" alt=\".\" style=\"background-color: inherit\" class=\"hierarchy\"/><img src=\"tbl_vline.png\" alt=\".\" style=\"background-color: inherit\" class=\"hierarchy\"/><img src=\"tbl_vline.png\" alt=\".\" style=\"background-color: inherit\" class=\"hierarchy\"/><img src=\"tbl_vjoin.png\" alt=\".\" style=\"background-color: inherit\" class=\"hierarchy\"/><img src=\"icon_datatype.gif\" alt=\".\" style=\"background-color: white; background-color: inherit\" title=\"Data Type\" class=\"hierarchy\"/> <a href=\"StructureDefinition-Vaccinazione-definitions.html#Vaccinazione.somministrazione.vaccino.tipo\" title=\"Mono-componente o combinazione (bambini-adulti) somministrata, ad es. HBV,DTaP-HBV-IPV-HIB\">tipo</a><a name=\"Vaccinazione.somministrazione.vaccino.tipo\"> </a></td><td style=\"vertical-align: top; text-align : left; background-color: white; border: 0px #F0F0F0 solid; padding:0px 4px 0px 4px\" class=\"hierarchy\"/><td style=\"vertical-align: top; text-align : left; background-color: white; border: 0px #F0F0F0 solid; padding:0px 4px 0px 4px\" class=\"hierarchy\">1..1</td><td style=\"vertical-align: top; text-align : left; background-color: white; border: 0px #F0F0F0 solid; padding:0px 4px 0px 4px\" class=\"hierarchy\"><a href=\"http://hl7.org/fhir/R4/datatypes.html#CodeableConcept\">CodeableConcept</a></td><td style=\"vertical-align: top; text-align : left; background-color: white; border: 0px #F0F0F0 solid; padding:0px 4px 0px 4px\" class=\"hierarchy\">Tipo Vaccino / Profilassi</td></tr>\r\n<tr style=\"border: 0px #F0F0F0 solid; padding:0px; vertical-align: top; background-color: #F7F7F7\"><td style=\"vertical-align: top; text-align : left; background-color: #F7F7F7; border: 0px #F0F0F0 solid; padding:0px 4px 0px 4px; white-space: nowrap; background-image: url(tbl_bck1110.png)\" class=\"hierarchy\"><img src=\"tbl_spacer.png\" alt=\".\" style=\"background-color: inherit\" class=\"hierarchy\"/><img src=\"tbl_vline.png\" alt=\".\" style=\"background-color: inherit\" class=\"hierarchy\"/><img src=\"tbl_vline.png\" alt=\".\" style=\"background-color: inherit\" class=\"hierarchy\"/><img src=\"tbl_vjoin.png\" alt=\".\" style=\"background-color: inherit\" class=\"hierarchy\"/><img src=\"icon_datatype.gif\" alt=\".\" style=\"background-color: #F7F7F7; background-color: inherit\" title=\"Data Type\" class=\"hierarchy\"/> <a href=\"StructureDefinition-Vaccinazione-definitions.html#Vaccinazione.somministrazione.vaccino.codiceAIC\" title=\"Codice AIC del Vaccino Somministrato\">codiceAIC</a><a name=\"Vaccinazione.somministrazione.vaccino.codiceAIC\"> </a></td><td style=\"vertical-align: top; text-align : left; background-color: #F7F7F7; border: 0px #F0F0F0 solid; padding:0px 4px 0px 4px\" class=\"hierarchy\"/><td style=\"vertical-align: top; text-align : left; background-color: #F7F7F7; border: 0px #F0F0F0 solid; padding:0px 4px 0px 4px\" class=\"hierarchy\">1..1</td><td style=\"vertical-align: top; text-align : left; background-color: #F7F7F7; border: 0px #F0F0F0 solid; padding:0px 4px 0px 4px\" class=\"hierarchy\"><a href=\"http://hl7.org/fhir/R4/datatypes.html#CodeableConcept\">CodeableConcept</a></td><td style=\"vertical-align: top; text-align : left; background-color: #F7F7F7; border: 0px #F0F0F0 solid; padding:0px 4px 0px 4px\" class=\"hierarchy\">Codice AIC</td></tr>\r\n<tr style=\"border: 0px #F0F0F0 solid; padding:0px; vertical-align: top; background-color: white\"><td style=\"vertical-align: top; text-align : left; background-color: white; border: 0px #F0F0F0 solid; padding:0px 4px 0px 4px; white-space: nowrap; background-image: url(tbl_bck1110.png)\" class=\"hierarchy\"><img src=\"tbl_spacer.png\" alt=\".\" style=\"background-color: inherit\" class=\"hierarchy\"/><img src=\"tbl_vline.png\" alt=\".\" style=\"background-color: inherit\" class=\"hierarchy\"/><img src=\"tbl_vline.png\" alt=\".\" style=\"background-color: inherit\" class=\"hierarchy\"/><img src=\"tbl_vjoin.png\" alt=\".\" style=\"background-color: inherit\" class=\"hierarchy\"/><img src=\"icon_datatype.gif\" alt=\".\" style=\"background-color: white; background-color: inherit\" title=\"Data Type\" class=\"hierarchy\"/> <a href=\"StructureDefinition-Vaccinazione-definitions.html#Vaccinazione.somministrazione.vaccino.codiceATC\" title=\"Codice ATC del Vaccino Somministrato\">codiceATC</a><a name=\"Vaccinazione.somministrazione.vaccino.codiceATC\"> </a></td><td style=\"vertical-align: top; text-align : left; background-color: white; border: 0px #F0F0F0 solid; padding:0px 4px 0px 4px\" class=\"hierarchy\"/><td style=\"vertical-align: top; text-align : left; background-color: white; border: 0px #F0F0F0 solid; padding:0px 4px 0px 4px\" class=\"hierarchy\">0..1</td><td style=\"vertical-align: top; text-align : left; background-color: white; border: 0px #F0F0F0 solid; padding:0px 4px 0px 4px\" class=\"hierarchy\"><a href=\"http://hl7.org/fhir/R4/datatypes.html#CodeableConcept\">CodeableConcept</a></td><td style=\"vertical-align: top; text-align : left; background-color: white; border: 0px #F0F0F0 solid; padding:0px 4px 0px 4px\" class=\"hierarchy\">Codice ATC</td></tr>\r\n<tr style=\"border: 0px #F0F0F0 solid; padding:0px; vertical-align: top; background-color: #F7F7F7\"><td style=\"vertical-align: top; text-align : left; background-color: #F7F7F7; border: 0px #F0F0F0 solid; padding:0px 4px 0px 4px; white-space: nowrap; background-image: url(tbl_bck1110.png)\" class=\"hierarchy\"><img src=\"tbl_spacer.png\" alt=\".\" style=\"background-color: inherit\" class=\"hierarchy\"/><img src=\"tbl_vline.png\" alt=\".\" style=\"background-color: inherit\" class=\"hierarchy\"/><img src=\"tbl_vline.png\" alt=\".\" style=\"background-color: inherit\" class=\"hierarchy\"/><img src=\"tbl_vjoin.png\" alt=\".\" style=\"background-color: inherit\" class=\"hierarchy\"/><img src=\"icon_primitive.png\" alt=\".\" style=\"background-color: #F7F7F7; background-color: inherit\" title=\"Primitive Data Type\" class=\"hierarchy\"/> <a href=\"StructureDefinition-Vaccinazione-definitions.html#Vaccinazione.somministrazione.vaccino.nomeCommerciale\" title=\"Nome commerciale Vaccino\">nomeCommerciale</a><a name=\"Vaccinazione.somministrazione.vaccino.nomeCommerciale\"> </a></td><td style=\"vertical-align: top; text-align : left; background-color: #F7F7F7; border: 0px #F0F0F0 solid; padding:0px 4px 0px 4px\" class=\"hierarchy\"/><td style=\"vertical-align: top; text-align : left; background-color: #F7F7F7; border: 0px #F0F0F0 solid; padding:0px 4px 0px 4px\" class=\"hierarchy\">0..1</td><td style=\"vertical-align: top; text-align : left; background-color: #F7F7F7; border: 0px #F0F0F0 solid; padding:0px 4px 0px 4px\" class=\"hierarchy\"><a href=\"http://hl7.org/fhir/R4/datatypes.html#string\">string</a></td><td style=\"vertical-align: top; text-align : left; background-color: #F7F7F7; border: 0px #F0F0F0 solid; padding:0px 4px 0px 4px\" class=\"hierarchy\">Nome commerciale</td></tr>\r\n<tr style=\"border: 0px #F0F0F0 solid; padding:0px; vertical-align: top; background-color: white\"><td style=\"vertical-align: top; text-align : left; background-color: white; border: 0px #F0F0F0 solid; padding:0px 4px 0px 4px; white-space: nowrap; background-image: url(tbl_bck1110.png)\" class=\"hierarchy\"><img src=\"tbl_spacer.png\" alt=\".\" style=\"background-color: inherit\" class=\"hierarchy\"/><img src=\"tbl_vline.png\" alt=\".\" style=\"background-color: inherit\" class=\"hierarchy\"/><img src=\"tbl_vline.png\" alt=\".\" style=\"background-color: inherit\" class=\"hierarchy\"/><img src=\"tbl_vjoin.png\" alt=\".\" style=\"background-color: inherit\" class=\"hierarchy\"/><img src=\"icon_primitive.png\" alt=\".\" style=\"background-color: white; background-color: inherit\" title=\"Primitive Data Type\" class=\"hierarchy\"/> <a href=\"StructureDefinition-Vaccinazione-definitions.html#Vaccinazione.somministrazione.vaccino.lotto\" title=\"Numero del lotto\">lotto</a><a name=\"Vaccinazione.somministrazione.vaccino.lotto\"> </a></td><td style=\"vertical-align: top; text-align : left; background-color: white; border: 0px #F0F0F0 solid; padding:0px 4px 0px 4px\" class=\"hierarchy\"/><td style=\"vertical-align: top; text-align : left; background-color: white; border: 0px #F0F0F0 solid; padding:0px 4px 0px 4px\" class=\"hierarchy\">0..1</td><td style=\"vertical-align: top; text-align : left; background-color: white; border: 0px #F0F0F0 solid; padding:0px 4px 0px 4px\" class=\"hierarchy\"><a href=\"http://hl7.org/fhir/R4/datatypes.html#string\">string</a></td><td style=\"vertical-align: top; text-align : left; background-color: white; border: 0px #F0F0F0 solid; padding:0px 4px 0px 4px\" class=\"hierarchy\">Numero del lotto</td></tr>\r\n<tr style=\"border: 0px #F0F0F0 solid; padding:0px; vertical-align: top; background-color: #F7F7F7\"><td style=\"vertical-align: top; text-align : left; background-color: #F7F7F7; border: 0px #F0F0F0 solid; padding:0px 4px 0px 4px; white-space: nowrap; background-image: url(tbl_bck1100.png)\" class=\"hierarchy\"><img src=\"tbl_spacer.png\" alt=\".\" style=\"background-color: inherit\" class=\"hierarchy\"/><img src=\"tbl_vline.png\" alt=\".\" style=\"background-color: inherit\" class=\"hierarchy\"/><img src=\"tbl_vline.png\" alt=\".\" style=\"background-color: inherit\" class=\"hierarchy\"/><img src=\"tbl_vjoin_end.png\" alt=\".\" style=\"background-color: inherit\" class=\"hierarchy\"/><img src=\"icon_primitive.png\" alt=\".\" style=\"background-color: #F7F7F7; background-color: inherit\" title=\"Primitive Data Type\" class=\"hierarchy\"/> <a href=\"StructureDefinition-Vaccinazione-definitions.html#Vaccinazione.somministrazione.vaccino.dataScadenza\" title=\"Data scadenza del vaccino\">dataScadenza</a><a name=\"Vaccinazione.somministrazione.vaccino.dataScadenza\"> </a></td><td style=\"vertical-align: top; text-align : left; background-color: #F7F7F7; border: 0px #F0F0F0 solid; padding:0px 4px 0px 4px\" class=\"hierarchy\"/><td style=\"vertical-align: top; text-align : left; background-color: #F7F7F7; border: 0px #F0F0F0 solid; padding:0px 4px 0px 4px\" class=\"hierarchy\">0..1</td><td style=\"vertical-align: top; text-align : left; background-color: #F7F7F7; border: 0px #F0F0F0 solid; padding:0px 4px 0px 4px\" class=\"hierarchy\"><a href=\"http://hl7.org/fhir/R4/datatypes.html#dateTime\">dateTime</a></td><td style=\"vertical-align: top; text-align : left; background-color: #F7F7F7; border: 0px #F0F0F0 solid; padding:0px 4px 0px 4px\" class=\"hierarchy\">Data scadenza del vaccino</td></tr>\r\n<tr style=\"border: 0px #F0F0F0 solid; padding:0px; vertical-align: top; background-color: white\"><td style=\"vertical-align: top; text-align : left; background-color: white; border: 0px #F0F0F0 solid; padding:0px 4px 0px 4px; white-space: nowrap; background-image: url(tbl_bck110.png)\" class=\"hierarchy\"><img src=\"tbl_spacer.png\" alt=\".\" style=\"background-color: inherit\" class=\"hierarchy\"/><img src=\"tbl_vline.png\" alt=\".\" style=\"background-color: inherit\" class=\"hierarchy\"/><img src=\"tbl_vjoin.png\" alt=\".\" style=\"background-color: inherit\" class=\"hierarchy\"/><img src=\"icon_primitive.png\" alt=\".\" style=\"background-color: white; background-color: inherit\" title=\"Primitive Data Type\" class=\"hierarchy\"/> <a href=\"StructureDefinition-Vaccinazione-definitions.html#Vaccinazione.somministrazione.data\" title=\"Data e ora di somministrazione \">data</a><a name=\"Vaccinazione.somministrazione.data\"> </a></td><td style=\"vertical-align: top; text-align : left; background-color: white; border: 0px #F0F0F0 solid; padding:0px 4px 0px 4px\" class=\"hierarchy\"/><td style=\"vertical-align: top; text-align : left; background-color: white; border: 0px #F0F0F0 solid; padding:0px 4px 0px 4px\" class=\"hierarchy\">0..1</td><td style=\"vertical-align: top; text-align : left; background-color: white; border: 0px #F0F0F0 solid; padding:0px 4px 0px 4px\" class=\"hierarchy\"><a href=\"http://hl7.org/fhir/R4/datatypes.html#dateTime\">dateTime</a></td><td style=\"vertical-align: top; text-align : left; background-color: white; border: 0px #F0F0F0 solid; padding:0px 4px 0px 4px\" class=\"hierarchy\">Data e ora di somministrazione </td></tr>\r\n<tr style=\"border: 0px #F0F0F0 solid; padding:0px; vertical-align: top; background-color: #F7F7F7\"><td style=\"vertical-align: top; text-align : left; background-color: #F7F7F7; border: 0px #F0F0F0 solid; padding:0px 4px 0px 4px; white-space: nowrap; background-image: url(tbl_bck110.png)\" class=\"hierarchy\"><img src=\"tbl_spacer.png\" alt=\".\" style=\"background-color: inherit\" class=\"hierarchy\"/><img src=\"tbl_vline.png\" alt=\".\" style=\"background-color: inherit\" class=\"hierarchy\"/><img src=\"tbl_vjoin.png\" alt=\".\" style=\"background-color: inherit\" class=\"hierarchy\"/><img src=\"icon_datatype.gif\" alt=\".\" style=\"background-color: #F7F7F7; background-color: inherit\" title=\"Data Type\" class=\"hierarchy\"/> <a href=\"StructureDefinition-Vaccinazione-definitions.html#Vaccinazione.somministrazione.sedeAnatomica\" title=\"Sede anatomica di somministrazione \">sedeAnatomica</a><a name=\"Vaccinazione.somministrazione.sedeAnatomica\"> </a></td><td style=\"vertical-align: top; text-align : left; background-color: #F7F7F7; border: 0px #F0F0F0 solid; padding:0px 4px 0px 4px\" class=\"hierarchy\"/><td style=\"vertical-align: top; text-align : left; background-color: #F7F7F7; border: 0px #F0F0F0 solid; padding:0px 4px 0px 4px\" class=\"hierarchy\">0..1</td><td style=\"vertical-align: top; text-align : left; background-color: #F7F7F7; border: 0px #F0F0F0 solid; padding:0px 4px 0px 4px\" class=\"hierarchy\"><a href=\"http://hl7.org/fhir/R4/datatypes.html#CodeableConcept\">CodeableConcept</a></td><td style=\"vertical-align: top; text-align : left; background-color: #F7F7F7; border: 0px #F0F0F0 solid; padding:0px 4px 0px 4px\" class=\"hierarchy\">Sede anatomica di somministrazione </td></tr>\r\n<tr style=\"border: 0px #F0F0F0 solid; padding:0px; vertical-align: top; background-color: white\"><td style=\"vertical-align: top; text-align : left; background-color: white; border: 0px #F0F0F0 solid; padding:0px 4px 0px 4px; white-space: nowrap; background-image: url(tbl_bck110.png)\" class=\"hierarchy\"><img src=\"tbl_spacer.png\" alt=\".\" style=\"background-color: inherit\" class=\"hierarchy\"/><img src=\"tbl_vline.png\" alt=\".\" style=\"background-color: inherit\" class=\"hierarchy\"/><img src=\"tbl_vjoin.png\" alt=\".\" style=\"background-color: inherit\" class=\"hierarchy\"/><img src=\"icon_datatype.gif\" alt=\".\" style=\"background-color: white; background-color: inherit\" title=\"Data Type\" class=\"hierarchy\"/> <a href=\"StructureDefinition-Vaccinazione-definitions.html#Vaccinazione.somministrazione.viaSomministrazione\" title=\"Via di somministrazione \">viaSomministrazione</a><a name=\"Vaccinazione.somministrazione.viaSomministrazione\"> </a></td><td style=\"vertical-align: top; text-align : left; background-color: white; border: 0px #F0F0F0 solid; padding:0px 4px 0px 4px\" class=\"hierarchy\"/><td style=\"vertical-align: top; text-align : left; background-color: white; border: 0px #F0F0F0 solid; padding:0px 4px 0px 4px\" class=\"hierarchy\">0..1</td><td style=\"vertical-align: top; text-align : left; background-color: white; border: 0px #F0F0F0 solid; padding:0px 4px 0px 4px\" class=\"hierarchy\"><a href=\"http://hl7.org/fhir/R4/datatypes.html#CodeableConcept\">CodeableConcept</a></td><td style=\"vertical-align: top; text-align : left; background-color: white; border: 0px #F0F0F0 solid; padding:0px 4px 0px 4px\" class=\"hierarchy\">Via di somministrazione </td></tr>\r\n<tr style=\"border: 0px #F0F0F0 solid; padding:0px; vertical-align: top; background-color: #F7F7F7\"><td style=\"vertical-align: top; text-align : left; background-color: #F7F7F7; border: 0px #F0F0F0 solid; padding:0px 4px 0px 4px; white-space: nowrap; background-image: url(tbl_bck111.png)\" class=\"hierarchy\"><img src=\"tbl_spacer.png\" alt=\".\" style=\"background-color: inherit\" class=\"hierarchy\"/><img src=\"tbl_vline.png\" alt=\".\" style=\"background-color: inherit\" class=\"hierarchy\"/><img src=\"tbl_vjoin.png\" alt=\".\" style=\"background-color: inherit\" class=\"hierarchy\"/><img src=\"icon_datatype.gif\" alt=\".\" style=\"background-color: #F7F7F7; background-color: inherit\" title=\"Data Type\" class=\"hierarchy\"/> <a href=\"StructureDefinition-Vaccinazione-definitions.html#Vaccinazione.somministrazione.indicazioni\" title=\"Indicazioni per la vaccinazione\">indicazioni</a><a name=\"Vaccinazione.somministrazione.indicazioni\"> </a></td><td style=\"vertical-align: top; text-align : left; background-color: #F7F7F7; border: 0px #F0F0F0 solid; padding:0px 4px 0px 4px\" class=\"hierarchy\"/><td style=\"vertical-align: top; text-align : left; background-color: #F7F7F7; border: 0px #F0F0F0 solid; padding:0px 4px 0px 4px\" class=\"hierarchy\">0..1</td><td style=\"vertical-align: top; text-align : left; background-color: #F7F7F7; border: 0px #F0F0F0 solid; padding:0px 4px 0px 4px\" class=\"hierarchy\"><a href=\"http://hl7.org/fhir/R4/datatypes.html#BackboneElement\">BackboneElement</a></td><td style=\"vertical-align: top; text-align : left; background-color: #F7F7F7; border: 0px #F0F0F0 solid; padding:0px 4px 0px 4px\" class=\"hierarchy\">Indicazioni per la vaccinazione</td></tr>\r\n<tr style=\"border: 0px #F0F0F0 solid; padding:0px; vertical-align: top; background-color: white\"><td style=\"vertical-align: top; text-align : left; background-color: white; border: 0px #F0F0F0 solid; padding:0px 4px 0px 4px; white-space: nowrap; background-image: url(tbl_bck1110.png)\" class=\"hierarchy\"><img src=\"tbl_spacer.png\" alt=\".\" style=\"background-color: inherit\" class=\"hierarchy\"/><img src=\"tbl_vline.png\" alt=\".\" style=\"background-color: inherit\" class=\"hierarchy\"/><img src=\"tbl_vline.png\" alt=\".\" style=\"background-color: inherit\" class=\"hierarchy\"/><img src=\"tbl_vjoin.png\" alt=\".\" style=\"background-color: inherit\" class=\"hierarchy\"/><img src=\"icon_datatype.gif\" alt=\".\" style=\"background-color: white; background-color: inherit\" title=\"Data Type\" class=\"hierarchy\"/> <a href=\"StructureDefinition-Vaccinazione-definitions.html#Vaccinazione.somministrazione.indicazioni.categoriaRischio\" title=\"Categoria per cui è raccomandata la vaccinazione\">categoriaRischio</a><a name=\"Vaccinazione.somministrazione.indicazioni.categoriaRischio\"> </a></td><td style=\"vertical-align: top; text-align : left; background-color: white; border: 0px #F0F0F0 solid; padding:0px 4px 0px 4px\" class=\"hierarchy\"/><td style=\"vertical-align: top; text-align : left; background-color: white; border: 0px #F0F0F0 solid; padding:0px 4px 0px 4px\" class=\"hierarchy\">0..*</td><td style=\"vertical-align: top; text-align : left; background-color: white; border: 0px #F0F0F0 solid; padding:0px 4px 0px 4px\" class=\"hierarchy\"><a href=\"http://hl7.org/fhir/R4/datatypes.html#CodeableConcept\">CodeableConcept</a></td><td style=\"vertical-align: top; text-align : left; background-color: white; border: 0px #F0F0F0 solid; padding:0px 4px 0px 4px\" class=\"hierarchy\">Categoria a rischio <br/></td></tr>\r\n<tr style=\"border: 0px #F0F0F0 solid; padding:0px; vertical-align: top; background-color: #F7F7F7\"><td style=\"vertical-align: top; text-align : left; background-color: #F7F7F7; border: 0px #F0F0F0 solid; padding:0px 4px 0px 4px; white-space: nowrap; background-image: url(tbl_bck1100.png)\" class=\"hierarchy\"><img src=\"tbl_spacer.png\" alt=\".\" style=\"background-color: inherit\" class=\"hierarchy\"/><img src=\"tbl_vline.png\" alt=\".\" style=\"background-color: inherit\" class=\"hierarchy\"/><img src=\"tbl_vline.png\" alt=\".\" style=\"background-color: inherit\" class=\"hierarchy\"/><img src=\"tbl_vjoin_end.png\" alt=\".\" style=\"background-color: inherit\" class=\"hierarchy\"/><img src=\"icon_datatype.gif\" alt=\".\" style=\"background-color: #F7F7F7; background-color: inherit\" title=\"Data Type\" class=\"hierarchy\"/> <a href=\"StructureDefinition-Vaccinazione-definitions.html#Vaccinazione.somministrazione.indicazioni.patologia\" title=\"Patologia per cui è raccomandata la vaccinazione\">patologia</a><a name=\"Vaccinazione.somministrazione.indicazioni.patologia\"> </a></td><td style=\"vertical-align: top; text-align : left; background-color: #F7F7F7; border: 0px #F0F0F0 solid; padding:0px 4px 0px 4px\" class=\"hierarchy\"/><td style=\"vertical-align: top; text-align : left; background-color: #F7F7F7; border: 0px #F0F0F0 solid; padding:0px 4px 0px 4px\" class=\"hierarchy\">0..*</td><td style=\"vertical-align: top; text-align : left; background-color: #F7F7F7; border: 0px #F0F0F0 solid; padding:0px 4px 0px 4px\" class=\"hierarchy\"><a href=\"http://hl7.org/fhir/R4/datatypes.html#CodeableConcept\">CodeableConcept</a></td><td style=\"vertical-align: top; text-align : left; background-color: #F7F7F7; border: 0px #F0F0F0 solid; padding:0px 4px 0px 4px\" class=\"hierarchy\">Condizioni sanitarie a rischio<br/></td></tr>\r\n<tr style=\"border: 0px #F0F0F0 solid; padding:0px; vertical-align: top; background-color: white\"><td style=\"vertical-align: top; text-align : left; background-color: white; border: 0px #F0F0F0 solid; padding:0px 4px 0px 4px; white-space: nowrap; background-image: url(tbl_bck110.png)\" class=\"hierarchy\"><img src=\"tbl_spacer.png\" alt=\".\" style=\"background-color: inherit\" class=\"hierarchy\"/><img src=\"tbl_vline.png\" alt=\".\" style=\"background-color: inherit\" class=\"hierarchy\"/><img src=\"tbl_vjoin.png\" alt=\".\" style=\"background-color: inherit\" class=\"hierarchy\"/><img src=\"icon_datatype.gif\" alt=\".\" style=\"background-color: white; background-color: inherit\" title=\"Data Type\" class=\"hierarchy\"/> <a href=\"StructureDefinition-Vaccinazione-definitions.html#Vaccinazione.somministrazione.reazioniAvverse\" title=\"Presente solo nel caso di Certificato Vaccinale\">reazioniAvverse</a><a name=\"Vaccinazione.somministrazione.reazioniAvverse\"> </a></td><td style=\"vertical-align: top; text-align : left; background-color: white; border: 0px #F0F0F0 solid; padding:0px 4px 0px 4px\" class=\"hierarchy\"/><td style=\"vertical-align: top; text-align : left; background-color: white; border: 0px #F0F0F0 solid; padding:0px 4px 0px 4px\" class=\"hierarchy\">0..*</td><td style=\"vertical-align: top; text-align : left; background-color: white; border: 0px #F0F0F0 solid; padding:0px 4px 0px 4px\" class=\"hierarchy\"><a href=\"http://hl7.org/fhir/R4/datatypes.html#BackboneElement\">BackboneElement</a></td><td style=\"vertical-align: top; text-align : left; background-color: white; border: 0px #F0F0F0 solid; padding:0px 4px 0px 4px\" class=\"hierarchy\">Reazioni avverse<br/></td></tr>\r\n<tr style=\"border: 0px #F0F0F0 solid; padding:0px; vertical-align: top; background-color: #F7F7F7\"><td style=\"vertical-align: top; text-align : left; background-color: #F7F7F7; border: 0px #F0F0F0 solid; padding:0px 4px 0px 4px; white-space: nowrap; background-image: url(tbl_bck110.png)\" class=\"hierarchy\"><img src=\"tbl_spacer.png\" alt=\".\" style=\"background-color: inherit\" class=\"hierarchy\"/><img src=\"tbl_vline.png\" alt=\".\" style=\"background-color: inherit\" class=\"hierarchy\"/><img src=\"tbl_vjoin.png\" alt=\".\" style=\"background-color: inherit\" class=\"hierarchy\"/><img src=\"icon_datatype.gif\" alt=\".\" style=\"background-color: #F7F7F7; background-color: inherit\" title=\"Data Type\" class=\"hierarchy\"/> <a href=\"StructureDefinition-Vaccinazione-definitions.html#Vaccinazione.somministrazione.periodoCopertura\" title=\"Periodo di copertura\">periodoCopertura</a><a name=\"Vaccinazione.somministrazione.periodoCopertura\"> </a></td><td style=\"vertical-align: top; text-align : left; background-color: #F7F7F7; border: 0px #F0F0F0 solid; padding:0px 4px 0px 4px\" class=\"hierarchy\"/><td style=\"vertical-align: top; text-align : left; background-color: #F7F7F7; border: 0px #F0F0F0 solid; padding:0px 4px 0px 4px\" class=\"hierarchy\">0..1</td><td style=\"vertical-align: top; text-align : left; background-color: #F7F7F7; border: 0px #F0F0F0 solid; padding:0px 4px 0px 4px\" class=\"hierarchy\"><a href=\"http://hl7.org/fhir/R4/datatypes.html#BackboneElement\">BackboneElement</a></td><td style=\"vertical-align: top; text-align : left; background-color: #F7F7F7; border: 0px #F0F0F0 solid; padding:0px 4px 0px 4px\" class=\"hierarchy\">Periodo di copertura</td></tr>\r\n<tr style=\"border: 0px #F0F0F0 solid; padding:0px; vertical-align: top; background-color: white\"><td style=\"vertical-align: top; text-align : left; background-color: white; border: 0px #F0F0F0 solid; padding:0px 4px 0px 4px; white-space: nowrap; background-image: url(tbl_bck110.png)\" class=\"hierarchy\"><img src=\"tbl_spacer.png\" alt=\".\" style=\"background-color: inherit\" class=\"hierarchy\"/><img src=\"tbl_vline.png\" alt=\".\" style=\"background-color: inherit\" class=\"hierarchy\"/><img src=\"tbl_vjoin.png\" alt=\".\" style=\"background-color: inherit\" class=\"hierarchy\"/><img src=\"icon_primitive.png\" alt=\".\" style=\"background-color: white; background-color: inherit\" title=\"Primitive Data Type\" class=\"hierarchy\"/> <a href=\"StructureDefinition-Vaccinazione-definitions.html#Vaccinazione.somministrazione.dataProssimaDose\" title=\"Data e ora programmata per la prossima  vaccinazione\">dataProssimaDose</a><a name=\"Vaccinazione.somministrazione.dataProssimaDose\"> </a></td><td style=\"vertical-align: top; text-align : left; background-color: white; border: 0px #F0F0F0 solid; padding:0px 4px 0px 4px\" class=\"hierarchy\"/><td style=\"vertical-align: top; text-align : left; background-color: white; border: 0px #F0F0F0 solid; padding:0px 4px 0px 4px\" class=\"hierarchy\">0..1</td><td style=\"vertical-align: top; text-align : left; background-color: white; border: 0px #F0F0F0 solid; padding:0px 4px 0px 4px\" class=\"hierarchy\"><a href=\"http://hl7.org/fhir/R4/datatypes.html#dateTime\">dateTime</a></td><td style=\"vertical-align: top; text-align : left; background-color: white; border: 0px #F0F0F0 solid; padding:0px 4px 0px 4px\" class=\"hierarchy\">Data prossima vaccinazione</td></tr>\r\n<tr style=\"border: 0px #F0F0F0 solid; padding:0px; vertical-align: top; background-color: #F7F7F7\"><td style=\"vertical-align: top; text-align : left; background-color: #F7F7F7; border: 0px #F0F0F0 solid; padding:0px 4px 0px 4px; white-space: nowrap; background-image: url(tbl_bck110.png)\" class=\"hierarchy\"><img src=\"tbl_spacer.png\" alt=\".\" style=\"background-color: inherit\" class=\"hierarchy\"/><img src=\"tbl_vline.png\" alt=\".\" style=\"background-color: inherit\" class=\"hierarchy\"/><img src=\"tbl_vjoin.png\" alt=\".\" style=\"background-color: inherit\" class=\"hierarchy\"/><img src=\"icon_resource.png\" alt=\".\" style=\"background-color: #F7F7F7; background-color: inherit\" title=\"Resource\" class=\"hierarchy\"/> <a href=\"StructureDefinition-Vaccinazione-definitions.html#Vaccinazione.somministrazione.responsabile\" title=\"Organizzazione responsabile  della vaccinazione inserendo nome oppure identificativo  (Sanitaria o Ospedaliera) \">responsabile</a><a name=\"Vaccinazione.somministrazione.responsabile\"> </a></td><td style=\"vertical-align: top; text-align : left; background-color: #F7F7F7; border: 0px #F0F0F0 solid; padding:0px 4px 0px 4px\" class=\"hierarchy\"/><td style=\"vertical-align: top; text-align : left; background-color: #F7F7F7; border: 0px #F0F0F0 solid; padding:0px 4px 0px 4px\" class=\"hierarchy\">0..1</td><td style=\"vertical-align: top; text-align : left; background-color: #F7F7F7; border: 0px #F0F0F0 solid; padding:0px 4px 0px 4px\" class=\"hierarchy\"><a href=\"StructureDefinition-Organizzazione.html\">Organizzazione</a></td><td style=\"vertical-align: top; text-align : left; background-color: #F7F7F7; border: 0px #F0F0F0 solid; padding:0px 4px 0px 4px\" class=\"hierarchy\">Organizzazione responsabile della vaccinazione</td></tr>\r\n<tr style=\"border: 0px #F0F0F0 solid; padding:0px; vertical-align: top; background-color: white\"><td style=\"vertical-align: top; text-align : left; background-color: white; border: 0px #F0F0F0 solid; padding:0px 4px 0px 4px; white-space: nowrap; background-image: url(tbl_bck111.png)\" class=\"hierarchy\"><img src=\"tbl_spacer.png\" alt=\".\" style=\"background-color: inherit\" class=\"hierarchy\"/><img src=\"tbl_vline.png\" alt=\".\" style=\"background-color: inherit\" class=\"hierarchy\"/><img src=\"tbl_vjoin.png\" alt=\".\" style=\"background-color: inherit\" class=\"hierarchy\"/><img src=\"icon_datatype.gif\" alt=\".\" style=\"background-color: white; background-color: inherit\" title=\"Data Type\" class=\"hierarchy\"/> <a href=\"StructureDefinition-Vaccinazione-definitions.html#Vaccinazione.somministrazione.struttura\" title=\"Ambulatorio Vaccinale oppure Unità Operativa oppure Pronto Soccorso oppure Centro medicina dei viaggi oppure autorità portuale oppure Studio Medico MMG/PLS.\nStruttura presso cui è stato somministrato vaccino\nCodice regione + codice presidio + subcodice stabilimento\">struttura</a><a name=\"Vaccinazione.somministrazione.struttura\"> </a></td><td style=\"vertical-align: top; text-align : left; background-color: white; border: 0px #F0F0F0 solid; padding:0px 4px 0px 4px\" class=\"hierarchy\"/><td style=\"vertical-align: top; text-align : left; background-color: white; border: 0px #F0F0F0 solid; padding:0px 4px 0px 4px\" class=\"hierarchy\">0..1</td><td style=\"vertical-align: top; text-align : left; background-color: white; border: 0px #F0F0F0 solid; padding:0px 4px 0px 4px\" class=\"hierarchy\"><a href=\"http://hl7.org/fhir/R4/datatypes.html#BackboneElement\">BackboneElement</a></td><td style=\"vertical-align: top; text-align : left; background-color: white; border: 0px #F0F0F0 solid; padding:0px 4px 0px 4px\" class=\"hierarchy\">Struttura presso cui è stat effettuata la vaccinazione</td></tr>\r\n<tr style=\"border: 0px #F0F0F0 solid; padding:0px; vertical-align: top; background-color: #F7F7F7\"><td style=\"vertical-align: top; text-align : left; background-color: #F7F7F7; border: 0px #F0F0F0 solid; padding:0px 4px 0px 4px; white-space: nowrap; background-image: url(tbl_bck1110.png)\" class=\"hierarchy\"><img src=\"tbl_spacer.png\" alt=\".\" style=\"background-color: inherit\" class=\"hierarchy\"/><img src=\"tbl_vline.png\" alt=\".\" style=\"background-color: inherit\" class=\"hierarchy\"/><img src=\"tbl_vline.png\" alt=\".\" style=\"background-color: inherit\" class=\"hierarchy\"/><img src=\"tbl_vjoin.png\" alt=\".\" style=\"background-color: inherit\" class=\"hierarchy\"/><img src=\"icon_datatype.gif\" alt=\".\" style=\"background-color: #F7F7F7; background-color: inherit\" title=\"Data Type\" class=\"hierarchy\"/> <a href=\"StructureDefinition-Vaccinazione-definitions.html#Vaccinazione.somministrazione.struttura.identificativo\" title=\"Identificativo della struttura\">identificativo</a><a name=\"Vaccinazione.somministrazione.struttura.identificativo\"> </a></td><td style=\"vertical-align: top; text-align : left; background-color: #F7F7F7; border: 0px #F0F0F0 solid; padding:0px 4px 0px 4px\" class=\"hierarchy\"/><td style=\"vertical-align: top; text-align : left; background-color: #F7F7F7; border: 0px #F0F0F0 solid; padding:0px 4px 0px 4px\" class=\"hierarchy\">0..*</td><td style=\"vertical-align: top; text-align : left; background-color: #F7F7F7; border: 0px #F0F0F0 solid; padding:0px 4px 0px 4px\" class=\"hierarchy\"><a href=\"http://hl7.org/fhir/R4/datatypes.html#Identifier\">Identifier</a></td><td style=\"vertical-align: top; text-align : left; background-color: #F7F7F7; border: 0px #F0F0F0 solid; padding:0px 4px 0px 4px\" class=\"hierarchy\">Identificativo<br/></td></tr>\r\n<tr style=\"border: 0px #F0F0F0 solid; padding:0px; vertical-align: top; background-color: white\"><td style=\"vertical-align: top; text-align : left; background-color: white; border: 0px #F0F0F0 solid; padding:0px 4px 0px 4px; white-space: nowrap; background-image: url(tbl_bck1110.png)\" class=\"hierarchy\"><img src=\"tbl_spacer.png\" alt=\".\" style=\"background-color: inherit\" class=\"hierarchy\"/><img src=\"tbl_vline.png\" alt=\".\" style=\"background-color: inherit\" class=\"hierarchy\"/><img src=\"tbl_vline.png\" alt=\".\" style=\"background-color: inherit\" class=\"hierarchy\"/><img src=\"tbl_vjoin.png\" alt=\".\" style=\"background-color: inherit\" class=\"hierarchy\"/><img src=\"icon_primitive.png\" alt=\".\" style=\"background-color: white; background-color: inherit\" title=\"Primitive Data Type\" class=\"hierarchy\"/> <a href=\"StructureDefinition-Vaccinazione-definitions.html#Vaccinazione.somministrazione.struttura.nome\" title=\"nome della struttura\">nome</a><a name=\"Vaccinazione.somministrazione.struttura.nome\"> </a></td><td style=\"vertical-align: top; text-align : left; background-color: white; border: 0px #F0F0F0 solid; padding:0px 4px 0px 4px\" class=\"hierarchy\"/><td style=\"vertical-align: top; text-align : left; background-color: white; border: 0px #F0F0F0 solid; padding:0px 4px 0px 4px\" class=\"hierarchy\">0..1</td><td style=\"vertical-align: top; text-align : left; background-color: white; border: 0px #F0F0F0 solid; padding:0px 4px 0px 4px\" class=\"hierarchy\"><a href=\"http://hl7.org/fhir/R4/datatypes.html#string\">string</a></td><td style=\"vertical-align: top; text-align : left; background-color: white; border: 0px #F0F0F0 solid; padding:0px 4px 0px 4px\" class=\"hierarchy\">Denominazione struttura</td></tr>\r\n<tr style=\"border: 0px #F0F0F0 solid; padding:0px; vertical-align: top; background-color: #F7F7F7\"><td style=\"vertical-align: top; text-align : left; background-color: #F7F7F7; border: 0px #F0F0F0 solid; padding:0px 4px 0px 4px; white-space: nowrap; background-image: url(tbl_bck1110.png)\" class=\"hierarchy\"><img src=\"tbl_spacer.png\" alt=\".\" style=\"background-color: inherit\" class=\"hierarchy\"/><img src=\"tbl_vline.png\" alt=\".\" style=\"background-color: inherit\" class=\"hierarchy\"/><img src=\"tbl_vline.png\" alt=\".\" style=\"background-color: inherit\" class=\"hierarchy\"/><img src=\"tbl_vjoin.png\" alt=\".\" style=\"background-color: inherit\" class=\"hierarchy\"/><img src=\"icon_primitive.png\" alt=\".\" style=\"background-color: #F7F7F7; background-color: inherit\" title=\"Primitive Data Type\" class=\"hierarchy\"/> <a href=\"StructureDefinition-Vaccinazione-definitions.html#Vaccinazione.somministrazione.struttura.responsabile\" title=\"Direttore/Responsabile struttura\">responsabile</a><a name=\"Vaccinazione.somministrazione.struttura.responsabile\"> </a></td><td style=\"vertical-align: top; text-align : left; background-color: #F7F7F7; border: 0px #F0F0F0 solid; padding:0px 4px 0px 4px\" class=\"hierarchy\"/><td style=\"vertical-align: top; text-align : left; background-color: #F7F7F7; border: 0px #F0F0F0 solid; padding:0px 4px 0px 4px\" class=\"hierarchy\">0..1</td><td style=\"vertical-align: top; text-align : left; background-color: #F7F7F7; border: 0px #F0F0F0 solid; padding:0px 4px 0px 4px\" class=\"hierarchy\"><a href=\"http://hl7.org/fhir/R4/datatypes.html#string\">string</a></td><td style=\"vertical-align: top; text-align : left; background-color: #F7F7F7; border: 0px #F0F0F0 solid; padding:0px 4px 0px 4px\" class=\"hierarchy\">Direttore/Responsabile struttura</td></tr>\r\n<tr style=\"border: 0px #F0F0F0 solid; padding:0px; vertical-align: top; background-color: white\"><td style=\"vertical-align: top; text-align : left; background-color: white; border: 0px #F0F0F0 solid; padding:0px 4px 0px 4px; white-space: nowrap; background-image: url(tbl_bck1110.png)\" class=\"hierarchy\"><img src=\"tbl_spacer.png\" alt=\".\" style=\"background-color: inherit\" class=\"hierarchy\"/><img src=\"tbl_vline.png\" alt=\".\" style=\"background-color: inherit\" class=\"hierarchy\"/><img src=\"tbl_vline.png\" alt=\".\" style=\"background-color: inherit\" class=\"hierarchy\"/><img src=\"tbl_vjoin.png\" alt=\".\" style=\"background-color: inherit\" class=\"hierarchy\"/><img src=\"icon_datatype.gif\" alt=\".\" style=\"background-color: white; background-color: inherit\" title=\"Data Type\" class=\"hierarchy\"/> <a href=\"StructureDefinition-Vaccinazione-definitions.html#Vaccinazione.somministrazione.struttura.indirizzo\" title=\"Indirizzo struttura\">indirizzo</a><a name=\"Vaccinazione.somministrazione.struttura.indirizzo\"> </a></td><td style=\"vertical-align: top; text-align : left; background-color: white; border: 0px #F0F0F0 solid; padding:0px 4px 0px 4px\" class=\"hierarchy\"/><td style=\"vertical-align: top; text-align : left; background-color: white; border: 0px #F0F0F0 solid; padding:0px 4px 0px 4px\" class=\"hierarchy\">0..1</td><td style=\"vertical-align: top; text-align : left; background-color: white; border: 0px #F0F0F0 solid; padding:0px 4px 0px 4px\" class=\"hierarchy\"><a href=\"http://hl7.org/fhir/R4/datatypes.html#Address\">Address</a></td><td style=\"vertical-align: top; text-align : left; background-color: white; border: 0px #F0F0F0 solid; padding:0px 4px 0px 4px\" class=\"hierarchy\">Indirizzo struttura</td></tr>\r\n<tr style=\"border: 0px #F0F0F0 solid; padding:0px; vertical-align: top; background-color: #F7F7F7\"><td style=\"vertical-align: top; text-align : left; background-color: #F7F7F7; border: 0px #F0F0F0 solid; padding:0px 4px 0px 4px; white-space: nowrap; background-image: url(tbl_bck1110.png)\" class=\"hierarchy\"><img src=\"tbl_spacer.png\" alt=\".\" style=\"background-color: inherit\" class=\"hierarchy\"/><img src=\"tbl_vline.png\" alt=\".\" style=\"background-color: inherit\" class=\"hierarchy\"/><img src=\"tbl_vline.png\" alt=\".\" style=\"background-color: inherit\" class=\"hierarchy\"/><img src=\"tbl_vjoin.png\" alt=\".\" style=\"background-color: inherit\" class=\"hierarchy\"/><img src=\"icon_datatype.gif\" alt=\".\" style=\"background-color: #F7F7F7; background-color: inherit\" title=\"Data Type\" class=\"hierarchy\"/> <a href=\"StructureDefinition-Vaccinazione-definitions.html#Vaccinazione.somministrazione.struttura.email\" title=\"Email Segreteria struttura\">email</a><a name=\"Vaccinazione.somministrazione.struttura.email\"> </a></td><td style=\"vertical-align: top; text-align : left; background-color: #F7F7F7; border: 0px #F0F0F0 solid; padding:0px 4px 0px 4px\" class=\"hierarchy\"/><td style=\"vertical-align: top; text-align : left; background-color: #F7F7F7; border: 0px #F0F0F0 solid; padding:0px 4px 0px 4px\" class=\"hierarchy\">0..*</td><td style=\"vertical-align: top; text-align : left; background-color: #F7F7F7; border: 0px #F0F0F0 solid; padding:0px 4px 0px 4px\" class=\"hierarchy\"><a href=\"http://hl7.org/fhir/R4/datatypes.html#ContactPoint\">ContactPoint</a></td><td style=\"vertical-align: top; text-align : left; background-color: #F7F7F7; border: 0px #F0F0F0 solid; padding:0px 4px 0px 4px\" class=\"hierarchy\">Email Segreteria struttura<br/></td></tr>\r\n<tr style=\"border: 0px #F0F0F0 solid; padding:0px; vertical-align: top; background-color: white\"><td style=\"vertical-align: top; text-align : left; background-color: white; border: 0px #F0F0F0 solid; padding:0px 4px 0px 4px; white-space: nowrap; background-image: url(tbl_bck1100.png)\" class=\"hierarchy\"><img src=\"tbl_spacer.png\" alt=\".\" style=\"background-color: inherit\" class=\"hierarchy\"/><img src=\"tbl_vline.png\" alt=\".\" style=\"background-color: inherit\" class=\"hierarchy\"/><img src=\"tbl_vline.png\" alt=\".\" style=\"background-color: inherit\" class=\"hierarchy\"/><img src=\"tbl_vjoin_end.png\" alt=\".\" style=\"background-color: inherit\" class=\"hierarchy\"/><img src=\"icon_datatype.gif\" alt=\".\" style=\"background-color: white; background-color: inherit\" title=\"Data Type\" class=\"hierarchy\"/> <a href=\"StructureDefinition-Vaccinazione-definitions.html#Vaccinazione.somministrazione.struttura.telefono\" title=\"Recapito Telefonico Segreteria struttura\">telefono</a><a name=\"Vaccinazione.somministrazione.struttura.telefono\"> </a></td><td style=\"vertical-align: top; text-align : left; background-color: white; border: 0px #F0F0F0 solid; padding:0px 4px 0px 4px\" class=\"hierarchy\"/><td style=\"vertical-align: top; text-align : left; background-color: white; border: 0px #F0F0F0 solid; padding:0px 4px 0px 4px\" class=\"hierarchy\">0..*</td><td style=\"vertical-align: top; text-align : left; background-color: white; border: 0px #F0F0F0 solid; padding:0px 4px 0px 4px\" class=\"hierarchy\"><a href=\"http://hl7.org/fhir/R4/datatypes.html#ContactPoint\">ContactPoint</a></td><td style=\"vertical-align: top; text-align : left; background-color: white; border: 0px #F0F0F0 solid; padding:0px 4px 0px 4px\" class=\"hierarchy\">Recapito Telefonico Segreteria struttura<br/></td></tr>\r\n<tr style=\"border: 0px #F0F0F0 solid; padding:0px; vertical-align: top; background-color: #F7F7F7\"><td style=\"vertical-align: top; text-align : left; background-color: #F7F7F7; border: 0px #F0F0F0 solid; padding:0px 4px 0px 4px; white-space: nowrap; background-image: url(tbl_bck100.png)\" class=\"hierarchy\"><img src=\"tbl_spacer.png\" alt=\".\" style=\"background-color: inherit\" class=\"hierarchy\"/><img src=\"tbl_vline.png\" alt=\".\" style=\"background-color: inherit\" class=\"hierarchy\"/><img src=\"tbl_vjoin_end.png\" alt=\".\" style=\"background-color: inherit\" class=\"hierarchy\"/><img src=\"icon_resource.png\" alt=\".\" style=\"background-color: #F7F7F7; background-color: inherit\" title=\"Resource\" class=\"hierarchy\"/> <a href=\"StructureDefinition-Vaccinazione-definitions.html#Vaccinazione.somministrazione.somministratore\" title=\"Persona  Responsabile della Vaccinazione\">somministratore</a><a name=\"Vaccinazione.somministrazione.somministratore\"> </a></td><td style=\"vertical-align: top; text-align : left; background-color: #F7F7F7; border: 0px #F0F0F0 solid; padding:0px 4px 0px 4px\" class=\"hierarchy\"/><td style=\"vertical-align: top; text-align : left; background-color: #F7F7F7; border: 0px #F0F0F0 solid; padding:0px 4px 0px 4px\" class=\"hierarchy\">0..1</td><td style=\"vertical-align: top; text-align : left; background-color: #F7F7F7; border: 0px #F0F0F0 solid; padding:0px 4px 0px 4px\" class=\"hierarchy\"><a href=\"StructureDefinition-OperatoreSanitario.html\">OperatoreSanitario</a></td><td style=\"vertical-align: top; text-align : left; background-color: #F7F7F7; border: 0px #F0F0F0 solid; padding:0px 4px 0px 4px\" class=\"hierarchy\">Persona  Responsabile della Vaccinazione</td></tr>\r\n<tr style=\"border: 0px #F0F0F0 solid; padding:0px; vertical-align: top; background-color: white\"><td style=\"vertical-align: top; text-align : left; background-color: white; border: 0px #F0F0F0 solid; padding:0px 4px 0px 4px; white-space: nowrap; background-image: url(tbl_bck01.png)\" class=\"hierarchy\"><img src=\"tbl_spacer.png\" alt=\".\" style=\"background-color: inherit\" class=\"hierarchy\"/><img src=\"tbl_vjoin_end.png\" alt=\".\" style=\"background-color: inherit\" class=\"hierarchy\"/><img src=\"icon_datatype.gif\" alt=\".\" style=\"background-color: white; background-color: inherit\" title=\"Data Type\" class=\"hierarchy\"/> <a href=\"StructureDefinition-Vaccinazione-definitions.html#Vaccinazione.mancataSomministrazione\" title=\"Esonero, omissione o differimento della somministrazione\">mancataSomministrazione</a><a name=\"Vaccinazione.mancataSomministrazione\"> </a></td><td style=\"vertical-align: top; text-align : left; background-color: white; border: 0px #F0F0F0 solid; padding:0px 4px 0px 4px\" class=\"hierarchy\"/><td style=\"vertical-align: top; text-align : left; background-color: white; border: 0px #F0F0F0 solid; padding:0px 4px 0px 4px\" class=\"hierarchy\">0..1</td><td style=\"vertical-align: top; text-align : left; background-color: white; border: 0px #F0F0F0 solid; padding:0px 4px 0px 4px\" class=\"hierarchy\"><a href=\"http://hl7.org/fhir/R4/datatypes.html#BackboneElement\">BackboneElement</a></td><td style=\"vertical-align: top; text-align : left; background-color: white; border: 0px #F0F0F0 solid; padding:0px 4px 0px 4px\" class=\"hierarchy\">Esonero, omissione o differimento</td></tr>\r\n<tr style=\"border: 0px #F0F0F0 solid; padding:0px; vertical-align: top; background-color: #F7F7F7\"><td style=\"vertical-align: top; text-align : left; background-color: #F7F7F7; border: 0px #F0F0F0 solid; padding:0px 4px 0px 4px; white-space: nowrap; background-image: url(tbl_bck010.png)\" class=\"hierarchy\"><img src=\"tbl_spacer.png\" alt=\".\" style=\"background-color: inherit\" class=\"hierarchy\"/><img src=\"tbl_blank.png\" alt=\".\" style=\"background-color: inherit\" class=\"hierarchy\"/><img src=\"tbl_vjoin.png\" alt=\".\" style=\"background-color: inherit\" class=\"hierarchy\"/><img src=\"icon_datatype.gif\" alt=\".\" style=\"background-color: #F7F7F7; background-color: inherit\" title=\"Data Type\" class=\"hierarchy\"/> <a href=\"StructureDefinition-Vaccinazione-definitions.html#Vaccinazione.mancataSomministrazione.motivazione\" title=\"Motivazione per esonero/omissione o differimento\">motivazione</a><a name=\"Vaccinazione.mancataSomministrazione.motivazione\"> </a></td><td style=\"vertical-align: top; text-align : left; background-color: #F7F7F7; border: 0px #F0F0F0 solid; padding:0px 4px 0px 4px\" class=\"hierarchy\"/><td style=\"vertical-align: top; text-align : left; background-color: #F7F7F7; border: 0px #F0F0F0 solid; padding:0px 4px 0px 4px\" class=\"hierarchy\">1..1</td><td style=\"vertical-align: top; text-align : left; background-color: #F7F7F7; border: 0px #F0F0F0 solid; padding:0px 4px 0px 4px\" class=\"hierarchy\"><a href=\"http://hl7.org/fhir/R4/datatypes.html#CodeableConcept\">CodeableConcept</a></td><td style=\"vertical-align: top; text-align : left; background-color: #F7F7F7; border: 0px #F0F0F0 solid; padding:0px 4px 0px 4px\" class=\"hierarchy\">Motivazione esonero / differimento</td></tr>\r\n<tr style=\"border: 0px #F0F0F0 solid; padding:0px; vertical-align: top; background-color: white\"><td style=\"vertical-align: top; text-align : left; background-color: white; border: 0px #F0F0F0 solid; padding:0px 4px 0px 4px; white-space: nowrap; background-image: url(tbl_bck010.png)\" class=\"hierarchy\"><img src=\"tbl_spacer.png\" alt=\".\" style=\"background-color: inherit\" class=\"hierarchy\"/><img src=\"tbl_blank.png\" alt=\".\" style=\"background-color: inherit\" class=\"hierarchy\"/><img src=\"tbl_vjoin.png\" alt=\".\" style=\"background-color: inherit\" class=\"hierarchy\"/><img src=\"icon_primitive.png\" alt=\".\" style=\"background-color: white; background-color: inherit\" title=\"Primitive Data Type\" class=\"hierarchy\"/> <a href=\"StructureDefinition-Vaccinazione-definitions.html#Vaccinazione.mancataSomministrazione.data\" title=\"Data e ora di registrazione esonero/ omissione o differimento \">data</a><a name=\"Vaccinazione.mancataSomministrazione.data\"> </a></td><td style=\"vertical-align: top; text-align : left; background-color: white; border: 0px #F0F0F0 solid; padding:0px 4px 0px 4px\" class=\"hierarchy\"/><td style=\"vertical-align: top; text-align : left; background-color: white; border: 0px #F0F0F0 solid; padding:0px 4px 0px 4px\" class=\"hierarchy\">1..1</td><td style=\"vertical-align: top; text-align : left; background-color: white; border: 0px #F0F0F0 solid; padding:0px 4px 0px 4px\" class=\"hierarchy\"><a href=\"http://hl7.org/fhir/R4/datatypes.html#dateTime\">dateTime</a></td><td style=\"vertical-align: top; text-align : left; background-color: white; border: 0px #F0F0F0 solid; padding:0px 4px 0px 4px\" class=\"hierarchy\">Data registrazione</td></tr>\r\n<tr style=\"border: 0px #F0F0F0 solid; padding:0px; vertical-align: top; background-color: #F7F7F7\"><td style=\"vertical-align: top; text-align : left; background-color: #F7F7F7; border: 0px #F0F0F0 solid; padding:0px 4px 0px 4px; white-space: nowrap; background-image: url(tbl_bck010.png)\" class=\"hierarchy\"><img src=\"tbl_spacer.png\" alt=\".\" style=\"background-color: inherit\" class=\"hierarchy\"/><img src=\"tbl_blank.png\" alt=\".\" style=\"background-color: inherit\" class=\"hierarchy\"/><img src=\"tbl_vjoin.png\" alt=\".\" style=\"background-color: inherit\" class=\"hierarchy\"/><img src=\"icon_datatype.gif\" alt=\".\" style=\"background-color: #F7F7F7; background-color: inherit\" title=\"Data Type\" class=\"hierarchy\"/> <a href=\"StructureDefinition-Vaccinazione-definitions.html#Vaccinazione.mancataSomministrazione.malattiaImmunita\" title=\"Malattia con presunta immunità\">malattiaImmunita</a><a name=\"Vaccinazione.mancataSomministrazione.malattiaImmunita\"> </a></td><td style=\"vertical-align: top; text-align : left; background-color: #F7F7F7; border: 0px #F0F0F0 solid; padding:0px 4px 0px 4px\" class=\"hierarchy\"/><td style=\"vertical-align: top; text-align : left; background-color: #F7F7F7; border: 0px #F0F0F0 solid; padding:0px 4px 0px 4px\" class=\"hierarchy\">0..1</td><td style=\"vertical-align: top; text-align : left; background-color: #F7F7F7; border: 0px #F0F0F0 solid; padding:0px 4px 0px 4px\" class=\"hierarchy\"><a href=\"http://hl7.org/fhir/R4/datatypes.html#CodeableConcept\">CodeableConcept</a></td><td style=\"vertical-align: top; text-align : left; background-color: #F7F7F7; border: 0px #F0F0F0 solid; padding:0px 4px 0px 4px\" class=\"hierarchy\">Malattia con presunta immunità</td></tr>\r\n<tr style=\"border: 0px #F0F0F0 solid; padding:0px; vertical-align: top; background-color: white\"><td style=\"vertical-align: top; text-align : left; background-color: white; border: 0px #F0F0F0 solid; padding:0px 4px 0px 4px; white-space: nowrap; background-image: url(tbl_bck000.png)\" class=\"hierarchy\"><img src=\"tbl_spacer.png\" alt=\".\" style=\"background-color: inherit\" class=\"hierarchy\"/><img src=\"tbl_blank.png\" alt=\".\" style=\"background-color: inherit\" class=\"hierarchy\"/><img src=\"tbl_vjoin_end.png\" alt=\".\" style=\"background-color: inherit\" class=\"hierarchy\"/><img src=\"icon_primitive.png\" alt=\".\" style=\"background-color: white; background-color: inherit\" title=\"Primitive Data Type\" class=\"hierarchy\"/> <a href=\"StructureDefinition-Vaccinazione-definitions.html#Vaccinazione.mancataSomministrazione.scadenzaMotivazione\" title=\"Data scadenza controindicazione temporanea\">scadenzaMotivazione</a><a name=\"Vaccinazione.mancataSomministrazione.scadenzaMotivazione\"> </a></td><td style=\"vertical-align: top; text-align : left; background-color: white; border: 0px #F0F0F0 solid; padding:0px 4px 0px 4px\" class=\"hierarchy\"/><td style=\"vertical-align: top; text-align : left; background-color: white; border: 0px #F0F0F0 solid; padding:0px 4px 0px 4px\" class=\"hierarchy\">0..1</td><td style=\"vertical-align: top; text-align : left; background-color: white; border: 0px #F0F0F0 solid; padding:0px 4px 0px 4px\" class=\"hierarchy\"><a href=\"http://hl7.org/fhir/R4/datatypes.html#dateTime\">dateTime</a></td><td style=\"vertical-align: top; text-align : left; background-color: white; border: 0px #F0F0F0 solid; padding:0px 4px 0px 4px\" class=\"hierarchy\">Data scadenza controindicazione temporanea</td></tr>\r\n<tr><td colspan=\"5\" class=\"hierarchy\"><br/><a href=\"http://hl7.org/fhir/R4/formats.html#table\" title=\"Legend for this format\"><img src=\"http://hl7.org/fhir/R4/help16.png\" alt=\"doco\" style=\"background-color: inherit\"/> Documentation for this format</a></td></tr></table></div>"},"url":"http://hl7.it/fhir/dgc/StructureDefinition/Vaccinazione","version":"0.1.1","name":"Vaccinazione","title":"Vaccinazione","status":"draft","experimental":true,"date":"2021-05-01T17:30:35+00:00","publisher":"HL7 Italia","contact":[{"telecom":[{"system":"url","value":"http://hl7.it"}]}],"description":"Dati Vaccinazione","jurisdiction":[{"coding":[{"system":"urn:iso:std:iso:3166","code":"IT"}]}],"fhirVersion":"4.0.1","mapping":[{"identity":"fhir","uri":"hl7.org/fhir/r4","name":"FHIR"},{"identity":"rim","uri":"http://hl7.org/v3","name":"RIM Mapping"}],"kind":"logical","abstract":false,"type":"Vaccinazione","baseDefinition":"http://hl7.org/fhir/StructureDefinition/Element","derivation":"specialization","snapshot":{"element":[{"id":"Vaccinazione","path":"Vaccinazione","short":"Vaccinazione","definition":"Dati Vaccinazione","min":1,"max":"1","base":{"path":"Element","min":0,"max":"*"},"condition":["ele-1"],"constraint":[{"key":"ele-1","severity":"error","human":"All FHIR elements must have a @value or children","expression":"hasValue() or (children().count() > id.count())","xpath":"@value|f:*|h:div","source":"http://hl7.org/fhir/StructureDefinition/Element"}],"isModifier":false,"mapping":[{"identity":"rim","map":"n/a"}]},{"id":"Vaccinazione.id","path":"Vaccinazione.id","representation":["xmlAttr"],"short":"Unique id for inter-element referencing","definition":"Unique id for the element within a resource (for internal references). This may be any string value that does not contain spaces.","min":0,"max":"1","base":{"path":"Element.id","min":0,"max":"1"},"type":[{"extension":[{"url":"http://hl7.org/fhir/StructureDefinition/structuredefinition-fhir-type","valueUrl":"string"}],"code":"http://hl7.org/fhirpath/System.String"}],"isModifier":false,"isSummary":false,"mapping":[{"identity":"rim","map":"n/a"}]},{"id":"Vaccinazione.extension","path":"Vaccinazione.extension","slicing":{"discriminator":[{"type":"value","path":"url"}],"description":"Extensions are always sliced by (at least) url","rules":"open"},"short":"Additional content defined by implementations","definition":"May be used to represent additional information that is not part of the basic definition of the element. To make the use of extensions safe and manageable, there is a strict set of governance  applied to the definition and use of extensions. Though any implementer can define an extension, there is a set of requirements that SHALL be met as part of the definition of the extension.","comment":"There can be no stigma associated with the use of extensions by any application, project, or standard - regardless of the institution or jurisdiction that uses or defines the extensions.  The use of extensions is what allows the FHIR specification to retain a core level of simplicity for everyone.","alias":["extensions","user content"],"min":0,"max":"*","base":{"path":"Element.extension","min":0,"max":"*"},"type":[{"code":"Extension"}],"constraint":[{"key":"ele-1","severity":"error","human":"All FHIR elements must have a @value or children","expression":"hasValue() or (children().count() > id.count())","xpath":"@value|f:*|h:div","source":"http://hl7.org/fhir/StructureDefinition/Element"},{"key":"ext-1","severity":"error","human":"Must have either extensions or value[x], not both","expression":"extension.exists() != value.exists()","xpath":"exists(f:extension)!=exists(f:*[starts-with(local-name(.), \"value\")])","source":"http://hl7.org/fhir/StructureDefinition/Extension"}],"isModifier":false,"isSummary":false,"mapping":[{"identity":"rim","map":"n/a"}]},{"id":"Vaccinazione.malattiaTarget","path":"Vaccinazione.malattiaTarget","short":"Malattia per la quale è stata programmata la vaccinazione","definition":"Malattia per la quale è stata programmata la vaccinazione","min":0,"max":"*","base":{"path":"Vaccinazione.malattiaTarget","min":0,"max":"*"},"type":[{"code":"CodeableConcept"}],"mapping":[{"identity":"fhir","map":"Immunization.protocolApplied.targetDisease","comment":"note"}]},{"id":"Vaccinazione.somministrazione","path":"Vaccinazione.somministrazione","short":"Dati Somministrazione","definition":"Dati relativi alla somministrazione del vaccino","min":0,"max":"1","base":{"path":"Vaccinazione.somministrazione","min":0,"max":"1"},"type":[{"code":"BackboneElement"}],"mapping":[{"identity":"fhir","map":"Immunization.where(status='completed')"}]},{"id":"Vaccinazione.somministrazione.vaccino","path":"Vaccinazione.somministrazione.vaccino","short":"Vaccino somminstrato","definition":"Dati reativi al prodotto somministrato","min":0,"max":"1","base":{"path":"Vaccinazione.somministrazione.vaccino","min":0,"max":"1"},"type":[{"code":"BackboneElement"}]},{"id":"Vaccinazione.somministrazione.vaccino.tipo","path":"Vaccinazione.somministrazione.vaccino.tipo","short":"Tipo Vaccino / Profilassi","definition":"Mono-componente o combinazione (bambini-adulti) somministrata, ad es. HBV,DTaP-HBV-IPV-HIB","min":1,"max":"1","base":{"path":"Vaccinazione.somministrazione.vaccino.tipo","min":1,"max":"1"},"type":[{"code":"CodeableConcept"}],"mapping":[{"identity":"fhir","map":"Immunization.vaccineCode"}]},{"id":"Vaccinazione.somministrazione.vaccino.codiceAIC","path":"Vaccinazione.somministrazione.vaccino.codiceAIC","short":"Codice AIC","definition":"Codice AIC del Vaccino Somministrato","min":1,"max":"1","base":{"path":"Vaccinazione.somministrazione.vaccino.codiceAIC","min":1,"max":"1"},"type":[{"code":"CodeableConcept"}],"mapping":[{"identity":"fhir","map":"Immunization.vaccineCode"}]},{"id":"Vaccinazione.somministrazione.vaccino.codiceATC","path":"Vaccinazione.somministrazione.vaccino.codiceATC","short":"Codice ATC","definition":"Codice ATC del Vaccino Somministrato","min":0,"max":"1","base":{"path":"Vaccinazione.somministrazione.vaccino.codiceATC","min":0,"max":"1"},"type":[{"code":"CodeableConcept"}],"mapping":[{"identity":"fhir","map":"Immunization.vaccineCode"}]},{"id":"Vaccinazione.somministrazione.vaccino.nomeCommerciale","path":"Vaccinazione.somministrazione.vaccino.nomeCommerciale","short":"Nome commerciale","definition":"Nome commerciale Vaccino","min":0,"max":"1","base":{"path":"Vaccinazione.somministrazione.vaccino.nomeCommerciale","min":0,"max":"1"},"type":[{"code":"string"}],"mapping":[{"identity":"fhir","map":"Immunization.lotNumber"}]},{"id":"Vaccinazione.somministrazione.vaccino.lotto","path":"Vaccinazione.somministrazione.vaccino.lotto","short":"Numero del lotto","definition":"Numero del lotto","min":0,"max":"1","base":{"path":"Vaccinazione.somministrazione.vaccino.lotto","min":0,"max":"1"},"type":[{"code":"string"}],"mapping":[{"identity":"fhir","map":"Immunization.expirationDate"}]},{"id":"Vaccinazione.somministrazione.vaccino.dataScadenza","path":"Vaccinazione.somministrazione.vaccino.dataScadenza","short":"Data scadenza del vaccino","definition":"Data scadenza del vaccino","min":0,"max":"1","base":{"path":"Vaccinazione.somministrazione.vaccino.dataScadenza","min":0,"max":"1"},"type":[{"code":"dateTime"}],"mapping":[{"identity":"fhir","map":"Immunization.occurrenceDateTime"}]},{"id":"Vaccinazione.somministrazione.data","path":"Vaccinazione.somministrazione.data","short":"Data e ora di somministrazione ","definition":"Data e ora di somministrazione ","min":0,"max":"1","base":{"path":"Vaccinazione.somministrazione.data","min":0,"max":"1"},"type":[{"code":"dateTime"}],"mapping":[{"identity":"fhir","map":"Immunization.site"}]},{"id":"Vaccinazione.somministrazione.sedeAnatomica","path":"Vaccinazione.somministrazione.sedeAnatomica","short":"Sede anatomica di somministrazione ","definition":"Sede anatomica di somministrazione ","min":0,"max":"1","base":{"path":"Vaccinazione.somministrazione.sedeAnatomica","min":0,"max":"1"},"type":[{"code":"CodeableConcept"}],"mapping":[{"identity":"fhir","map":"Immunization.route"}]},{"id":"Vaccinazione.somministrazione.viaSomministrazione","path":"Vaccinazione.somministrazione.viaSomministrazione","short":"Via di somministrazione ","definition":"Via di somministrazione ","min":0,"max":"1","base":{"path":"Vaccinazione.somministrazione.viaSomministrazione","min":0,"max":"1"},"type":[{"code":"CodeableConcept"}],"mapping":[{"identity":"fhir","map":"Immunization.reasonCode"}]},{"id":"Vaccinazione.somministrazione.indicazioni","path":"Vaccinazione.somministrazione.indicazioni","short":"Indicazioni per la vaccinazione","definition":"Indicazioni per la vaccinazione","min":0,"max":"1","base":{"path":"Vaccinazione.somministrazione.indicazioni","min":0,"max":"1"},"type":[{"code":"BackboneElement"}],"mapping":[{"identity":"fhir","map":"Immunization.reasonCode"}]},{"id":"Vaccinazione.somministrazione.indicazioni.categoriaRischio","path":"Vaccinazione.somministrazione.indicazioni.categoriaRischio","short":"Categoria a rischio ","definition":"Categoria per cui è raccomandata la vaccinazione","min":0,"max":"*","base":{"path":"Vaccinazione.somministrazione.indicazioni.categoriaRischio","min":0,"max":"*"},"type":[{"code":"CodeableConcept"}],"mapping":[{"identity":"fhir","map":"Immunization.reasonCode"}]},{"id":"Vaccinazione.somministrazione.indicazioni.patologia","path":"Vaccinazione.somministrazione.indicazioni.patologia","short":"Condizioni sanitarie a rischio","definition":"Patologia per cui è raccomandata la vaccinazione","min":0,"max":"*","base":{"path":"Vaccinazione.somministrazione.indicazioni.patologia","min":0,"max":"*"},"type":[{"code":"CodeableConcept"}],"mapping":[{"identity":"fhir","map":"Immunization.reaction"}]},{"id":"Vaccinazione.somministrazione.reazioniAvverse","path":"Vaccinazione.somministrazione.reazioniAvverse","short":"Reazioni avverse","definition":"Presente solo nel caso di Certificato Vaccinale","min":0,"max":"*","base":{"path":"Vaccinazione.somministrazione.reazioniAvverse","min":0,"max":"*"},"type":[{"code":"BackboneElement"}],"mapping":[{"identity":"fhir","map":"ImmunizationRecommendation.dateCriterion.value"}]},{"id":"Vaccinazione.somministrazione.periodoCopertura","path":"Vaccinazione.somministrazione.periodoCopertura","short":"Periodo di copertura","definition":"Periodo di copertura","min":0,"max":"1","base":{"path":"Vaccinazione.somministrazione.periodoCopertura","min":0,"max":"1"},"type":[{"code":"BackboneElement"}],"mapping":[{"identity":"fhir","map":"ImmunizationRecommendation.dateCriterion.value"}]},{"id":"Vaccinazione.somministrazione.dataProssimaDose","path":"Vaccinazione.somministrazione.dataProssimaDose","short":"Data prossima vaccinazione","definition":"Data e ora programmata per la prossima  vaccinazione","min":0,"max":"1","base":{"path":"Vaccinazione.somministrazione.dataProssimaDose","min":0,"max":"1"},"type":[{"code":"dateTime"}],"mapping":[{"identity":"fhir","map":"Immunization.performer"}]},{"id":"Vaccinazione.somministrazione.responsabile","path":"Vaccinazione.somministrazione.responsabile","short":"Organizzazione responsabile della vaccinazione","definition":"Organizzazione responsabile  della vaccinazione inserendo nome oppure identificativo  (Sanitaria o Ospedaliera) ","min":0,"max":"1","base":{"path":"Vaccinazione.somministrazione.responsabile","min":0,"max":"1"},"type":[{"code":"http://hl7.it/fhir/dgc/StructureDefinition/Organizzazione"}],"mapping":[{"identity":"fhir","map":"Immunization.location"}]},{"id":"Vaccinazione.somministrazione.struttura","path":"Vaccinazione.somministrazione.struttura","short":"Struttura presso cui è stat effettuata la vaccinazione","definition":"Ambulatorio Vaccinale oppure Unità Operativa oppure Pronto Soccorso oppure Centro medicina dei viaggi oppure autorità portuale oppure Studio Medico MMG/PLS.\nStruttura presso cui è stato somministrato vaccino\nCodice regione + codice presidio + subcodice stabilimento","min":0,"max":"1","base":{"path":"Vaccinazione.somministrazione.struttura","min":0,"max":"1"},"type":[{"code":"BackboneElement"}]},{"id":"Vaccinazione.somministrazione.struttura.identificativo","path":"Vaccinazione.somministrazione.struttura.identificativo","short":"Identificativo","definition":"Identificativo della struttura","min":0,"max":"*","base":{"path":"Vaccinazione.somministrazione.struttura.identificativo","min":0,"max":"*"},"type":[{"code":"Identifier"}]},{"id":"Vaccinazione.somministrazione.struttura.nome","path":"Vaccinazione.somministrazione.struttura.nome","short":"Denominazione struttura","definition":"nome della struttura","min":0,"max":"1","base":{"path":"Vaccinazione.somministrazione.struttura.nome","min":0,"max":"1"},"type":[{"code":"string"}]},{"id":"Vaccinazione.somministrazione.struttura.responsabile","path":"Vaccinazione.somministrazione.struttura.responsabile","short":"Direttore/Responsabile struttura","definition":"Direttore/Responsabile struttura","min":0,"max":"1","base":{"path":"Vaccinazione.somministrazione.struttura.responsabile","min":0,"max":"1"},"type":[{"code":"string"}],"mapping":[{"identity":"fhir","map":"Location.address"}]},{"id":"Vaccinazione.somministrazione.struttura.indirizzo","path":"Vaccinazione.somministrazione.struttura.indirizzo","short":"Indirizzo struttura","definition":"Indirizzo struttura","min":0,"max":"1","base":{"path":"Vaccinazione.somministrazione.struttura.indirizzo","min":0,"max":"1"},"type":[{"code":"Address"}]},{"id":"Vaccinazione.somministrazione.struttura.email","path":"Vaccinazione.somministrazione.struttura.email","short":"Email Segreteria struttura","definition":"Email Segreteria struttura","min":0,"max":"*","base":{"path":"Vaccinazione.somministrazione.struttura.email","min":0,"max":"*"},"type":[{"code":"ContactPoint"}]},{"id":"Vaccinazione.somministrazione.struttura.telefono","path":"Vaccinazione.somministrazione.struttura.telefono","short":"Recapito Telefonico Segreteria struttura","definition":"Recapito Telefonico Segreteria struttura","min":0,"max":"*","base":{"path":"Vaccinazione.somministrazione.struttura.telefono","min":0,"max":"*"},"type":[{"code":"ContactPoint"}],"mapping":[{"identity":"fhir","map":"Immunization.performer"}]},{"id":"Vaccinazione.somministrazione.somministratore","path":"Vaccinazione.somministrazione.somministratore","short":"Persona  Responsabile della Vaccinazione","definition":"Persona  Responsabile della Vaccinazione","min":0,"max":"1","base":{"path":"Vaccinazione.somministrazione.somministratore","min":0,"max":"1"},"type":[{"code":"http://hl7.it/fhir/dgc/StructureDefinition/OperatoreSanitario"}],"mapping":[{"identity":"fhir","map":"Immunization.where(status='not-done')"}]},{"id":"Vaccinazione.mancataSomministrazione","path":"Vaccinazione.mancataSomministrazione","short":"Esonero, omissione o differimento","definition":"Esonero, omissione o differimento della somministrazione","min":0,"max":"1","base":{"path":"Vaccinazione.mancataSomministrazione","min":0,"max":"1"},"type":[{"code":"BackboneElement"}],"mapping":[{"identity":"fhir","map":"Immunization.statusReason"}]},{"id":"Vaccinazione.mancataSomministrazione.motivazione","path":"Vaccinazione.mancataSomministrazione.motivazione","short":"Motivazione esonero / differimento","definition":"Motivazione per esonero/omissione o differimento","min":1,"max":"1","base":{"path":"Vaccinazione.mancataSomministrazione.motivazione","min":1,"max":"1"},"type":[{"code":"CodeableConcept"}],"mapping":[{"identity":"fhir","map":"Immunization.recorded"}]},{"id":"Vaccinazione.mancataSomministrazione.data","path":"Vaccinazione.mancataSomministrazione.data","short":"Data registrazione","definition":"Data e ora di registrazione esonero/ omissione o differimento ","min":1,"max":"1","base":{"path":"Vaccinazione.mancataSomministrazione.data","min":1,"max":"1"},"type":[{"code":"dateTime"}],"mapping":[{"identity":"fhir","map":"ImmunizationRecommendation.where(forecastStatus='immune').forecastReason"}]},{"id":"Vaccinazione.mancataSomministrazione.malattiaImmunita","path":"Vaccinazione.mancataSomministrazione.malattiaImmunita","short":"Malattia con presunta immunità","definition":"Malattia con presunta immunità","min":0,"max":"1","base":{"path":"Vaccinazione.mancataSomministrazione.malattiaImmunita","min":0,"max":"1"},"type":[{"code":"CodeableConcept"}],"mapping":[{"identity":"fhir","map":"ImmunizationRecommendation.dateCriterion.value"}]},{"id":"Vaccinazione.mancataSomministrazione.scadenzaMotivazione","path":"Vaccinazione.mancataSomministrazione.scadenzaMotivazione","short":"Data scadenza controindicazione temporanea","definition":"Data scadenza controindicazione temporanea","min":0,"max":"1","base":{"path":"Vaccinazione.mancataSomministrazione.scadenzaMotivazione","min":0,"max":"1"},"type":[{"code":"dateTime"}]}]},"differential":{"element":[{"id":"Vaccinazione","path":"Vaccinazione","short":"Vaccinazione","definition":"Dati Vaccinazione","min":1,"max":"1"},{"id":"Vaccinazione.malattiaTarget","path":"Vaccinazione.malattiaTarget","short":"Malattia per la quale è stata programmata la vaccinazione","definition":"Malattia per la quale è stata programmata la vaccinazione","min":0,"max":"*","type":[{"code":"CodeableConcept"}],"mapping":[{"identity":"fhir","map":"Immunization.protocolApplied.targetDisease","comment":"note"}]},{"id":"Vaccinazione.somministrazione","path":"Vaccinazione.somministrazione","short":"Dati Somministrazione","definition":"Dati relativi alla somministrazione del vaccino","min":0,"max":"1","type":[{"code":"BackboneElement"}],"mapping":[{"identity":"fhir","map":"Immunization.where(status='completed')"}]},{"id":"Vaccinazione.somministrazione.vaccino","path":"Vaccinazione.somministrazione.vaccino","short":"Vaccino somminstrato","definition":"Dati reativi al prodotto somministrato","min":0,"max":"1","type":[{"code":"BackboneElement"}]},{"id":"Vaccinazione.somministrazione.vaccino.tipo","path":"Vaccinazione.somministrazione.vaccino.tipo","short":"Tipo Vaccino / Profilassi","definition":"Mono-componente o combinazione (bambini-adulti) somministrata, ad es. HBV,DTaP-HBV-IPV-HIB","min":1,"max":"1","type":[{"code":"CodeableConcept"}],"mapping":[{"identity":"fhir","map":"Immunization.vaccineCode"}]},{"id":"Vaccinazione.somministrazione.vaccino.codiceAIC","path":"Vaccinazione.somministrazione.vaccino.codiceAIC","short":"Codice AIC","definition":"Codice AIC del Vaccino Somministrato","min":1,"max":"1","type":[{"code":"CodeableConcept"}],"mapping":[{"identity":"fhir","map":"Immunization.vaccineCode"}]},{"id":"Vaccinazione.somministrazione.vaccino.codiceATC","path":"Vaccinazione.somministrazione.vaccino.codiceATC","short":"Codice ATC","definition":"Codice ATC del Vaccino Somministrato","min":0,"max":"1","type":[{"code":"CodeableConcept"}],"mapping":[{"identity":"fhir","map":"Immunization.vaccineCode"}]},{"id":"Vaccinazione.somministrazione.vaccino.nomeCommerciale","path":"Vaccinazione.somministrazione.vaccino.nomeCommerciale","short":"Nome commerciale","definition":"Nome commerciale Vaccino","min":0,"max":"1","type":[{"code":"string"}],"mapping":[{"identity":"fhir","map":"Immunization.lotNumber"}]},{"id":"Vaccinazione.somministrazione.vaccino.lotto","path":"Vaccinazione.somministrazione.vaccino.lotto","short":"Numero del lotto","definition":"Numero del lotto","min":0,"max":"1","type":[{"code":"string"}],"mapping":[{"identity":"fhir","map":"Immunization.expirationDate"}]},{"id":"Vaccinazione.somministrazione.vaccino.dataScadenza","path":"Vaccinazione.somministrazione.vaccino.dataScadenza","short":"Data scadenza del vaccino","definition":"Data scadenza del vaccino","min":0,"max":"1","type":[{"code":"dateTime"}],"mapping":[{"identity":"fhir","map":"Immunization.occurrenceDateTime"}]},{"id":"Vaccinazione.somministrazione.data","path":"Vaccinazione.somministrazione.data","short":"Data e ora di somministrazione ","definition":"Data e ora di somministrazione ","min":0,"max":"1","type":[{"code":"dateTime"}],"mapping":[{"identity":"fhir","map":"Immunization.site"}]},{"id":"Vaccinazione.somministrazione.sedeAnatomica","path":"Vaccinazione.somministrazione.sedeAnatomica","short":"Sede anatomica di somministrazione ","definition":"Sede anatomica di somministrazione ","min":0,"max":"1","type":[{"code":"CodeableConcept"}],"mapping":[{"identity":"fhir","map":"Immunization.route"}]},{"id":"Vaccinazione.somministrazione.viaSomministrazione","path":"Vaccinazione.somministrazione.viaSomministrazione","short":"Via di somministrazione ","definition":"Via di somministrazione ","min":0,"max":"1","type":[{"code":"CodeableConcept"}],"mapping":[{"identity":"fhir","map":"Immunization.reasonCode"}]},{"id":"Vaccinazione.somministrazione.indicazioni","path":"Vaccinazione.somministrazione.indicazioni","short":"Indicazioni per la vaccinazione","definition":"Indicazioni per la vaccinazione","min":0,"max":"1","type":[{"code":"BackboneElement"}],"mapping":[{"identity":"fhir","map":"Immunization.reasonCode"}]},{"id":"Vaccinazione.somministrazione.indicazioni.categoriaRischio","path":"Vaccinazione.somministrazione.indicazioni.categoriaRischio","short":"Categoria a rischio ","definition":"Categoria per cui è raccomandata la vaccinazione","min":0,"max":"*","type":[{"code":"CodeableConcept"}],"mapping":[{"identity":"fhir","map":"Immunization.reasonCode"}]},{"id":"Vaccinazione.somministrazione.indicazioni.patologia","path":"Vaccinazione.somministrazione.indicazioni.patologia","short":"Condizioni sanitarie a rischio","definition":"Patologia per cui è raccomandata la vaccinazione","min":0,"max":"*","type":[{"code":"CodeableConcept"}],"mapping":[{"identity":"fhir","map":"Immunization.reaction"}]},{"id":"Vaccinazione.somministrazione.reazioniAvverse","path":"Vaccinazione.somministrazione.reazioniAvverse","short":"Reazioni avverse","definition":"Presente solo nel caso di Certificato Vaccinale","min":0,"max":"*","type":[{"code":"BackboneElement"}],"mapping":[{"identity":"fhir","map":"ImmunizationRecommendation.dateCriterion.value"}]},{"id":"Vaccinazione.somministrazione.periodoCopertura","path":"Vaccinazione.somministrazione.periodoCopertura","short":"Periodo di copertura","definition":"Periodo di copertura","min":0,"max":"1","type":[{"code":"BackboneElement"}],"mapping":[{"identity":"fhir","map":"ImmunizationRecommendation.dateCriterion.value"}]},{"id":"Vaccinazione.somministrazione.dataProssimaDose","path":"Vaccinazione.somministrazione.dataProssimaDose","short":"Data prossima vaccinazione","definition":"Data e ora programmata per la prossima  vaccinazione","min":0,"max":"1","type":[{"code":"dateTime"}],"mapping":[{"identity":"fhir","map":"Immunization.performer"}]},{"id":"Vaccinazione.somministrazione.responsabile","path":"Vaccinazione.somministrazione.responsabile","short":"Organizzazione responsabile della vaccinazione","definition":"Organizzazione responsabile  della vaccinazione inserendo nome oppure identificativo  (Sanitaria o Ospedaliera) ","min":0,"max":"1","type":[{"code":"http://hl7.it/fhir/dgc/StructureDefinition/Organizzazione"}],"mapping":[{"identity":"fhir","map":"Immunization.location"}]},{"id":"Vaccinazione.somministrazione.struttura","path":"Vaccinazione.somministrazione.struttura","short":"Struttura presso cui è stat effettuata la vaccinazione","definition":"Ambulatorio Vaccinale oppure Unità Operativa oppure Pronto Soccorso oppure Centro medicina dei viaggi oppure autorità portuale oppure Studio Medico MMG/PLS.\nStruttura presso cui è stato somministrato vaccino\nCodice regione + codice presidio + subcodice stabilimento","min":0,"max":"1","type":[{"code":"BackboneElement"}]},{"id":"Vaccinazione.somministrazione.struttura.identificativo","path":"Vaccinazione.somministrazione.struttura.identificativo","short":"Identificativo","definition":"Identificativo della struttura","min":0,"max":"*","type":[{"code":"Identifier"}]},{"id":"Vaccinazione.somministrazione.struttura.nome","path":"Vaccinazione.somministrazione.struttura.nome","short":"Denominazione struttura","definition":"nome della struttura","min":0,"max":"1","type":[{"code":"string"}]},{"id":"Vaccinazione.somministrazione.struttura.responsabile","path":"Vaccinazione.somministrazione.struttura.responsabile","short":"Direttore/Responsabile struttura","definition":"Direttore/Responsabile struttura","min":0,"max":"1","type":[{"code":"string"}],"mapping":[{"identity":"fhir","map":"Location.address"}]},{"id":"Vaccinazione.somministrazione.struttura.indirizzo","path":"Vaccinazione.somministrazione.struttura.indirizzo","short":"Indirizzo struttura","definition":"Indirizzo struttura","min":0,"max":"1","type":[{"code":"Address"}]},{"id":"Vaccinazione.somministrazione.struttura.email","path":"Vaccinazione.somministrazione.struttura.email","short":"Email Segreteria struttura","definition":"Email Segreteria struttura","min":0,"max":"*","type":[{"code":"ContactPoint"}]},{"id":"Vaccinazione.somministrazione.struttura.telefono","path":"Vaccinazione.somministrazione.struttura.telefono","short":"Recapito Telefonico Segreteria struttura","definition":"Recapito Telefonico Segreteria struttura","min":0,"max":"*","type":[{"code":"ContactPoint"}],"mapping":[{"identity":"fhir","map":"Immunization.performer"}]},{"id":"Vaccinazione.somministrazione.somministratore","path":"Vaccinazione.somministrazione.somministratore","short":"Persona  Responsabile della Vaccinazione","definition":"Persona  Responsabile della Vaccinazione","min":0,"max":"1","type":[{"code":"http://hl7.it/fhir/dgc/StructureDefinition/OperatoreSanitario"}],"mapping":[{"identity":"fhir","map":"Immunization.where(status='not-done')"}]},{"id":"Vaccinazione.mancataSomministrazione","path":"Vaccinazione.mancataSomministrazione","short":"Esonero, omissione o differimento","definition":"Esonero, omissione o differimento della somministrazione","min":0,"max":"1","type":[{"code":"BackboneElement"}],"mapping":[{"identity":"fhir","map":"Immunization.statusReason"}]},{"id":"Vaccinazione.mancataSomministrazione.motivazione","path":"Vaccinazione.mancataSomministrazione.motivazione","short":"Motivazione esonero / differimento","definition":"Motivazione per esonero/omissione o differimento","min":1,"max":"1","type":[{"code":"CodeableConcept"}],"mapping":[{"identity":"fhir","map":"Immunization.recorded"}]},{"id":"Vaccinazione.mancataSomministrazione.data","path":"Vaccinazione.mancataSomministrazione.data","short":"Data registrazione","definition":"Data e ora di registrazione esonero/ omissione o differimento ","min":1,"max":"1","type":[{"code":"dateTime"}],"mapping":[{"identity":"fhir","map":"ImmunizationRecommendation.where(forecastStatus='immune').forecastReason"}]},{"id":"Vaccinazione.mancataSomministrazione.malattiaImmunita","path":"Vaccinazione.mancataSomministrazione.malattiaImmunita","short":"Malattia con presunta immunità","definition":"Malattia con presunta immunità","min":0,"max":"1","type":[{"code":"CodeableConcept"}],"mapping":[{"identity":"fhir","map":"ImmunizationRecommendation.dateCriterion.value"}]},{"id":"Vaccinazione.mancataSomministrazione.scadenzaMotivazione","path":"Vaccinazione.mancataSomministrazione.scadenzaMotivazione","short":"Data scadenza controindicazione temporanea","definition":"Data scadenza controindicazione temporanea","min":0,"max":"1","type":[{"code":"dateTime"}]}]}}