{"resourceType":"ValueSet","id":"vaccines-covid-19","text":{"status":"generated","div":"<div xmlns=\"http://www.w3.org/1999/xhtml\"><p>This value set includes codes based on the following rules:</p><ul><li>Include these codes as defined in <a href=\"http://www.snomed.org/\"><code>http://snomed.info/sct</code></a><table class=\"none\"><tr><td style=\"white-space:nowrap\"><b>Code</b></td><td><b>Display</b></td></tr><tr><td><a href=\"http://browser.ihtsdotools.org/?perspective=full&amp;conceptId1=1119349007\">1119349007</a></td><td>SARS-CoV-2 mRNA vaccine</td></tr><tr><td><a href=\"http://browser.ihtsdotools.org/?perspective=full&amp;conceptId1=1119305005\">1119305005</a></td><td>SARS-CoV-2 antigen vaccine</td></tr></table></li><li>Include these codes as defined in <a href=\"http://www.whocc.no/atc\"><code>http://www.whocc.no/atc</code></a><table class=\"none\"><tr><td style=\"white-space:nowrap\"><b>Code</b></td><td><b>Display</b></td></tr><tr><td>J07BX03</td><td>covid-19 vaccines</td></tr></table></li></ul></div>"},"url":"http://hl7.it/fhir/dgc/ValueSet/vaccines-covid-19","version":"0.1.1","name":"Covid19Vaccines","title":"Vaccine List (COVID-19)","status":"draft","date":"2021-05-02T19:49:34+00:00","publisher":"HL7 Italia","contact":[{"telecom":[{"system":"url","value":"http://hl7.it"}]}],"description":"Vaccine List (COVID-19)","jurisdiction":[{"coding":[{"system":"urn:iso:std:iso:3166","code":"IT"}]}],"compose":{"include":[{"system":"http://snomed.info/sct","concept":[{"code":"1119349007","display":"SARS-CoV-2 mRNA vaccine"},{"code":"1119305005","display":"SARS-CoV-2 antigen vaccine"}]},{"system":"http://www.whocc.no/atc","concept":[{"code":"J07BX03","display":"covid-19 vaccines"}]}]}}