{"resourceType":"ValueSet","id":"sct-vaccines-covid-19","text":{"status":"generated","div":"<div xmlns=\"http://www.w3.org/1999/xhtml\"><ul><li>Include these codes as defined in <a href=\"http://www.snomed.org/\"><code>http://snomed.info/sct</code></a><table class=\"none\"><tr><td style=\"white-space:nowrap\"><b>Code</b></td><td><b>Display</b></td></tr><tr><td><a href=\"http://browser.ihtsdotools.org/?perspective=full&amp;conceptId1=1119349007\">1119349007</a></td><td>SARS-CoV-2 mRNA vaccine</td></tr><tr><td><a href=\"http://browser.ihtsdotools.org/?perspective=full&amp;conceptId1=1119305005\">1119305005</a></td><td>SARS-CoV-2 antigen vaccine</td></tr></table></li></ul></div>"},"url":"http://hl7.it/fhir/dgc/ValueSet/sct-vaccines-covid-19","version":"0.1.1","name":"SctCovid19Vaccines","title":"SNOMED CT Vaccine List (COVID-19)","status":"draft","date":"2021-05-01T17:30:35+00:00","publisher":"HL7 Italia","contact":[{"telecom":[{"system":"url","value":"http://hl7.it"}]}],"description":"Vaccine List (COVID-19) from [SNOMED CT]","jurisdiction":[{"coding":[{"system":"urn:iso:std:iso:3166","code":"IT"}]}],"compose":{"include":[{"system":"http://snomed.info/sct","concept":[{"code":"1119349007","display":"SARS-CoV-2 mRNA vaccine"},{"code":"1119305005","display":"SARS-CoV-2 antigen vaccine"}]}]}}