{"resourceType":"ValueSet","id":"covid-19-lab-methods","text":{"status":"generated","div":"<div xmlns=\"http://www.w3.org/1999/xhtml\"><ul><li>Include these codes as defined in <a href=\"http://loinc.org\"><code>http://loinc.org</code></a><table class=\"none\"><tr><td style=\"white-space:nowrap\"><b>Code</b></td><td><b>Display</b></td></tr><tr><td><a href=\"http://details.loinc.org/LOINC/LP6464-4.html\">LP6464-4</a></td><td>Nucleic acid amplification with probe detection</td></tr><tr><td><a href=\"http://details.loinc.org/LOINC/LP217198-3.html\">LP217198-3</a></td><td>Rapid immunoassay</td></tr></table></li></ul></div>"},"url":"http://hl7.it/fhir/dgc/ValueSet/covid-19-lab-methods","version":"0.1.1","name":"Covid19LabMethods","title":"COVID-19 Lab Methods","status":"draft","date":"2021-05-01T22:01:09+00:00","publisher":"HL7 Italia","contact":[{"telecom":[{"system":"url","value":"http://hl7.it"}]}],"description":"COVID-19 Laboratory Methods","jurisdiction":[{"coding":[{"system":"urn:iso:std:iso:3166","code":"IT"}]}],"compose":{"include":[{"system":"http://loinc.org","concept":[{"code":"LP6464-4","display":"Nucleic acid amplification with probe detection"},{"code":"LP217198-3","display":"Rapid immunoassay"}]}]}}