{
  "resourceType": "ConceptMap",
  "id": "Covid19VaccinesSnomedToICD11Map",
  "text": {
    "status": "extensions",
    "div": "<div xmlns=\"http://www.w3.org/1999/xhtml\"><h2>Covid19VaccinesSnomedToICD11Map (http://hl7.it/fhir/dgc/ConceptMap/Covid19VaccinesSnomedToICD11Map)</h2><p>Mapping from <a href=\"http://terminology.hl7.org/2.1.0/CodeSystem-v3-snomed-CT.html\">http://snomed.info/sct</a> to http://id.who.int/icd11/mms</p><p>DRAFT. Published on May 2, 2021, 4:08:48 PM by HL7 Italia (<a href=\"http://hl7.it\">http://hl7.it</a>). </p><div><p>COVID-19 Vaccines SNOMED CT To ICD11 Map</p>\n</div><br/><table class=\"grid\"><tr><td><b>Source Code</b></td><td><b>Relationship</b></td><td><b>Destination Code</b></td></tr><tr><td>1119349007</td><td><a href=\"http://hl7.org/fhir/R4/codesystem-concept-map-equivalence.html#equivalent\">is equivalent to</a></td><td>hejsan</td></tr></table><table class=\"grid\"><tr><td><b>Source Code</b></td><td><b>Relationship</b></td><td><b>Destination Code</b></td></tr><tr><td>1119305005</td><td><a href=\"http://hl7.org/fhir/R4/codesystem-concept-map-equivalence.html#equivalent\">is equivalent to</a></td><td>hoppsan</td></tr></table></div>"
  },
  "url": "http://hl7.it/fhir/dgc/ConceptMap/Covid19VaccinesSnomedToICD11Map",
  "version": "0.1.1",
  "name": "Covid19VaccinesSnomedToICD11Map",
  "title": "COVID-19 Vaccines SNOMED CT To ICD11 Map",
  "status": "draft",
  "date": "2021-05-02T16:08:48+00:00",
  "publisher": "HL7 Italia",
  "contact": [
    {
      "telecom": [
        {
          "system": "url",
          "value": "http://hl7.it"
        }
      ]
    }
  ],
  "description": "COVID-19 Vaccines SNOMED CT To ICD11 Map",
  "jurisdiction": [
    {
      "coding": [
        {
          "system": "urn:iso:std:iso:3166",
          "code": "IT"
        }
      ]
    }
  ],
  "sourceUri": "http://snomed.info/sct",
  "targetUri": "http://id.who.int/icd11/mms",
  "group": [
    {
      "element": [
        {
          "code": "1119349007",
          "target": [
            {
              "code": "hejsan",
              "equivalence": "equivalent"
            }
          ]
        }
      ]
    },
    {
      "element": [
        {
          "code": "1119305005",
          "target": [
            {
              "code": "hoppsan",
              "equivalence": "equivalent"
            }
          ]
        }
      ]
    }
  ]
}