{
  "resourceType": "ValueSet",
  "id": "vaccines-covid-19-names",
  "text": {
    "status": "generated",
    "div": "<div xmlns=\"http://www.w3.org/1999/xhtml\"><p>This value set includes codes based on the following rules:</p><ul><li>Include these codes as defined in <code>https://ec.europa.eu/health/documents/community-register/html/</code><table class=\"none\"><tr><td style=\"white-space:nowrap\"><b>Code</b></td><td><b>Display</b></td></tr><tr><td>EU/1/20/1528</td><td>Comirnaty</td></tr><tr><td>EU/1/20/1507</td><td>COVID-19 Vaccine Moderna</td></tr><tr><td>EU/1/21/1529</td><td>Vaxzevria</td></tr><tr><td>EU/1/20/1525</td><td>COVID-19 Vaccine Janssen</td></tr></table></li><li>Include these codes as defined in <code>http://tempvaccine.eu</code><table class=\"none\"><tr><td style=\"white-space:nowrap\"><b>Code</b></td><td><b>Display</b></td></tr><tr><td>sputnik-v</td><td>Sputnik V</td></tr><tr><td>CVnCoV</td><td>CVnCoV</td></tr><tr><td>Convidecia</td><td>Convidecia</td></tr><tr><td>EpiVacCorona</td><td>EpiVacCorona</td></tr><tr><td>BBIBP-CorV</td><td>BBIBP-CorV</td></tr><tr><td>CoronaVac</td><td>CoronaVac</td></tr></table></li></ul></div>"
  },
  "url": "http://hl7.it/fhir/dgc/ValueSet/vaccines-covid-19-names",
  "version": "0.1.1",
  "name": "Covid19VaccineNames",
  "title": "Vaccine Name List (COVID-19)",
  "status": "draft",
  "date": "2021-05-01T17:30:35+00:00",
  "publisher": "HL7 Italia",
  "contact": [
    {
      "telecom": [
        {
          "system": "url",
          "value": "http://hl7.it"
        }
      ]
    }
  ],
  "description": "Vaccine Name List (COVID-19)",
  "jurisdiction": [
    {
      "coding": [
        {
          "system": "urn:iso:std:iso:3166",
          "code": "IT"
        }
      ]
    }
  ],
  "compose": {
    "include": [
      {
        "system": "https://ec.europa.eu/health/documents/community-register/html/",
        "concept": [
          {
            "code": "EU/1/20/1528",
            "display": "Comirnaty"
          },
          {
            "code": "EU/1/20/1507",
            "display": "COVID-19 Vaccine Moderna"
          },
          {
            "code": "EU/1/21/1529",
            "display": "Vaxzevria"
          },
          {
            "code": "EU/1/20/1525",
            "display": "COVID-19 Vaccine Janssen"
          }
        ]
      },
      {
        "system": "http://tempvaccine.eu",
        "concept": [
          {
            "code": "sputnik-v",
            "display": "Sputnik V"
          },
          {
            "code": "CVnCoV",
            "display": "CVnCoV"
          },
          {
            "code": "Convidecia",
            "display": "Convidecia"
          },
          {
            "code": "EpiVacCorona",
            "display": "EpiVacCorona"
          },
          {
            "code": "BBIBP-CorV",
            "display": "BBIBP-CorV"
          },
          {
            "code": "CoronaVac",
            "display": "CoronaVac"
          }
        ]
      }
    ]
  }
}