{
  "resourceType": "ValueSet",
  "id": "icd11-vaccines-covid-19",
  "text": {
    "status": "generated",
    "div": "<div xmlns=\"http://www.w3.org/1999/xhtml\"><ul><li>Include these codes as defined in <code>http://id.who.int/icd11/mms</code><table class=\"none\"><tr><td style=\"white-space:nowrap\"><b>Code</b></td><td><b>Display</b></td></tr><tr><td>XM1NL1</td><td>COVID-19 vaccine, inactivated virus</td></tr><tr><td>XM5DF6</td><td>COVID-19 vaccine, live attenuated virus</td></tr><tr><td>XM6AT1</td><td>COVID-19 vaccine, DNA based</td></tr><tr><td>XM9QW8</td><td>COVID-19 vaccine, non-replicating viral vector</td></tr><tr><td>XM0CX4</td><td>COVID-19 vaccine, replicating viral vector</td></tr><tr><td>XM5JC5</td><td>COVID-19 vaccine, virus protein subunit</td></tr><tr><td>XM1J92</td><td>COVID-19 vaccine, virus like particle (VLP)</td></tr></table></li></ul></div>"
  },
  "url": "http://hl7.it/fhir/dgc/ValueSet/icd11-vaccines-covid-19",
  "version": "0.1.1",
  "name": "Icd11Covid19Vaccines",
  "title": "ICD11 Vaccine List (COVID-19)",
  "status": "draft",
  "date": "2021-05-02T19:49:34+00:00",
  "publisher": "HL7 Italia",
  "contact": [
    {
      "telecom": [
        {
          "system": "url",
          "value": "http://hl7.it"
        }
      ]
    }
  ],
  "description": "Vaccine List (COVID-19) from [ICD 11]",
  "jurisdiction": [
    {
      "coding": [
        {
          "system": "urn:iso:std:iso:3166",
          "code": "IT"
        }
      ]
    }
  ],
  "compose": {
    "include": [
      {
        "system": "http://id.who.int/icd11/mms",
        "concept": [
          {
            "code": "XM1NL1",
            "display": "COVID-19 vaccine, inactivated virus"
          },
          {
            "code": "XM5DF6",
            "display": "COVID-19 vaccine, live attenuated virus"
          },
          {
            "code": "XM6AT1",
            "display": "COVID-19 vaccine, DNA based"
          },
          {
            "code": "XM9QW8",
            "display": "COVID-19 vaccine, non-replicating viral vector"
          },
          {
            "code": "XM0CX4",
            "display": "COVID-19 vaccine, replicating viral vector"
          },
          {
            "code": "XM5JC5",
            "display": "COVID-19 vaccine, virus protein subunit"
          },
          {
            "code": "XM1J92",
            "display": "COVID-19 vaccine, virus like particle (VLP)"
          }
        ]
      }
    ]
  }
}