{
  "resourceType": "ValueSet",
  "id": "covid-19-diseases",
  "text": {
    "status": "generated",
    "div": "<div xmlns=\"http://www.w3.org/1999/xhtml\"><ul><li>Include these codes as defined in <a href=\"http://www.snomed.org/\"><code>http://snomed.info/sct</code></a><table class=\"none\"><tr><td style=\"white-space:nowrap\"><b>Code</b></td><td><b>Display</b></td></tr><tr><td><a href=\"http://browser.ihtsdotools.org/?perspective=full&amp;conceptId1=840539006\">840539006</a></td><td>COVID-19</td></tr></table></li></ul></div>"
  },
  "url": "http://hl7.it/fhir/dgc/ValueSet/covid-19-diseases",
  "version": "0.1.1",
  "name": "Covid19Diseases",
  "title": "COVID-19 Diseases",
  "status": "draft",
  "date": "2021-05-02T16:08:48+00:00",
  "publisher": "HL7 Italia",
  "contact": [
    {
      "telecom": [
        {
          "system": "url",
          "value": "http://hl7.it"
        }
      ]
    }
  ],
  "description": "COVID-19 Diseases",
  "jurisdiction": [
    {
      "coding": [
        {
          "system": "urn:iso:std:iso:3166",
          "code": "IT"
        }
      ]
    }
  ],
  "compose": {
    "include": [
      {
        "system": "http://snomed.info/sct",
        "concept": [
          {
            "code": "840539006",
            "display": "COVID-19"
          }
        ]
      }
    ]
  }
}