{
  "resourceType": "ValueSet",
  "id": "vaccines-covid-19-auth-holders",
  "text": {
    "status": "generated",
    "div": "<div xmlns=\"http://www.w3.org/1999/xhtml\"><ul><li>Include these codes as defined in <code>https://spor.ema.europa.eu/v1/organisations</code><table class=\"none\"><tr><td style=\"white-space:nowrap\"><b>Code</b></td><td><b>Display</b></td></tr><tr><td>ORG-100001699</td><td>AstraZeneca AB</td></tr><tr><td>ORG-100030215</td><td>Biontech Manufacturing GmbH</td></tr><tr><td>ORG-100001417</td><td>Janssen-Cilag International</td></tr><tr><td>ORG-100031184</td><td>Moderna Biotech Spain S.L.</td></tr><tr><td>ORG-100006270</td><td>Curevac AG</td></tr><tr><td>ORG-100013793</td><td>CanSino Biologics</td></tr><tr><td>ORG-100020693</td><td>China Sinopharm International Corp. - Beijing location</td></tr><tr><td>ORG-100010771</td><td>Sinopharm Weiqida Europe Pharmaceutical s.r.o. - Prague location</td></tr><tr><td>ORG-100024420</td><td>Sinopharm Zhijun (Shenzhen) Pharmaceutical Co. Ltd. - Shenzhen location</td></tr><tr><td>ORG-100032020</td><td>Novavax CZ AS</td></tr></table></li></ul></div>"
  },
  "url": "http://hl7.it/fhir/dgc/ValueSet/vaccines-covid-19-auth-holders",
  "version": "0.1.1",
  "name": "Covid19VaccineAuthHolders",
  "title": "Vaccine marketing authorization holder or Vaccine manufacturer (COVID-19)",
  "status": "draft",
  "date": "2021-05-01T22:01:09+00:00",
  "publisher": "HL7 Italia",
  "contact": [
    {
      "telecom": [
        {
          "system": "url",
          "value": "http://hl7.it"
        }
      ]
    }
  ],
  "description": "Vaccine marketing authorization holder or Vaccine manufacturer (COVID-19)",
  "jurisdiction": [
    {
      "coding": [
        {
          "system": "urn:iso:std:iso:3166",
          "code": "IT"
        }
      ]
    }
  ],
  "compose": {
    "include": [
      {
        "system": "https://spor.ema.europa.eu/v1/organisations",
        "concept": [
          {
            "code": "ORG-100001699",
            "display": "AstraZeneca AB"
          },
          {
            "code": "ORG-100030215",
            "display": "Biontech Manufacturing GmbH"
          },
          {
            "code": "ORG-100001417",
            "display": "Janssen-Cilag International"
          },
          {
            "code": "ORG-100031184",
            "display": "Moderna Biotech Spain S.L."
          },
          {
            "code": "ORG-100006270",
            "display": "Curevac AG"
          },
          {
            "code": "ORG-100013793",
            "display": "CanSino Biologics"
          },
          {
            "code": "ORG-100020693",
            "display": "China Sinopharm International Corp. - Beijing location"
          },
          {
            "code": "ORG-100010771",
            "display": "Sinopharm Weiqida Europe Pharmaceutical s.r.o. - Prague location"
          },
          {
            "code": "ORG-100024420",
            "display": "Sinopharm Zhijun (Shenzhen) Pharmaceutical Co. Ltd. - Shenzhen location"
          },
          {
            "code": "ORG-100032020",
            "display": "Novavax CZ AS"
          }
        ]
      }
    ]
  }
}